[0.000000] (-) TimerEvent: {}
[0.000416] (-) JobUnselected: {'identifier': 'fields2cover'}
[0.000471] (-) JobUnselected: {'identifier': 'higher_layer_mvibot'}
[0.000497] (-) JobUnselected: {'identifier': 'ira_laser_tools'}
[0.000525] (-) JobUnselected: {'identifier': 'lower_layer_mvibot'}
[0.000545] (-) JobUnselected: {'identifier': 'opennav_coverage'}
[0.000571] (-) JobUnselected: {'identifier': 'opennav_coverage_bt'}
[0.000601] (-) JobUnselected: {'identifier': 'opennav_coverage_demo'}
[0.000620] (-) JobUnselected: {'identifier': 'opennav_coverage_msgs'}
[0.000639] (-) JobUnselected: {'identifier': 'opennav_coverage_navigator'}
[0.000656] (-) JobUnselected: {'identifier': 'opennav_row_coverage'}
[0.000675] (-) JobUnselected: {'identifier': 'pointcloud_to_laserscan'}
[0.000695] (-) JobUnselected: {'identifier': 'realsense2_camera'}
[0.000712] (-) JobUnselected: {'identifier': 'realsense2_camera_msgs'}
[0.000734] (-) JobUnselected: {'identifier': 'realsense2_description'}
[0.000750] (-) JobUnselected: {'identifier': 'sllidar_ros2'}
[0.000768] (-) JobUnselected: {'identifier': 'tf2_web_republisher'}
[0.000784] (-) JobUnselected: {'identifier': 'tf2_web_republisher_interfaces'}
[0.000803] (mission_layer_mvibot) JobQueued: {'identifier': 'mission_layer_mvibot', 'dependencies': OrderedDict({'opennav_coverage_msgs': '/home/mvibot/floorCleaningRobot_ws/install/opennav_coverage_msgs'})}
[0.000828] (mission_layer_mvibot) JobStarted: {'identifier': 'mission_layer_mvibot'}
[0.012623] (mission_layer_mvibot) JobProgress: {'identifier': 'mission_layer_mvibot', 'progress': 'cmake'}
[0.013559] (mission_layer_mvibot) JobProgress: {'identifier': 'mission_layer_mvibot', 'progress': 'build'}
[0.016557] (mission_layer_mvibot) Command: {'cmd': ['/usr/bin/cmake', '--build', '/home/mvibot/floorCleaningRobot_ws/build/mission_layer_mvibot', '--', '-j16', '-l16'], 'cwd': '/home/mvibot/floorCleaningRobot_ws/build/mission_layer_mvibot', 'env': OrderedDict({'LESSOPEN': '| /usr/bin/lesspipe %s', 'USER': 'mvibot', 'LC_TIME': 'vi_VN', 'GZ_CONFIG_PATH': '/opt/ros/jazzy/opt/gz_sim_vendor/share/gz:/opt/ros/jazzy/opt/sdformat_vendor/share/gz:/opt/ros/jazzy/opt/gz_gui_vendor/share/gz:/opt/ros/jazzy/opt/gz_transport_vendor/share/gz:/opt/ros/jazzy/opt/gz_rendering_vendor/share/gz:/opt/ros/jazzy/opt/gz_plugin_vendor/share/gz:/opt/ros/jazzy/opt/gz_fuel_tools_vendor/share/gz:/opt/ros/jazzy/opt/gz_msgs_vendor/share/gz:/opt/ros/jazzy/opt/gz_common_vendor/share/gz', 'XDG_SESSION_TYPE': 'wayland', 'CLUTTER_DISABLE_MIPMAPPED_TEXT': '1', 'SHLVL': '1', 'LD_LIBRARY_PATH': '/home/mvibot/floorCleaningRobot_ws/install/opennav_coverage_msgs/lib:/home/mvibot/floorCleaningRobot_ws/install/tf2_web_republisher/lib:/home/mvibot/floorCleaningRobot_ws/install/tf2_web_republisher_interfaces/lib:/home/mvibot/floorCleaningRobot_ws/install/realsense2_camera/lib:/home/mvibot/floorCleaningRobot_ws/install/realsense2_camera_msgs/lib:/home/mvibot/floorCleaningRobot_ws/install/pointcloud_to_laserscan/lib:/home/mvibot/floorCleaningRobot_ws/install/opennav_row_coverage/lib:/home/mvibot/floorCleaningRobot_ws/install/opennav_coverage_navigator/lib:/home/mvibot/floorCleaningRobot_ws/install/opennav_coverage_bt/lib:/home/mvibot/floorCleaningRobot_ws/install/opennav_coverage/lib:/home/mvibot/floorCleaningRobot_ws/install/fields2cover/lib:/opt/ros/jazzy/opt/gz_sim_vendor/lib:/opt/ros/jazzy/opt/gz_sensors_vendor/lib:/opt/ros/jazzy/opt/gz_physics_vendor/lib:/opt/ros/jazzy/opt/sdformat_vendor/lib:/opt/ros/jazzy/opt/rviz_ogre_vendor/lib:/opt/ros/jazzy/lib/x86_64-linux-gnu:/opt/ros/jazzy/opt/ortools_vendor/lib:/opt/ros/jazzy/opt/gz_gui_vendor/lib:/opt/ros/jazzy/opt/gz_transport_vendor/lib:/opt/ros/jazzy/opt/gz_rendering_vendor/lib:/opt/ros/jazzy/opt/gz_plugin_vendor/lib:/opt/ros/jazzy/opt/gz_fuel_tools_vendor/lib:/opt/ros/jazzy/opt/gz_msgs_vendor/lib:/opt/ros/jazzy/opt/gz_common_vendor/lib:/opt/ros/jazzy/opt/gz_math_vendor/lib:/opt/ros/jazzy/opt/gz_utils_vendor/lib:/opt/ros/jazzy/opt/gz_tools_vendor/lib:/opt/ros/jazzy/opt/gz_ogre_next_vendor/lib:/opt/ros/jazzy/opt/gz_dartsim_vendor/lib:/opt/ros/jazzy/opt/gz_cmake_vendor/lib:/opt/ros/jazzy/lib', 'HOME': '/home/mvibot', 'DESKTOP_SESSION': 'ubuntu', 'ROS_PYTHON_VERSION': '3', 'GNOME_SHELL_SESSION_MODE': 'ubuntu', 'GTK_MODULES': 'gail:atk-bridge', 'LC_MONETARY': 'vi_VN', 'SYSTEMD_EXEC_PID': '2889', 'GSM_SKIP_SSH_AGENT_WORKAROUND': 'true', 'DBUS_SESSION_BUS_ADDRESS': 'unix:path=/run/user/1001/bus', 'COLORTERM': 'truecolor', 'DEBUGINFOD_URLS': 'https://debuginfod.ubuntu.com', 'IM_CONFIG_PHASE': '1', 'WAYLAND_DISPLAY': 'wayland-0', 'COLCON_PREFIX_PATH': '/home/mvibot/floorCleaningRobot_ws/install', 'ROS_DISTRO': 'jazzy', 'LOGNAME': 'mvibot', '_': '/usr/bin/colcon', 'ROS_VERSION': '2', 'PKG_CONFIG_PATH': '/home/mvibot/floorCleaningRobot_ws/install/fields2cover/lib/x86_64-linux-gnu/pkgconfig:/home/mvibot/floorCleaningRobot_ws/install/fields2cover/lib/pkgconfig', 'MEMORY_PRESSURE_WATCH': '/sys/fs/cgroup/user.slice/user-1001.slice/user@1001.service/session.slice/org.gnome.Shell@wayland.service/memory.pressure', 'XDG_SESSION_CLASS': 'user', 'USERNAME': 'mvibot', 'TERM': 'xterm-256color', 'GNOME_DESKTOP_SESSION_ID': 'this-is-deprecated', 'PATH': '/opt/ros/jazzy/opt/ortools_vendor/bin:/opt/ros/jazzy/opt/gz_msgs_vendor/bin:/opt/ros/jazzy/opt/gz_tools_vendor/bin:/opt/ros/jazzy/opt/gz_ogre_next_vendor/bin:/opt/ros/jazzy/bin:/usr/local/sbin:/usr/local/bin:/usr/sbin:/usr/bin:/sbin:/bin:/usr/games:/usr/local/games:/snap/bin:/snap/bin', 'SESSION_MANAGER': 'local/king-mvibot:@/tmp/.ICE-unix/2852,unix/king-mvibot:/tmp/.ICE-unix/2852', 'XDG_MENU_PREFIX': 'gnome-', 'LC_ADDRESS': 'vi_VN', 'GNOME_TERMINAL_SCREEN': '/org/gnome/Terminal/screen/dd5d5332_6ec0_49af_b88d_2691b00e59db', 'GNOME_SETUP_DISPLAY': ':1', 'XDG_RUNTIME_DIR': '/run/user/1001', 'DISPLAY': ':0', 'LANG': 'en_US.UTF-8', 'XDG_CURRENT_DESKTOP': 'ubuntu:GNOME', 'LC_TELEPHONE': 'vi_VN', 'RMW_IMPLEMENTATION': 'rmw_fastrtps_cpp', 'XMODIFIERS': '@im=ibus', 'XDG_SESSION_DESKTOP': 'ubuntu', 'XAUTHORITY': '/run/user/1001/.mutter-Xwaylandauth.8T3CG3', 'LS_COLORS': 'rs=0:di=01;34:ln=01;36:mh=00:pi=40;33:so=01;35:do=01;35:bd=40;33;01:cd=40;33;01:or=40;31;01:mi=00:su=37;41:sg=30;43:ca=00:tw=30;42:ow=34;42:st=37;44:ex=01;32:*.tar=01;31:*.tgz=01;31:*.arc=01;31:*.arj=01;31:*.taz=01;31:*.lha=01;31:*.lz4=01;31:*.lzh=01;31:*.lzma=01;31:*.tlz=01;31:*.txz=01;31:*.tzo=01;31:*.t7z=01;31:*.zip=01;31:*.z=01;31:*.dz=01;31:*.gz=01;31:*.lrz=01;31:*.lz=01;31:*.lzo=01;31:*.xz=01;31:*.zst=01;31:*.tzst=01;31:*.bz2=01;31:*.bz=01;31:*.tbz=01;31:*.tbz2=01;31:*.tz=01;31:*.deb=01;31:*.rpm=01;31:*.jar=01;31:*.war=01;31:*.ear=01;31:*.sar=01;31:*.rar=01;31:*.alz=01;31:*.ace=01;31:*.zoo=01;31:*.cpio=01;31:*.7z=01;31:*.rz=01;31:*.cab=01;31:*.wim=01;31:*.swm=01;31:*.dwm=01;31:*.esd=01;31:*.avif=01;35:*.jpg=01;35:*.jpeg=01;35:*.mjpg=01;35:*.mjpeg=01;35:*.gif=01;35:*.bmp=01;35:*.pbm=01;35:*.pgm=01;35:*.ppm=01;35:*.tga=01;35:*.xbm=01;35:*.xpm=01;35:*.tif=01;35:*.tiff=01;35:*.png=01;35:*.svg=01;35:*.svgz=01;35:*.mng=01;35:*.pcx=01;35:*.mov=01;35:*.mpg=01;35:*.mpeg=01;35:*.m2v=01;35:*.mkv=01;35:*.webm=01;35:*.webp=01;35:*.ogm=01;35:*.mp4=01;35:*.m4v=01;35:*.mp4v=01;35:*.vob=01;35:*.qt=01;35:*.nuv=01;35:*.wmv=01;35:*.asf=01;35:*.rm=01;35:*.rmvb=01;35:*.flc=01;35:*.avi=01;35:*.fli=01;35:*.flv=01;35:*.gl=01;35:*.dl=01;35:*.xcf=01;35:*.xwd=01;35:*.yuv=01;35:*.cgm=01;35:*.emf=01;35:*.ogv=01;35:*.ogx=01;35:*.aac=00;36:*.au=00;36:*.flac=00;36:*.m4a=00;36:*.mid=00;36:*.midi=00;36:*.mka=00;36:*.mp3=00;36:*.mpc=00;36:*.ogg=00;36:*.ra=00;36:*.wav=00;36:*.oga=00;36:*.opus=00;36:*.spx=00;36:*.xspf=00;36:*~=00;90:*#=00;90:*.bak=00;90:*.crdownload=00;90:*.dpkg-dist=00;90:*.dpkg-new=00;90:*.dpkg-old=00;90:*.dpkg-tmp=00;90:*.old=00;90:*.orig=00;90:*.part=00;90:*.rej=00;90:*.rpmnew=00;90:*.rpmorig=00;90:*.rpmsave=00;90:*.swp=00;90:*.tmp=00;90:*.ucf-dist=00;90:*.ucf-new=00;90:*.ucf-old=00;90:', 'GNOME_TERMINAL_SERVICE': ':1.133', 'SSH_AUTH_SOCK': '/run/user/1001/keyring/ssh', 'ROS_DOMAIN_ID': '11', 'AMENT_PREFIX_PATH': '/home/mvibot/floorCleaningRobot_ws/install/tf2_web_republisher:/home/mvibot/floorCleaningRobot_ws/install/tf2_web_republisher_interfaces:/home/mvibot/floorCleaningRobot_ws/install/sllidar_ros2:/home/mvibot/floorCleaningRobot_ws/install/realsense2_description:/home/mvibot/floorCleaningRobot_ws/install/realsense2_camera:/home/mvibot/floorCleaningRobot_ws/install/realsense2_camera_msgs:/home/mvibot/floorCleaningRobot_ws/install/pointcloud_to_laserscan:/home/mvibot/floorCleaningRobot_ws/install/opennav_coverage_demo:/home/mvibot/floorCleaningRobot_ws/install/opennav_row_coverage:/home/mvibot/floorCleaningRobot_ws/install/opennav_coverage_navigator:/home/mvibot/floorCleaningRobot_ws/install/opennav_coverage_bt:/home/mvibot/floorCleaningRobot_ws/install/opennav_coverage:/home/mvibot/floorCleaningRobot_ws/install/mission_layer_mvibot:/home/mvibot/floorCleaningRobot_ws/install/opennav_coverage_msgs:/home/mvibot/floorCleaningRobot_ws/install/lower_layer_mvibot:/home/mvibot/floorCleaningRobot_ws/install/ira_laser_tools:/home/mvibot/floorCleaningRobot_ws/install/higher_layer_mvibot:/opt/ros/jazzy', 'SHELL': '/bin/bash', 'LC_NAME': 'vi_VN', 'QT_ACCESSIBILITY': '1', 'GDMSESSION': 'ubuntu', 'LESSCLOSE': '/usr/bin/lesspipe %s %s', 'LC_MEASUREMENT': 'vi_VN', 'LC_IDENTIFICATION': 'vi_VN', 'ROS_AUTOMATIC_DISCOVERY_RANGE': 'SUBNET', 'QT_IM_MODULE': 'ibus', 'PWD': '/home/mvibot/floorCleaningRobot_ws/build/mission_layer_mvibot', 'LC_ALL': 'en_US.UTF-8', 'XDG_CONFIG_DIRS': '/etc/xdg/xdg-ubuntu:/etc/xdg', 'XDG_DATA_DIRS': '/usr/share/ubuntu:/usr/share/gnome:/usr/local/share/:/usr/share/:/var/lib/snapd/desktop', 'PYTHONPATH': '/home/mvibot/floorCleaningRobot_ws/install/opennav_coverage_msgs/lib/python3.12/site-packages:/home/mvibot/floorCleaningRobot_ws/install/tf2_web_republisher_interfaces/lib/python3.12/site-packages:/home/mvibot/floorCleaningRobot_ws/install/realsense2_camera_msgs/lib/python3.12/site-packages:/home/mvibot/floorCleaningRobot_ws/build/opennav_coverage_demo:/home/mvibot/floorCleaningRobot_ws/install/opennav_coverage_demo/lib/python3.12/site-packages:/opt/ros/jazzy/lib/python3.12/site-packages', 'LC_NUMERIC': 'vi_VN', 'LC_PAPER': 'vi_VN', 'COLCON': '1', 'MEMORY_PRESSURE_WRITE': 'c29tZSAyMDAwMDAgMjAwMDAwMAA=', 'VTE_VERSION': '7600', 'CMAKE_PREFIX_PATH': '/home/mvibot/floorCleaningRobot_ws/install/opennav_coverage_msgs:/home/mvibot/floorCleaningRobot_ws/install/tf2_web_republisher:/home/mvibot/floorCleaningRobot_ws/install/tf2_web_republisher_interfaces:/home/mvibot/floorCleaningRobot_ws/install/sllidar_ros2:/home/mvibot/floorCleaningRobot_ws/install/realsense2_description:/home/mvibot/floorCleaningRobot_ws/install/realsense2_camera:/home/mvibot/floorCleaningRobot_ws/install/realsense2_camera_msgs:/home/mvibot/floorCleaningRobot_ws/install/pointcloud_to_laserscan:/home/mvibot/floorCleaningRobot_ws/install/opennav_row_coverage:/home/mvibot/floorCleaningRobot_ws/install/opennav_coverage_navigator:/home/mvibot/floorCleaningRobot_ws/install/opennav_coverage_bt:/home/mvibot/floorCleaningRobot_ws/install/opennav_coverage:/home/mvibot/floorCleaningRobot_ws/install/mission_layer_mvibot:/home/mvibot/floorCleaningRobot_ws/install/lower_layer_mvibot:/home/mvibot/floorCleaningRobot_ws/install/ira_laser_tools:/home/mvibot/floorCleaningRobot_ws/install/higher_layer_mvibot:/home/mvibot/floorCleaningRobot_ws/install/fields2cover:/opt/ros/jazzy/opt/gz_sim_vendor:/opt/ros/jazzy/opt/gz_sensors_vendor:/opt/ros/jazzy/opt/gz_physics_vendor:/opt/ros/jazzy/opt/sdformat_vendor:/opt/ros/jazzy/opt/gz_gui_vendor:/opt/ros/jazzy/opt/gz_transport_vendor:/opt/ros/jazzy/opt/gz_rendering_vendor:/opt/ros/jazzy/opt/gz_plugin_vendor:/opt/ros/jazzy/opt/gz_fuel_tools_vendor:/opt/ros/jazzy/opt/gz_msgs_vendor:/opt/ros/jazzy/opt/gz_common_vendor:/opt/ros/jazzy/opt/gz_math_vendor:/opt/ros/jazzy/opt/gz_utils_vendor:/opt/ros/jazzy/opt/gz_tools_vendor:/opt/ros/jazzy/opt/gz_ogre_next_vendor:/opt/ros/jazzy/opt/gz_dartsim_vendor:/opt/ros/jazzy/opt/gz_cmake_vendor:/home/mvibot/floorCleaningRobot_ws/install/opennav_coverage_demo:/opt/ros/jazzy'}), 'shell': False}
[0.099744] (-) TimerEvent: {}
[0.108907] (mission_layer_mvibot) StdoutLine: {'line': b'[ 50%] \x1b[32mBuilding CXX object CMakeFiles/mvibot_mission.dir/src/mvibot_mission.cpp.o\x1b[0m\n'}
[0.199843] (-) TimerEvent: {}
[0.300156] (-) TimerEvent: {}
[0.400441] (-) TimerEvent: {}
[0.500779] (-) TimerEvent: {}
[0.601001] (-) TimerEvent: {}
[0.701253] (-) TimerEvent: {}
[0.801479] (-) TimerEvent: {}
[0.901762] (-) TimerEvent: {}
[1.001984] (-) TimerEvent: {}
[1.102177] (-) TimerEvent: {}
[1.202428] (-) TimerEvent: {}
[1.302653] (-) TimerEvent: {}
[1.402901] (-) TimerEvent: {}
[1.503118] (-) TimerEvent: {}
[1.603341] (-) TimerEvent: {}
[1.703590] (-) TimerEvent: {}
[1.803798] (-) TimerEvent: {}
[1.904026] (-) TimerEvent: {}
[2.004233] (-) TimerEvent: {}
[2.104421] (-) TimerEvent: {}
[2.204647] (-) TimerEvent: {}
[2.304856] (-) TimerEvent: {}
[2.405095] (-) TimerEvent: {}
[2.505340] (-) TimerEvent: {}
[2.605537] (-) TimerEvent: {}
[2.705800] (-) TimerEvent: {}
[2.806031] (-) TimerEvent: {}
[2.906256] (-) TimerEvent: {}
[3.006474] (-) TimerEvent: {}
[3.106722] (-) TimerEvent: {}
[3.206946] (-) TimerEvent: {}
[3.307160] (-) TimerEvent: {}
[3.407361] (-) TimerEvent: {}
[3.507599] (-) TimerEvent: {}
[3.607842] (-) TimerEvent: {}
[3.708085] (-) TimerEvent: {}
[3.808285] (-) TimerEvent: {}
[3.908526] (-) TimerEvent: {}
[4.008789] (-) TimerEvent: {}
[4.109089] (-) TimerEvent: {}
[4.209342] (-) TimerEvent: {}
[4.309587] (-) TimerEvent: {}
[4.409813] (-) TimerEvent: {}
[4.510015] (-) TimerEvent: {}
[4.610265] (-) TimerEvent: {}
[4.710503] (-) TimerEvent: {}
[4.810724] (-) TimerEvent: {}
[4.910906] (-) TimerEvent: {}
[5.011103] (-) TimerEvent: {}
[5.111277] (-) TimerEvent: {}
[5.211458] (-) TimerEvent: {}
[5.311662] (-) TimerEvent: {}
[5.411867] (-) TimerEvent: {}
[5.512054] (-) TimerEvent: {}
[5.612266] (-) TimerEvent: {}
[5.712448] (-) TimerEvent: {}
[5.812643] (-) TimerEvent: {}
[5.912819] (-) TimerEvent: {}
[6.013033] (-) TimerEvent: {}
[6.113250] (-) TimerEvent: {}
[6.213444] (-) TimerEvent: {}
[6.313645] (-) TimerEvent: {}
[6.413860] (-) TimerEvent: {}
[6.514032] (-) TimerEvent: {}
[6.565829] (mission_layer_mvibot) StderrLine: {'line': b'In file included from \x1b[01m\x1b[K/home/mvibot/floorCleaningRobot_ws/src/mission_layer_mvibot/src/mvibot_mission.cpp:3\x1b[m\x1b[K:\n'}
[6.566040] (mission_layer_mvibot) StderrLine: {'line': b'\x1b[01m\x1b[K/home/mvibot/floorCleaningRobot_ws/src/mission_layer_mvibot/src/../include/mission_layer_mvibot/mvibot_mission/manage_mission.h:\x1b[m\x1b[K In lambda function:\n'}
[6.566141] (mission_layer_mvibot) StderrLine: {'line': b'\x1b[01m\x1b[K/home/mvibot/floorCleaningRobot_ws/src/mission_layer_mvibot/src/../include/mission_layer_mvibot/mvibot_mission/manage_mission.h:356:30:\x1b[m\x1b[K \x1b[01;35m\x1b[Kwarning: \x1b[m\x1b[Kcomparison of integer expressions of different signedness: \xe2\x80\x98\x1b[01m\x1b[Kint\x1b[m\x1b[K\xe2\x80\x99 and \xe2\x80\x98\x1b[01m\x1b[Kstd::vector<std::__cxx11::basic_string<char>, std::allocator<std::__cxx11::basic_string<char> > >::size_type\x1b[m\x1b[K\xe2\x80\x99 {aka \xe2\x80\x98\x1b[01m\x1b[Klong unsigned int\x1b[m\x1b[K\xe2\x80\x99} [\x1b[01;35m\x1b[K\x1b]8;;https://gcc.gnu.org/onlinedocs/gcc/Warning-Options.html#index-Wsign-compare\x07-Wsign-compare\x1b]8;;\x07\x1b[m\x1b[K]\n'}
[6.566241] (mission_layer_mvibot) StderrLine: {'line': b'  356 |                 for(int i=0;\x1b[01;35m\x1b[Ki<data.data1.size()\x1b[m\x1b[K;i++){\n'}
[6.566322] (mission_layer_mvibot) StderrLine: {'line': b'      |                             \x1b[01;35m\x1b[K~^~~~~~~~~~~~~~~~~~\x1b[m\x1b[K\n'}
[6.567129] (mission_layer_mvibot) StderrLine: {'line': b'\x1b[01m\x1b[K/home/mvibot/floorCleaningRobot_ws/src/mission_layer_mvibot/src/../include/mission_layer_mvibot/mvibot_mission/manage_mission.h:352:28:\x1b[m\x1b[K \x1b[01;35m\x1b[Kwarning: \x1b[m\x1b[Kvariable \xe2\x80\x98\x1b[01m\x1b[Kis_ready\x1b[m\x1b[K\xe2\x80\x99 set but not used [\x1b[01;35m\x1b[K\x1b]8;;https://gcc.gnu.org/onlinedocs/gcc/Warning-Options.html#index-Wunused-but-set-variable\x07-Wunused-but-set-variable\x1b]8;;\x07\x1b[m\x1b[K]\n'}
[6.567315] (mission_layer_mvibot) StderrLine: {'line': b'  352 |                 static int \x1b[01;35m\x1b[Kis_ready\x1b[m\x1b[K;\n'}
[6.567404] (mission_layer_mvibot) StderrLine: {'line': b'      |                            \x1b[01;35m\x1b[K^~~~~~~~\x1b[m\x1b[K\n'}
[6.567586] (mission_layer_mvibot) StderrLine: {'line': b'\x1b[01m\x1b[K/home/mvibot/floorCleaningRobot_ws/src/mission_layer_mvibot/src/../include/mission_layer_mvibot/mvibot_mission/manage_mission.h:353:36:\x1b[m\x1b[K \x1b[01;35m\x1b[Kwarning: \x1b[m\x1b[Kunused variable \xe2\x80\x98\x1b[01m\x1b[Klive_f\x1b[m\x1b[K\xe2\x80\x99 [\x1b[01;35m\x1b[K\x1b]8;;https://gcc.gnu.org/onlinedocs/gcc/Warning-Options.html#index-Wunused-variable\x07-Wunused-variable\x1b]8;;\x07\x1b[m\x1b[K]\n'}
[6.567675] (mission_layer_mvibot) StderrLine: {'line': b'  353 |                 static int live=-1,\x1b[01;35m\x1b[Klive_f\x1b[m\x1b[K=-1,brake=-1,brake_f=-1,enable=-1,enable_f=-1,error=-1,error_f=-1;\n'}
[6.567756] (mission_layer_mvibot) StderrLine: {'line': b'      |                                    \x1b[01;35m\x1b[K^~~~~~\x1b[m\x1b[K\n'}
[6.567833] (mission_layer_mvibot) StderrLine: {'line': b'\x1b[01m\x1b[K/home/mvibot/floorCleaningRobot_ws/src/mission_layer_mvibot/src/../include/mission_layer_mvibot/mvibot_mission/manage_mission.h:353:55:\x1b[m\x1b[K \x1b[01;35m\x1b[Kwarning: \x1b[m\x1b[Kunused variable \xe2\x80\x98\x1b[01m\x1b[Kbrake_f\x1b[m\x1b[K\xe2\x80\x99 [\x1b[01;35m\x1b[K\x1b]8;;https://gcc.gnu.org/onlinedocs/gcc/Warning-Options.html#index-Wunused-variable\x07-Wunused-variable\x1b]8;;\x07\x1b[m\x1b[K]\n'}
[6.567911] (mission_layer_mvibot) StderrLine: {'line': b'  353 |                 static int live=-1,live_f=-1,brake=-1,\x1b[01;35m\x1b[Kbrake_f\x1b[m\x1b[K=-1,enable=-1,enable_f=-1,error=-1,error_f=-1;\n'}
[6.567984] (mission_layer_mvibot) StderrLine: {'line': b'      |                                                       \x1b[01;35m\x1b[K^~~~~~~\x1b[m\x1b[K\n'}
[6.568066] (mission_layer_mvibot) StderrLine: {'line': b'\x1b[01m\x1b[K/home/mvibot/floorCleaningRobot_ws/src/mission_layer_mvibot/src/../include/mission_layer_mvibot/mvibot_mission/manage_mission.h:353:76:\x1b[m\x1b[K \x1b[01;35m\x1b[Kwarning: \x1b[m\x1b[Kunused variable \xe2\x80\x98\x1b[01m\x1b[Kenable_f\x1b[m\x1b[K\xe2\x80\x99 [\x1b[01;35m\x1b[K\x1b]8;;https://gcc.gnu.org/onlinedocs/gcc/Warning-Options.html#index-Wunused-variable\x07-Wunused-variable\x1b]8;;\x07\x1b[m\x1b[K]\n'}
[6.568220] (mission_layer_mvibot) StderrLine: {'line': b'  353 |                 static int live=-1,live_f=-1,brake=-1,brake_f=-1,enable=-1,\x1b[01;35m\x1b[Kenable_f\x1b[m\x1b[K=-1,error=-1,error_f=-1;\n'}
[6.568309] (mission_layer_mvibot) StderrLine: {'line': b'      |                                                                            \x1b[01;35m\x1b[K^~~~~~~~\x1b[m\x1b[K\n'}
[6.568399] (mission_layer_mvibot) StderrLine: {'line': b'\x1b[01m\x1b[K/home/mvibot/floorCleaningRobot_ws/src/mission_layer_mvibot/src/../include/mission_layer_mvibot/mvibot_mission/manage_mission.h:353:88:\x1b[m\x1b[K \x1b[01;35m\x1b[Kwarning: \x1b[m\x1b[Kvariable \xe2\x80\x98\x1b[01m\x1b[Kerror\x1b[m\x1b[K\xe2\x80\x99 set but not used [\x1b[01;35m\x1b[K\x1b]8;;https://gcc.gnu.org/onlinedocs/gcc/Warning-Options.html#index-Wunused-but-set-variable\x07-Wunused-but-set-variable\x1b]8;;\x07\x1b[m\x1b[K]\n'}
[6.568473] (mission_layer_mvibot) StderrLine: {'line': b'  353 |                 static int live=-1,live_f=-1,brake=-1,brake_f=-1,enable=-1,enable_f=-1,\x1b[01;35m\x1b[Kerror\x1b[m\x1b[K=-1,error_f=-1;\n'}
[6.568542] (mission_layer_mvibot) StderrLine: {'line': b'      |                                                                                        \x1b[01;35m\x1b[K^~~~~\x1b[m\x1b[K\n'}
[6.568618] (mission_layer_mvibot) StderrLine: {'line': b'\x1b[01m\x1b[K/home/mvibot/floorCleaningRobot_ws/src/mission_layer_mvibot/src/../include/mission_layer_mvibot/mvibot_mission/manage_mission.h:353:97:\x1b[m\x1b[K \x1b[01;35m\x1b[Kwarning: \x1b[m\x1b[Kunused variable \xe2\x80\x98\x1b[01m\x1b[Kerror_f\x1b[m\x1b[K\xe2\x80\x99 [\x1b[01;35m\x1b[K\x1b]8;;https://gcc.gnu.org/onlinedocs/gcc/Warning-Options.html#index-Wunused-variable\x07-Wunused-variable\x1b]8;;\x07\x1b[m\x1b[K]\n'}
[6.568699] (mission_layer_mvibot) StderrLine: {'line': b'  353 |                 static int live=-1,live_f=-1,brake=-1,brake_f=-1,enable=-1,enable_f=-1,error=-1,\x1b[01;35m\x1b[Kerror_f\x1b[m\x1b[K=-1;\n'}
[6.568769] (mission_layer_mvibot) StderrLine: {'line': b'      |                                                                                                 \x1b[01;35m\x1b[K^~~~~~~\x1b[m\x1b[K\n'}
[6.568833] (mission_layer_mvibot) StderrLine: {'line': b'\x1b[01m\x1b[K/home/mvibot/floorCleaningRobot_ws/src/mission_layer_mvibot/src/../include/mission_layer_mvibot/mvibot_mission/manage_mission.h:\x1b[m\x1b[K In lambda function:\n'}
[6.568897] (mission_layer_mvibot) StderrLine: {'line': b'\x1b[01m\x1b[K/home/mvibot/floorCleaningRobot_ws/src/mission_layer_mvibot/src/../include/mission_layer_mvibot/mvibot_mission/manage_mission.h:386:30:\x1b[m\x1b[K \x1b[01;35m\x1b[Kwarning: \x1b[m\x1b[Kcomparison of integer expressions of different signedness: \xe2\x80\x98\x1b[01m\x1b[Kint\x1b[m\x1b[K\xe2\x80\x99 and \xe2\x80\x98\x1b[01m\x1b[Kstd::vector<std::__cxx11::basic_string<char>, std::allocator<std::__cxx11::basic_string<char> > >::size_type\x1b[m\x1b[K\xe2\x80\x99 {aka \xe2\x80\x98\x1b[01m\x1b[Klong unsigned int\x1b[m\x1b[K\xe2\x80\x99} [\x1b[01;35m\x1b[K\x1b]8;;https://gcc.gnu.org/onlinedocs/gcc/Warning-Options.html#index-Wsign-compare\x07-Wsign-compare\x1b]8;;\x07\x1b[m\x1b[K]\n'}
[6.568965] (mission_layer_mvibot) StderrLine: {'line': b'  386 |                 for(int i=0;\x1b[01;35m\x1b[Ki<data.data1.size()\x1b[m\x1b[K;i++){\n'}
[6.569027] (mission_layer_mvibot) StderrLine: {'line': b'      |                             \x1b[01;35m\x1b[K~^~~~~~~~~~~~~~~~~~\x1b[m\x1b[K\n'}
[6.569186] (mission_layer_mvibot) StderrLine: {'line': b'\x1b[01m\x1b[K/home/mvibot/floorCleaningRobot_ws/src/mission_layer_mvibot/src/../include/mission_layer_mvibot/mvibot_mission/manage_mission.h:382:36:\x1b[m\x1b[K \x1b[01;35m\x1b[Kwarning: \x1b[m\x1b[Kunused variable \xe2\x80\x98\x1b[01m\x1b[Klive_f\x1b[m\x1b[K\xe2\x80\x99 [\x1b[01;35m\x1b[K\x1b]8;;https://gcc.gnu.org/onlinedocs/gcc/Warning-Options.html#index-Wunused-variable\x07-Wunused-variable\x1b]8;;\x07\x1b[m\x1b[K]\n'}
[6.569330] (mission_layer_mvibot) StderrLine: {'line': b'  382 |                 static int live=-1,\x1b[01;35m\x1b[Klive_f\x1b[m\x1b[K=-1,brake=-1,brake_f=-1,enable=-1,enable_f=-1,error=-1,error_f=-1;\n'}
[6.569402] (mission_layer_mvibot) StderrLine: {'line': b'      |                                    \x1b[01;35m\x1b[K^~~~~~\x1b[m\x1b[K\n'}
[6.569472] (mission_layer_mvibot) StderrLine: {'line': b'\x1b[01m\x1b[K/home/mvibot/floorCleaningRobot_ws/src/mission_layer_mvibot/src/../include/mission_layer_mvibot/mvibot_mission/manage_mission.h:382:55:\x1b[m\x1b[K \x1b[01;35m\x1b[Kwarning: \x1b[m\x1b[Kunused variable \xe2\x80\x98\x1b[01m\x1b[Kbrake_f\x1b[m\x1b[K\xe2\x80\x99 [\x1b[01;35m\x1b[K\x1b]8;;https://gcc.gnu.org/onlinedocs/gcc/Warning-Options.html#index-Wunused-variable\x07-Wunused-variable\x1b]8;;\x07\x1b[m\x1b[K]\n'}
[6.569548] (mission_layer_mvibot) StderrLine: {'line': b'  382 |                 static int live=-1,live_f=-1,brake=-1,\x1b[01;35m\x1b[Kbrake_f\x1b[m\x1b[K=-1,enable=-1,enable_f=-1,error=-1,error_f=-1;\n'}
[6.569621] (mission_layer_mvibot) StderrLine: {'line': b'      |                                                       \x1b[01;35m\x1b[K^~~~~~~\x1b[m\x1b[K\n'}
[6.569711] (mission_layer_mvibot) StderrLine: {'line': b'\x1b[01m\x1b[K/home/mvibot/floorCleaningRobot_ws/src/mission_layer_mvibot/src/../include/mission_layer_mvibot/mvibot_mission/manage_mission.h:382:76:\x1b[m\x1b[K \x1b[01;35m\x1b[Kwarning: \x1b[m\x1b[Kunused variable \xe2\x80\x98\x1b[01m\x1b[Kenable_f\x1b[m\x1b[K\xe2\x80\x99 [\x1b[01;35m\x1b[K\x1b]8;;https://gcc.gnu.org/onlinedocs/gcc/Warning-Options.html#index-Wunused-variable\x07-Wunused-variable\x1b]8;;\x07\x1b[m\x1b[K]\n'}
[6.569788] (mission_layer_mvibot) StderrLine: {'line': b'  382 |                 static int live=-1,live_f=-1,brake=-1,brake_f=-1,enable=-1,\x1b[01;35m\x1b[Kenable_f\x1b[m\x1b[K=-1,error=-1,error_f=-1;\n'}
[6.569862] (mission_layer_mvibot) StderrLine: {'line': b'      |                                                                            \x1b[01;35m\x1b[K^~~~~~~~\x1b[m\x1b[K\n'}
[6.569940] (mission_layer_mvibot) StderrLine: {'line': b'\x1b[01m\x1b[K/home/mvibot/floorCleaningRobot_ws/src/mission_layer_mvibot/src/../include/mission_layer_mvibot/mvibot_mission/manage_mission.h:382:88:\x1b[m\x1b[K \x1b[01;35m\x1b[Kwarning: \x1b[m\x1b[Kvariable \xe2\x80\x98\x1b[01m\x1b[Kerror\x1b[m\x1b[K\xe2\x80\x99 set but not used [\x1b[01;35m\x1b[K\x1b]8;;https://gcc.gnu.org/onlinedocs/gcc/Warning-Options.html#index-Wunused-but-set-variable\x07-Wunused-but-set-variable\x1b]8;;\x07\x1b[m\x1b[K]\n'}
[6.570021] (mission_layer_mvibot) StderrLine: {'line': b'  382 |                 static int live=-1,live_f=-1,brake=-1,brake_f=-1,enable=-1,enable_f=-1,\x1b[01;35m\x1b[Kerror\x1b[m\x1b[K=-1,error_f=-1;\n'}
[6.570098] (mission_layer_mvibot) StderrLine: {'line': b'      |                                                                                        \x1b[01;35m\x1b[K^~~~~\x1b[m\x1b[K\n'}
[6.570223] (mission_layer_mvibot) StderrLine: {'line': b'\x1b[01m\x1b[K/home/mvibot/floorCleaningRobot_ws/src/mission_layer_mvibot/src/../include/mission_layer_mvibot/mvibot_mission/manage_mission.h:382:97:\x1b[m\x1b[K \x1b[01;35m\x1b[Kwarning: \x1b[m\x1b[Kunused variable \xe2\x80\x98\x1b[01m\x1b[Kerror_f\x1b[m\x1b[K\xe2\x80\x99 [\x1b[01;35m\x1b[K\x1b]8;;https://gcc.gnu.org/onlinedocs/gcc/Warning-Options.html#index-Wunused-variable\x07-Wunused-variable\x1b]8;;\x07\x1b[m\x1b[K]\n'}
[6.570310] (mission_layer_mvibot) StderrLine: {'line': b'  382 |                 static int live=-1,live_f=-1,brake=-1,brake_f=-1,enable=-1,enable_f=-1,error=-1,\x1b[01;35m\x1b[Kerror_f\x1b[m\x1b[K=-1;\n'}
[6.570389] (mission_layer_mvibot) StderrLine: {'line': b'      |                                                                                                 \x1b[01;35m\x1b[K^~~~~~~\x1b[m\x1b[K\n'}
[6.570468] (mission_layer_mvibot) StderrLine: {'line': b'\x1b[01m\x1b[K/home/mvibot/floorCleaningRobot_ws/src/mission_layer_mvibot/src/../include/mission_layer_mvibot/mvibot_mission/manage_mission.h:383:28:\x1b[m\x1b[K \x1b[01;35m\x1b[Kwarning: \x1b[m\x1b[Kvariable \xe2\x80\x98\x1b[01m\x1b[Kis_ready\x1b[m\x1b[K\xe2\x80\x99 set but not used [\x1b[01;35m\x1b[K\x1b]8;;https://gcc.gnu.org/onlinedocs/gcc/Warning-Options.html#index-Wunused-but-set-variable\x07-Wunused-but-set-variable\x1b]8;;\x07\x1b[m\x1b[K]\n'}
[6.570544] (mission_layer_mvibot) StderrLine: {'line': b'  383 |                 static int \x1b[01;35m\x1b[Kis_ready\x1b[m\x1b[K;\n'}
[6.570618] (mission_layer_mvibot) StderrLine: {'line': b'      |                            \x1b[01;35m\x1b[K^~~~~~~~\x1b[m\x1b[K\n'}
[6.570690] (mission_layer_mvibot) StderrLine: {'line': b'\x1b[01m\x1b[K/home/mvibot/floorCleaningRobot_ws/src/mission_layer_mvibot/src/../include/mission_layer_mvibot/mvibot_mission/manage_mission.h:\x1b[m\x1b[K In lambda function:\n'}
[6.570763] (mission_layer_mvibot) StderrLine: {'line': b'\x1b[01m\x1b[K/home/mvibot/floorCleaningRobot_ws/src/mission_layer_mvibot/src/../include/mission_layer_mvibot/mvibot_mission/manage_mission.h:415:34:\x1b[m\x1b[K \x1b[01;35m\x1b[Kwarning: \x1b[m\x1b[Kcomparison of integer expressions of different signedness: \xe2\x80\x98\x1b[01m\x1b[Kint\x1b[m\x1b[K\xe2\x80\x99 and \xe2\x80\x98\x1b[01m\x1b[Kstd::vector<std::__cxx11::basic_string<char>, std::allocator<std::__cxx11::basic_string<char> > >::size_type\x1b[m\x1b[K\xe2\x80\x99 {aka \xe2\x80\x98\x1b[01m\x1b[Klong unsigned int\x1b[m\x1b[K\xe2\x80\x99} [\x1b[01;35m\x1b[K\x1b]8;;https://gcc.gnu.org/onlinedocs/gcc/Warning-Options.html#index-Wsign-compare\x07-Wsign-compare\x1b]8;;\x07\x1b[m\x1b[K]\n'}
[6.570849] (mission_layer_mvibot) StderrLine: {'line': b'  415 |                     for(int i=1;\x1b[01;35m\x1b[Ki<data.data1.size()\x1b[m\x1b[K;i++){\n'}
[6.570922] (mission_layer_mvibot) StderrLine: {'line': b'      |                                 \x1b[01;35m\x1b[K~^~~~~~~~~~~~~~~~~~\x1b[m\x1b[K\n'}
[6.614114] (-) TimerEvent: {}
[6.714568] (-) TimerEvent: {}
[6.814896] (-) TimerEvent: {}
[6.843974] (mission_layer_mvibot) StderrLine: {'line': b'\x1b[01m\x1b[K/home/mvibot/floorCleaningRobot_ws/src/mission_layer_mvibot/src/../include/mission_layer_mvibot/mvibot_mission/manage_mission.h:\x1b[m\x1b[K In member function \xe2\x80\x98\x1b[01m\x1b[Kint manage_mission::\x1b[01;32m\x1b[Kexecute_content\x1b[m\x1b[K(mission&, std::vector<std::__cxx11::basic_string<char>, std::allocator<std::__cxx11::basic_string<char> > >&, std::string&, std::string&, int&)\x1b[m\x1b[K\xe2\x80\x99:\n'}
[6.844207] (mission_layer_mvibot) StderrLine: {'line': b'\x1b[01m\x1b[K/home/mvibot/floorCleaningRobot_ws/src/mission_layer_mvibot/src/../include/mission_layer_mvibot/mvibot_mission/manage_mission.h:1084:14:\x1b[m\x1b[K \x1b[01;35m\x1b[Kwarning: \x1b[m\x1b[Kcomparison of integer expressions of different signedness: \xe2\x80\x98\x1b[01m\x1b[Kint\x1b[m\x1b[K\xe2\x80\x99 and \xe2\x80\x98\x1b[01m\x1b[Kstd::vector<std::__cxx11::basic_string<char>, std::allocator<std::__cxx11::basic_string<char> > >::size_type\x1b[m\x1b[K\xe2\x80\x99 {aka \xe2\x80\x98\x1b[01m\x1b[Klong unsigned int\x1b[m\x1b[K\xe2\x80\x99} [\x1b[01;35m\x1b[K\x1b]8;;https://gcc.gnu.org/onlinedocs/gcc/Warning-Options.html#index-Wsign-compare\x07-Wsign-compare\x1b]8;;\x07\x1b[m\x1b[K]\n'}
[6.844305] (mission_layer_mvibot) StderrLine: {'line': b' 1084 |         if(\x1b[01;35m\x1b[Ki == and_contents_list.size()\x1b[m\x1b[K){\n'}
[6.844373] (mission_layer_mvibot) StderrLine: {'line': b'      |            \x1b[01;35m\x1b[K~~^~~~~~~~~~~~~~~~~~~~~~~~~~~\x1b[m\x1b[K\n'}
[6.845227] (mission_layer_mvibot) StderrLine: {'line': b'\x1b[01m\x1b[K/home/mvibot/floorCleaningRobot_ws/src/mission_layer_mvibot/src/../include/mission_layer_mvibot/mvibot_mission/manage_mission.h:1109:14:\x1b[m\x1b[K \x1b[01;35m\x1b[Kwarning: \x1b[m\x1b[Kcomparison of integer expressions of different signedness: \xe2\x80\x98\x1b[01m\x1b[Kint\x1b[m\x1b[K\xe2\x80\x99 and \xe2\x80\x98\x1b[01m\x1b[Kstd::vector<std::__cxx11::basic_string<char>, std::allocator<std::__cxx11::basic_string<char> > >::size_type\x1b[m\x1b[K\xe2\x80\x99 {aka \xe2\x80\x98\x1b[01m\x1b[Klong unsigned int\x1b[m\x1b[K\xe2\x80\x99} [\x1b[01;35m\x1b[K\x1b]8;;https://gcc.gnu.org/onlinedocs/gcc/Warning-Options.html#index-Wsign-compare\x07-Wsign-compare\x1b]8;;\x07\x1b[m\x1b[K]\n'}
[6.845335] (mission_layer_mvibot) StderrLine: {'line': b' 1109 |         if(\x1b[01;35m\x1b[Ki == or_contents_list.size()\x1b[m\x1b[K){\n'}
[6.845406] (mission_layer_mvibot) StderrLine: {'line': b'      |            \x1b[01;35m\x1b[K~~^~~~~~~~~~~~~~~~~~~~~~~~~~\x1b[m\x1b[K\n'}
[6.914969] (-) TimerEvent: {}
[7.015164] (-) TimerEvent: {}
[7.115338] (-) TimerEvent: {}
[7.215590] (-) TimerEvent: {}
[7.315825] (-) TimerEvent: {}
[7.416037] (-) TimerEvent: {}
[7.516264] (-) TimerEvent: {}
[7.616514] (-) TimerEvent: {}
[7.716728] (-) TimerEvent: {}
[7.816969] (-) TimerEvent: {}
[7.917218] (-) TimerEvent: {}
[8.017459] (-) TimerEvent: {}
[8.117703] (-) TimerEvent: {}
[8.217944] (-) TimerEvent: {}
[8.318161] (-) TimerEvent: {}
[8.418428] (-) TimerEvent: {}
[8.518689] (-) TimerEvent: {}
[8.618891] (-) TimerEvent: {}
[8.719079] (-) TimerEvent: {}
[8.819279] (-) TimerEvent: {}
[8.919549] (-) TimerEvent: {}
[9.019833] (-) TimerEvent: {}
[9.120096] (-) TimerEvent: {}
[9.220322] (-) TimerEvent: {}
[9.266876] (mission_layer_mvibot) StderrLine: {'line': b'In file included from \x1b[01m\x1b[K/home/mvibot/floorCleaningRobot_ws/src/mission_layer_mvibot/src/mvibot_mission.cpp:4\x1b[m\x1b[K:\n'}
[9.267057] (mission_layer_mvibot) StderrLine: {'line': b'\x1b[01m\x1b[K/home/mvibot/floorCleaningRobot_ws/src/mission_layer_mvibot/src/../include/mission_layer_mvibot/mvibot_mission/navigation_function.h:\x1b[m\x1b[K In member function \xe2\x80\x98\x1b[01m\x1b[Kdouble* navigation_function::\x1b[01;32m\x1b[Kget_position_tf\x1b[m\x1b[K(std::string, std::string)\x1b[m\x1b[K\xe2\x80\x99:\n'}
[9.267167] (mission_layer_mvibot) StderrLine: {'line': b'\x1b[01m\x1b[K/home/mvibot/floorCleaningRobot_ws/src/mission_layer_mvibot/src/../include/mission_layer_mvibot/mvibot_mission/navigation_function.h:260:23:\x1b[m\x1b[K \x1b[01;35m\x1b[Kwarning: \x1b[m\x1b[Kvariable \xe2\x80\x98\x1b[01m\x1b[Kz\x1b[m\x1b[K\xe2\x80\x99 set but not used [\x1b[01;35m\x1b[K\x1b]8;;https://gcc.gnu.org/onlinedocs/gcc/Warning-Options.html#index-Wunused-but-set-variable\x07-Wunused-but-set-variable\x1b]8;;\x07\x1b[m\x1b[K]\n'}
[9.267259] (mission_layer_mvibot) StderrLine: {'line': b'  260 |     static double x,y,\x1b[01;35m\x1b[Kz\x1b[m\x1b[K,thz,thw;\n'}
[9.267343] (mission_layer_mvibot) StderrLine: {'line': b'      |                       \x1b[01;35m\x1b[K^\x1b[m\x1b[K\n'}
[9.307555] (mission_layer_mvibot) StderrLine: {'line': b'\x1b[01m\x1b[K/home/mvibot/floorCleaningRobot_ws/src/mission_layer_mvibot/src/../include/mission_layer_mvibot/mvibot_mission/navigation_function.h:\x1b[m\x1b[K In member function \xe2\x80\x98\x1b[01m\x1b[Kvoid navigation_function::\x1b[01;32m\x1b[Kupdate_polygon\x1b[m\x1b[K()\x1b[m\x1b[K\xe2\x80\x99:\n'}
[9.307710] (mission_layer_mvibot) StderrLine: {'line': b'\x1b[01m\x1b[K/home/mvibot/floorCleaningRobot_ws/src/mission_layer_mvibot/src/../include/mission_layer_mvibot/mvibot_mission/navigation_function.h:463:19:\x1b[m\x1b[K \x1b[01;35m\x1b[Kwarning: \x1b[m\x1b[Kcomparison of integer expressions of different signedness: \xe2\x80\x98\x1b[01m\x1b[Kint\x1b[m\x1b[K\xe2\x80\x99 and \xe2\x80\x98\x1b[01m\x1b[Kstd::vector<geometry_msgs::msg::Point32_<std::allocator<void> >, std::allocator<geometry_msgs::msg::Point32_<std::allocator<void> > > >::size_type\x1b[m\x1b[K\xe2\x80\x99 {aka \xe2\x80\x98\x1b[01m\x1b[Klong unsigned int\x1b[m\x1b[K\xe2\x80\x99} [\x1b[01;35m\x1b[K\x1b]8;;https://gcc.gnu.org/onlinedocs/gcc/Warning-Options.html#index-Wsign-compare\x07-Wsign-compare\x1b]8;;\x07\x1b[m\x1b[K]\n'}
[9.307788] (mission_layer_mvibot) StderrLine: {'line': b'  463 |     for(int i=0; \x1b[01;35m\x1b[Ki<polygons[0].points.size()\x1b[m\x1b[K;i++){\n'}
[9.307854] (mission_layer_mvibot) StderrLine: {'line': b'      |                  \x1b[01;35m\x1b[K~^~~~~~~~~~~~~~~~~~~~~~~~~~\x1b[m\x1b[K\n'}
[9.320399] (-) TimerEvent: {}
[9.411230] (mission_layer_mvibot) StderrLine: {'line': b'\x1b[01m\x1b[K/home/mvibot/floorCleaningRobot_ws/src/mission_layer_mvibot/src/../include/mission_layer_mvibot/mvibot_mission/navigation_function.h:\x1b[m\x1b[K In member function \xe2\x80\x98\x1b[01m\x1b[Kint navigation_function::\x1b[01;32m\x1b[Kaction\x1b[m\x1b[K()\x1b[m\x1b[K\xe2\x80\x99:\n'}
[9.411393] (mission_layer_mvibot) StderrLine: {'line': b'\x1b[01m\x1b[K/home/mvibot/floorCleaningRobot_ws/src/mission_layer_mvibot/src/../include/mission_layer_mvibot/mvibot_mission/navigation_function.h:978:26:\x1b[m\x1b[K \x1b[01;35m\x1b[Kwarning: \x1b[m\x1b[Kstatement has no effect [\x1b[01;35m\x1b[K\x1b]8;;https://gcc.gnu.org/onlinedocs/gcc/Warning-Options.html#index-Wunused-value\x07-Wunused-value\x1b]8;;\x07\x1b[m\x1b[K]\n'}
[9.411477] (mission_layer_mvibot) StderrLine: {'line': b'  978 |                     \x1b[01;35m\x1b[Kstep == 0\x1b[m\x1b[K;\n'}
[9.411551] (mission_layer_mvibot) StderrLine: {'line': b'      |                     \x1b[01;35m\x1b[K~~~~~^~~~\x1b[m\x1b[K\n'}
[9.420491] (-) TimerEvent: {}
[9.507300] (mission_layer_mvibot) StderrLine: {'line': b'In file included from \x1b[01m\x1b[K/home/mvibot/floorCleaningRobot_ws/src/mission_layer_mvibot/src/mvibot_mission.cpp:7\x1b[m\x1b[K:\n'}
[9.507561] (mission_layer_mvibot) StderrLine: {'line': b'\x1b[01m\x1b[K/home/mvibot/floorCleaningRobot_ws/src/mission_layer_mvibot/src/../include/mission_layer_mvibot/mvibot_mission/marker_function.h:\x1b[m\x1b[K In member function \xe2\x80\x98\x1b[01m\x1b[Kvoid marker::\x1b[01;32m\x1b[Kmarker_scale\x1b[m\x1b[K(visualization_msgs::msg::MarkerArray&, int, float, float, float)\x1b[m\x1b[K\xe2\x80\x99:\n'}
[9.507682] (mission_layer_mvibot) StderrLine: {'line': b'\x1b[01m\x1b[K/home/mvibot/floorCleaningRobot_ws/src/mission_layer_mvibot/src/../include/mission_layer_mvibot/mvibot_mission/marker_function.h:650:11:\x1b[m\x1b[K \x1b[01;35m\x1b[Kwarning: \x1b[m\x1b[Ksuggest parentheses around comparison in operand of \xe2\x80\x98\x1b[01m\x1b[K&\x1b[m\x1b[K\xe2\x80\x99 [\x1b[01;35m\x1b[K\x1b]8;;https://gcc.gnu.org/onlinedocs/gcc/Warning-Options.html#index-Wparentheses\x07-Wparentheses\x1b]8;;\x07\x1b[m\x1b[K]\n'}
[9.507878] (mission_layer_mvibot) StderrLine: {'line': b'  650 |     if(\x1b[01;35m\x1b[Knum<size\x1b[m\x1b[K & num >=0){\n'}
[9.508012] (mission_layer_mvibot) StderrLine: {'line': b'      |        \x1b[01;35m\x1b[K~~~^~~~~\x1b[m\x1b[K\n'}
[9.508134] (mission_layer_mvibot) StderrLine: {'line': b'\x1b[01m\x1b[K/home/mvibot/floorCleaningRobot_ws/src/mission_layer_mvibot/src/../include/mission_layer_mvibot/mvibot_mission/marker_function.h:\x1b[m\x1b[K In member function \xe2\x80\x98\x1b[01m\x1b[Kvoid marker::\x1b[01;32m\x1b[Kmarker_position\x1b[m\x1b[K(visualization_msgs::msg::MarkerArray&, int, float, float, float)\x1b[m\x1b[K\xe2\x80\x99:\n'}
[9.508333] (mission_layer_mvibot) StderrLine: {'line': b'\x1b[01m\x1b[K/home/mvibot/floorCleaningRobot_ws/src/mission_layer_mvibot/src/../include/mission_layer_mvibot/mvibot_mission/marker_function.h:659:11:\x1b[m\x1b[K \x1b[01;35m\x1b[Kwarning: \x1b[m\x1b[Ksuggest parentheses around comparison in operand of \xe2\x80\x98\x1b[01m\x1b[K&\x1b[m\x1b[K\xe2\x80\x99 [\x1b[01;35m\x1b[K\x1b]8;;https://gcc.gnu.org/onlinedocs/gcc/Warning-Options.html#index-Wparentheses\x07-Wparentheses\x1b]8;;\x07\x1b[m\x1b[K]\n'}
[9.508449] (mission_layer_mvibot) StderrLine: {'line': b'  659 |     if(\x1b[01;35m\x1b[Knum<size\x1b[m\x1b[K & num >=0){\n'}
[9.508582] (mission_layer_mvibot) StderrLine: {'line': b'      |        \x1b[01;35m\x1b[K~~~^~~~~\x1b[m\x1b[K\n'}
[9.508662] (mission_layer_mvibot) StderrLine: {'line': b'\x1b[01m\x1b[K/home/mvibot/floorCleaningRobot_ws/src/mission_layer_mvibot/src/../include/mission_layer_mvibot/mvibot_mission/marker_function.h:\x1b[m\x1b[K In member function \xe2\x80\x98\x1b[01m\x1b[Kvoid marker::\x1b[01;32m\x1b[Kmarker_orientation\x1b[m\x1b[K(visualization_msgs::msg::MarkerArray&, int, float, float, float, float)\x1b[m\x1b[K\xe2\x80\x99:\n'}
[9.508789] (mission_layer_mvibot) StderrLine: {'line': b'\x1b[01m\x1b[K/home/mvibot/floorCleaningRobot_ws/src/mission_layer_mvibot/src/../include/mission_layer_mvibot/mvibot_mission/marker_function.h:668:11:\x1b[m\x1b[K \x1b[01;35m\x1b[Kwarning: \x1b[m\x1b[Ksuggest parentheses around comparison in operand of \xe2\x80\x98\x1b[01m\x1b[K&\x1b[m\x1b[K\xe2\x80\x99 [\x1b[01;35m\x1b[K\x1b]8;;https://gcc.gnu.org/onlinedocs/gcc/Warning-Options.html#index-Wparentheses\x07-Wparentheses\x1b]8;;\x07\x1b[m\x1b[K]\n'}
[9.508950] (mission_layer_mvibot) StderrLine: {'line': b'  668 |     if(\x1b[01;35m\x1b[Knum<size\x1b[m\x1b[K & num >=0){\n'}
[9.509057] (mission_layer_mvibot) StderrLine: {'line': b'      |        \x1b[01;35m\x1b[K~~~^~~~~\x1b[m\x1b[K\n'}
[9.509251] (mission_layer_mvibot) StderrLine: {'line': b'\x1b[01m\x1b[K/home/mvibot/floorCleaningRobot_ws/src/mission_layer_mvibot/src/../include/mission_layer_mvibot/mvibot_mission/marker_function.h:\x1b[m\x1b[K In member function \xe2\x80\x98\x1b[01m\x1b[Kvoid marker::\x1b[01;32m\x1b[Kmarker_color\x1b[m\x1b[K(visualization_msgs::msg::MarkerArray&, int, float, float, float)\x1b[m\x1b[K\xe2\x80\x99:\n'}
[9.509362] (mission_layer_mvibot) StderrLine: {'line': b'\x1b[01m\x1b[K/home/mvibot/floorCleaningRobot_ws/src/mission_layer_mvibot/src/../include/mission_layer_mvibot/mvibot_mission/marker_function.h:678:11:\x1b[m\x1b[K \x1b[01;35m\x1b[Kwarning: \x1b[m\x1b[Ksuggest parentheses around comparison in operand of \xe2\x80\x98\x1b[01m\x1b[K&\x1b[m\x1b[K\xe2\x80\x99 [\x1b[01;35m\x1b[K\x1b]8;;https://gcc.gnu.org/onlinedocs/gcc/Warning-Options.html#index-Wparentheses\x07-Wparentheses\x1b]8;;\x07\x1b[m\x1b[K]\n'}
[9.509436] (mission_layer_mvibot) StderrLine: {'line': b'  678 |     if(\x1b[01;35m\x1b[Knum<size\x1b[m\x1b[K & num >=0){\n'}
[9.509503] (mission_layer_mvibot) StderrLine: {'line': b'      |        \x1b[01;35m\x1b[K~~~^~~~~\x1b[m\x1b[K\n'}
[9.509569] (mission_layer_mvibot) StderrLine: {'line': b'\x1b[01m\x1b[K/home/mvibot/floorCleaningRobot_ws/src/mission_layer_mvibot/src/../include/mission_layer_mvibot/mvibot_mission/marker_function.h:\x1b[m\x1b[K In member function \xe2\x80\x98\x1b[01m\x1b[Kvoid marker::\x1b[01;32m\x1b[Kpub_marker\x1b[m\x1b[K()\x1b[m\x1b[K\xe2\x80\x99:\n'}
[9.509672] (mission_layer_mvibot) StderrLine: {'line': b'\x1b[01m\x1b[K/home/mvibot/floorCleaningRobot_ws/src/mission_layer_mvibot/src/../include/mission_layer_mvibot/mvibot_mission/marker_function.h:689:19:\x1b[m\x1b[K \x1b[01;35m\x1b[Kwarning: \x1b[m\x1b[Kcomparison of integer expressions of different signedness: \xe2\x80\x98\x1b[01m\x1b[Kint\x1b[m\x1b[K\xe2\x80\x99 and \xe2\x80\x98\x1b[01m\x1b[Kstd::vector<visualization_msgs::msg::Marker_<std::allocator<void> >, std::allocator<visualization_msgs::msg::Marker_<std::allocator<void> > > >::size_type\x1b[m\x1b[K\xe2\x80\x99 {aka \xe2\x80\x98\x1b[01m\x1b[Klong unsigned int\x1b[m\x1b[K\xe2\x80\x99} [\x1b[01;35m\x1b[K\x1b]8;;https://gcc.gnu.org/onlinedocs/gcc/Warning-Options.html#index-Wsign-compare\x07-Wsign-compare\x1b]8;;\x07\x1b[m\x1b[K]\n'}
[9.509743] (mission_layer_mvibot) StderrLine: {'line': b'  689 |     for(int i=0; \x1b[01;35m\x1b[Ki<marker.markers.size()\x1b[m\x1b[K;i++){\n'}
[9.509809] (mission_layer_mvibot) StderrLine: {'line': b'      |                  \x1b[01;35m\x1b[K~^~~~~~~~~~~~~~~~~~~~~~\x1b[m\x1b[K\n'}
[9.509875] (mission_layer_mvibot) StderrLine: {'line': b'\x1b[01m\x1b[K/home/mvibot/floorCleaningRobot_ws/src/mission_layer_mvibot/src/../include/mission_layer_mvibot/mvibot_mission/marker_function.h:697:19:\x1b[m\x1b[K \x1b[01;35m\x1b[Kwarning: \x1b[m\x1b[Kcomparison of integer expressions of different signedness: \xe2\x80\x98\x1b[01m\x1b[Kint\x1b[m\x1b[K\xe2\x80\x99 and \xe2\x80\x98\x1b[01m\x1b[Kstd::vector<point>::size_type\x1b[m\x1b[K\xe2\x80\x99 {aka \xe2\x80\x98\x1b[01m\x1b[Klong unsigned int\x1b[m\x1b[K\xe2\x80\x99} [\x1b[01;35m\x1b[K\x1b]8;;https://gcc.gnu.org/onlinedocs/gcc/Warning-Options.html#index-Wsign-compare\x07-Wsign-compare\x1b]8;;\x07\x1b[m\x1b[K]\n'}
[9.509967] (mission_layer_mvibot) StderrLine: {'line': b'  697 |     for(int i=0; \x1b[01;35m\x1b[Ki<my_data.my_points.size()\x1b[m\x1b[K;i++){\n'}
[9.510034] (mission_layer_mvibot) StderrLine: {'line': b'      |                  \x1b[01;35m\x1b[K~^~~~~~~~~~~~~~~~~~~~~~~~~\x1b[m\x1b[K\n'}
[9.510102] (mission_layer_mvibot) StderrLine: {'line': b'\x1b[01m\x1b[K/home/mvibot/floorCleaningRobot_ws/src/mission_layer_mvibot/src/../include/mission_layer_mvibot/mvibot_mission/marker_function.h:707:18:\x1b[m\x1b[K \x1b[01;35m\x1b[Kwarning: \x1b[m\x1b[Kcomparison of integer expressions of different signedness: \xe2\x80\x98\x1b[01m\x1b[Kint\x1b[m\x1b[K\xe2\x80\x99 and \xe2\x80\x98\x1b[01m\x1b[Kstd::vector<points>::size_type\x1b[m\x1b[K\xe2\x80\x99 {aka \xe2\x80\x98\x1b[01m\x1b[Klong unsigned int\x1b[m\x1b[K\xe2\x80\x99} [\x1b[01;35m\x1b[K\x1b]8;;https://gcc.gnu.org/onlinedocs/gcc/Warning-Options.html#index-Wsign-compare\x07-Wsign-compare\x1b]8;;\x07\x1b[m\x1b[K]\n'}
[9.510256] (mission_layer_mvibot) StderrLine: {'line': b'  707 |     for(int i=0;\x1b[01;35m\x1b[Ki<my_data.my_group.size()\x1b[m\x1b[K;i++){\n'}
[9.510443] (mission_layer_mvibot) StderrLine: {'line': b'      |                 \x1b[01;35m\x1b[K~^~~~~~~~~~~~~~~~~~~~~~~~\x1b[m\x1b[K\n'}
[9.510543] (mission_layer_mvibot) StderrLine: {'line': b'\x1b[01m\x1b[K/home/mvibot/floorCleaningRobot_ws/src/mission_layer_mvibot/src/../include/mission_layer_mvibot/mvibot_mission/marker_function.h:717:22:\x1b[m\x1b[K \x1b[01;35m\x1b[Kwarning: \x1b[m\x1b[Kcomparison of integer expressions of different signedness: \xe2\x80\x98\x1b[01m\x1b[Kint\x1b[m\x1b[K\xe2\x80\x99 and \xe2\x80\x98\x1b[01m\x1b[Kstd::vector<visualization_msgs::msg::Marker_<std::allocator<void> >, std::allocator<visualization_msgs::msg::Marker_<std::allocator<void> > > >::size_type\x1b[m\x1b[K\xe2\x80\x99 {aka \xe2\x80\x98\x1b[01m\x1b[Klong unsigned int\x1b[m\x1b[K\xe2\x80\x99} [\x1b[01;35m\x1b[K\x1b]8;;https://gcc.gnu.org/onlinedocs/gcc/Warning-Options.html#index-Wsign-compare\x07-Wsign-compare\x1b]8;;\x07\x1b[m\x1b[K]\n'}
[9.510699] (mission_layer_mvibot) StderrLine: {'line': b'  717 |         for(int j=k;\x1b[01;35m\x1b[Kj<marker.markers.size()\x1b[m\x1b[K;j++){\n'}
[9.510768] (mission_layer_mvibot) StderrLine: {'line': b'      |                     \x1b[01;35m\x1b[K~^~~~~~~~~~~~~~~~~~~~~~\x1b[m\x1b[K\n'}
[9.510837] (mission_layer_mvibot) StderrLine: {'line': b'\x1b[01m\x1b[K/home/mvibot/floorCleaningRobot_ws/src/mission_layer_mvibot/src/../include/mission_layer_mvibot/mvibot_mission/marker_function.h:728:18:\x1b[m\x1b[K \x1b[01;35m\x1b[Kwarning: \x1b[m\x1b[Kcomparison of integer expressions of different signedness: \xe2\x80\x98\x1b[01m\x1b[Kint\x1b[m\x1b[K\xe2\x80\x99 and \xe2\x80\x98\x1b[01m\x1b[Kstd::vector<points>::size_type\x1b[m\x1b[K\xe2\x80\x99 {aka \xe2\x80\x98\x1b[01m\x1b[Klong unsigned int\x1b[m\x1b[K\xe2\x80\x99} [\x1b[01;35m\x1b[K\x1b]8;;https://gcc.gnu.org/onlinedocs/gcc/Warning-Options.html#index-Wsign-compare\x07-Wsign-compare\x1b]8;;\x07\x1b[m\x1b[K]\n'}
[9.510927] (mission_layer_mvibot) StderrLine: {'line': b'  728 |     for(int i=0;\x1b[01;35m\x1b[Ki<my_data.my_group3.size()\x1b[m\x1b[K;i++){\n'}
[9.510991] (mission_layer_mvibot) StderrLine: {'line': b'      |                 \x1b[01;35m\x1b[K~^~~~~~~~~~~~~~~~~~~~~~~~~\x1b[m\x1b[K\n'}
[9.511052] (mission_layer_mvibot) StderrLine: {'line': b'\x1b[01m\x1b[K/home/mvibot/floorCleaningRobot_ws/src/mission_layer_mvibot/src/../include/mission_layer_mvibot/mvibot_mission/marker_function.h:738:22:\x1b[m\x1b[K \x1b[01;35m\x1b[Kwarning: \x1b[m\x1b[Kcomparison of integer expressions of different signedness: \xe2\x80\x98\x1b[01m\x1b[Kint\x1b[m\x1b[K\xe2\x80\x99 and \xe2\x80\x98\x1b[01m\x1b[Kstd::vector<visualization_msgs::msg::Marker_<std::allocator<void> >, std::allocator<visualization_msgs::msg::Marker_<std::allocator<void> > > >::size_type\x1b[m\x1b[K\xe2\x80\x99 {aka \xe2\x80\x98\x1b[01m\x1b[Klong unsigned int\x1b[m\x1b[K\xe2\x80\x99} [\x1b[01;35m\x1b[K\x1b]8;;https://gcc.gnu.org/onlinedocs/gcc/Warning-Options.html#index-Wsign-compare\x07-Wsign-compare\x1b]8;;\x07\x1b[m\x1b[K]\n'}
[9.511129] (mission_layer_mvibot) StderrLine: {'line': b'  738 |         for(int j=k;\x1b[01;35m\x1b[Kj<marker.markers.size()\x1b[m\x1b[K;j++){\n'}
[9.511217] (mission_layer_mvibot) StderrLine: {'line': b'      |                     \x1b[01;35m\x1b[K~^~~~~~~~~~~~~~~~~~~~~~\x1b[m\x1b[K\n'}
[9.511285] (mission_layer_mvibot) StderrLine: {'line': b'\x1b[01m\x1b[K/home/mvibot/floorCleaningRobot_ws/src/mission_layer_mvibot/src/../include/mission_layer_mvibot/mvibot_mission/marker_function.h:749:18:\x1b[m\x1b[K \x1b[01;35m\x1b[Kwarning: \x1b[m\x1b[Kcomparison of integer expressions of different signedness: \xe2\x80\x98\x1b[01m\x1b[Kint\x1b[m\x1b[K\xe2\x80\x99 and \xe2\x80\x98\x1b[01m\x1b[Kstd::vector<std::vector<line> >::size_type\x1b[m\x1b[K\xe2\x80\x99 {aka \xe2\x80\x98\x1b[01m\x1b[Klong unsigned int\x1b[m\x1b[K\xe2\x80\x99} [\x1b[01;35m\x1b[K\x1b]8;;https://gcc.gnu.org/onlinedocs/gcc/Warning-Options.html#index-Wsign-compare\x07-Wsign-compare\x1b]8;;\x07\x1b[m\x1b[K]\n'}
[9.511378] (mission_layer_mvibot) StderrLine: {'line': b'  749 |     for(int n=0;\x1b[01;35m\x1b[Kn<my_data.my_lines2.size()\x1b[m\x1b[K;n++){\n'}
[9.511442] (mission_layer_mvibot) StderrLine: {'line': b'      |                 \x1b[01;35m\x1b[K~^~~~~~~~~~~~~~~~~~~~~~~~~\x1b[m\x1b[K\n'}
[9.511504] (mission_layer_mvibot) StderrLine: {'line': b'\x1b[01m\x1b[K/home/mvibot/floorCleaningRobot_ws/src/mission_layer_mvibot/src/../include/mission_layer_mvibot/mvibot_mission/marker_function.h:750:22:\x1b[m\x1b[K \x1b[01;35m\x1b[Kwarning: \x1b[m\x1b[Kcomparison of integer expressions of different signedness: \xe2\x80\x98\x1b[01m\x1b[Kint\x1b[m\x1b[K\xe2\x80\x99 and \xe2\x80\x98\x1b[01m\x1b[Kstd::vector<line>::size_type\x1b[m\x1b[K\xe2\x80\x99 {aka \xe2\x80\x98\x1b[01m\x1b[Klong unsigned int\x1b[m\x1b[K\xe2\x80\x99} [\x1b[01;35m\x1b[K\x1b]8;;https://gcc.gnu.org/onlinedocs/gcc/Warning-Options.html#index-Wsign-compare\x07-Wsign-compare\x1b]8;;\x07\x1b[m\x1b[K]\n'}
[9.511569] (mission_layer_mvibot) StderrLine: {'line': b'  750 |         for(int i=0;\x1b[01;35m\x1b[Ki<my_data.my_lines2[n].size()\x1b[m\x1b[K;i++){\n'}
[9.511657] (mission_layer_mvibot) StderrLine: {'line': b'      |                     \x1b[01;35m\x1b[K~^~~~~~~~~~~~~~~~~~~~~~~~~~~~\x1b[m\x1b[K\n'}
[9.511744] (mission_layer_mvibot) StderrLine: {'line': b'\x1b[01m\x1b[K/home/mvibot/floorCleaningRobot_ws/src/mission_layer_mvibot/src/../include/mission_layer_mvibot/mvibot_mission/marker_function.h:760:26:\x1b[m\x1b[K \x1b[01;35m\x1b[Kwarning: \x1b[m\x1b[Kcomparison of integer expressions of different signedness: \xe2\x80\x98\x1b[01m\x1b[Kint\x1b[m\x1b[K\xe2\x80\x99 and \xe2\x80\x98\x1b[01m\x1b[Kstd::vector<visualization_msgs::msg::Marker_<std::allocator<void> >, std::allocator<visualization_msgs::msg::Marker_<std::allocator<void> > > >::size_type\x1b[m\x1b[K\xe2\x80\x99 {aka \xe2\x80\x98\x1b[01m\x1b[Klong unsigned int\x1b[m\x1b[K\xe2\x80\x99} [\x1b[01;35m\x1b[K\x1b]8;;https://gcc.gnu.org/onlinedocs/gcc/Warning-Options.html#index-Wsign-compare\x07-Wsign-compare\x1b]8;;\x07\x1b[m\x1b[K]\n'}
[9.511871] (mission_layer_mvibot) StderrLine: {'line': b'  760 |             for(int j=k;\x1b[01;35m\x1b[Kj<marker.markers.size()\x1b[m\x1b[K;j++){\n'}
[9.511968] (mission_layer_mvibot) StderrLine: {'line': b'      |                         \x1b[01;35m\x1b[K~^~~~~~~~~~~~~~~~~~~~~~\x1b[m\x1b[K\n'}
[9.512041] (mission_layer_mvibot) StderrLine: {'line': b'\x1b[01m\x1b[K/home/mvibot/floorCleaningRobot_ws/src/mission_layer_mvibot/src/../include/mission_layer_mvibot/mvibot_mission/marker_function.h:775:18:\x1b[m\x1b[K \x1b[01;35m\x1b[Kwarning: \x1b[m\x1b[Kcomparison of integer expressions of different signedness: \xe2\x80\x98\x1b[01m\x1b[Kint\x1b[m\x1b[K\xe2\x80\x99 and \xe2\x80\x98\x1b[01m\x1b[Kstd::vector<visualization_msgs::msg::Marker_<std::allocator<void> >, std::allocator<visualization_msgs::msg::Marker_<std::allocator<void> > > >::size_type\x1b[m\x1b[K\xe2\x80\x99 {aka \xe2\x80\x98\x1b[01m\x1b[Klong unsigned int\x1b[m\x1b[K\xe2\x80\x99} [\x1b[01;35m\x1b[K\x1b]8;;https://gcc.gnu.org/onlinedocs/gcc/Warning-Options.html#index-Wsign-compare\x07-Wsign-compare\x1b]8;;\x07\x1b[m\x1b[K]\n'}
[9.512116] (mission_layer_mvibot) StderrLine: {'line': b'  775 |     for(int i=k;\x1b[01;35m\x1b[Ki<marker.markers.size()\x1b[m\x1b[K;i++){\n'}
[9.512205] (mission_layer_mvibot) StderrLine: {'line': b'      |                 \x1b[01;35m\x1b[K~^~~~~~~~~~~~~~~~~~~~~~\x1b[m\x1b[K\n'}
[9.512277] (mission_layer_mvibot) StderrLine: {'line': b'\x1b[01m\x1b[K/home/mvibot/floorCleaningRobot_ws/src/mission_layer_mvibot/src/../include/mission_layer_mvibot/mvibot_mission/marker_function.h:793:18:\x1b[m\x1b[K \x1b[01;35m\x1b[Kwarning: \x1b[m\x1b[Kcomparison of integer expressions of different signedness: \xe2\x80\x98\x1b[01m\x1b[Kint\x1b[m\x1b[K\xe2\x80\x99 and \xe2\x80\x98\x1b[01m\x1b[Kstd::vector<visualization_msgs::msg::Marker_<std::allocator<void> >, std::allocator<visualization_msgs::msg::Marker_<std::allocator<void> > > >::size_type\x1b[m\x1b[K\xe2\x80\x99 {aka \xe2\x80\x98\x1b[01m\x1b[Klong unsigned int\x1b[m\x1b[K\xe2\x80\x99} [\x1b[01;35m\x1b[K\x1b]8;;https://gcc.gnu.org/onlinedocs/gcc/Warning-Options.html#index-Wsign-compare\x07-Wsign-compare\x1b]8;;\x07\x1b[m\x1b[K]\n'}
[9.512373] (mission_layer_mvibot) StderrLine: {'line': b'  793 |     for(int i=k;\x1b[01;35m\x1b[Ki<marker.markers.size()\x1b[m\x1b[K;i++){\n'}
[9.512447] (mission_layer_mvibot) StderrLine: {'line': b'      |                 \x1b[01;35m\x1b[K~^~~~~~~~~~~~~~~~~~~~~~\x1b[m\x1b[K\n'}
[9.516034] (mission_layer_mvibot) StderrLine: {'line': b'\x1b[01m\x1b[K/home/mvibot/floorCleaningRobot_ws/src/mission_layer_mvibot/src/../include/mission_layer_mvibot/mvibot_mission/marker_function.h:\x1b[m\x1b[K In member function \xe2\x80\x98\x1b[01m\x1b[Kint marker::\x1b[01;32m\x1b[Kcaculate_transforms_ofset\x1b[m\x1b[K()\x1b[m\x1b[K\xe2\x80\x99:\n'}
[9.516215] (mission_layer_mvibot) StderrLine: {'line': b'\x1b[01m\x1b[K/home/mvibot/floorCleaningRobot_ws/src/mission_layer_mvibot/src/../include/mission_layer_mvibot/mvibot_mission/marker_function.h:865:23:\x1b[m\x1b[K \x1b[01;35m\x1b[Kwarning: \x1b[m\x1b[Kvariable \xe2\x80\x98\x1b[01m\x1b[Ktheta\x1b[m\x1b[K\xe2\x80\x99 set but not used [\x1b[01;35m\x1b[K\x1b]8;;https://gcc.gnu.org/onlinedocs/gcc/Warning-Options.html#index-Wunused-but-set-variable\x07-Wunused-but-set-variable\x1b]8;;\x07\x1b[m\x1b[K]\n'}
[9.516312] (mission_layer_mvibot) StderrLine: {'line': b'  865 |         static double \x1b[01;35m\x1b[Ktheta\x1b[m\x1b[K;\n'}
[9.516438] (mission_layer_mvibot) StderrLine: {'line': b'      |                       \x1b[01;35m\x1b[K^~~~~\x1b[m\x1b[K\n'}
[9.516572] (mission_layer_mvibot) StderrLine: {'line': b'\x1b[01m\x1b[K/home/mvibot/floorCleaningRobot_ws/src/mission_layer_mvibot/src/../include/mission_layer_mvibot/mvibot_mission/marker_function.h:874:31:\x1b[m\x1b[K \x1b[01;35m\x1b[Kwarning: \x1b[m\x1b[Kunused variable \xe2\x80\x98\x1b[01m\x1b[Ktheta1\x1b[m\x1b[K\xe2\x80\x99 [\x1b[01;35m\x1b[K\x1b]8;;https://gcc.gnu.org/onlinedocs/gcc/Warning-Options.html#index-Wunused-variable\x07-Wunused-variable\x1b]8;;\x07\x1b[m\x1b[K]\n'}
[9.516694] (mission_layer_mvibot) StderrLine: {'line': b'  874 |         static double theta0, \x1b[01;35m\x1b[Ktheta1\x1b[m\x1b[K;\n'}
[9.516776] (mission_layer_mvibot) StderrLine: {'line': b'      |                               \x1b[01;35m\x1b[K^~~~~~\x1b[m\x1b[K\n'}
[9.518413] (mission_layer_mvibot) StderrLine: {'line': b'\x1b[01m\x1b[K/home/mvibot/floorCleaningRobot_ws/src/mission_layer_mvibot/src/../include/mission_layer_mvibot/mvibot_mission/marker_function.h:\x1b[m\x1b[K In member function \xe2\x80\x98\x1b[01m\x1b[Kdouble* marker::\x1b[01;32m\x1b[Kget_position\x1b[m\x1b[K(std::string, std::string)\x1b[m\x1b[K\xe2\x80\x99:\n'}
[9.518524] (mission_layer_mvibot) StderrLine: {'line': b'\x1b[01m\x1b[K/home/mvibot/floorCleaningRobot_ws/src/mission_layer_mvibot/src/../include/mission_layer_mvibot/mvibot_mission/marker_function.h:913:23:\x1b[m\x1b[K \x1b[01;35m\x1b[Kwarning: \x1b[m\x1b[Kvariable \xe2\x80\x98\x1b[01m\x1b[Kz\x1b[m\x1b[K\xe2\x80\x99 set but not used [\x1b[01;35m\x1b[K\x1b]8;;https://gcc.gnu.org/onlinedocs/gcc/Warning-Options.html#index-Wunused-but-set-variable\x07-Wunused-but-set-variable\x1b]8;;\x07\x1b[m\x1b[K]\n'}
[9.518649] (mission_layer_mvibot) StderrLine: {'line': b'  913 |     static double x,y,\x1b[01;35m\x1b[Kz\x1b[m\x1b[K,thz,thw;\n'}
[9.518729] (mission_layer_mvibot) StderrLine: {'line': b'      |                       \x1b[01;35m\x1b[K^\x1b[m\x1b[K\n'}
[9.520577] (-) TimerEvent: {}
[9.532504] (mission_layer_mvibot) StderrLine: {'line': b'\x1b[01m\x1b[K/home/mvibot/floorCleaningRobot_ws/src/mission_layer_mvibot/src/../include/mission_layer_mvibot/mvibot_mission/marker_function.h:\x1b[m\x1b[K In member function \xe2\x80\x98\x1b[01m\x1b[Kint marker::\x1b[01;32m\x1b[Kmove_to_orientation_pose_n\x1b[m\x1b[K()\x1b[m\x1b[K\xe2\x80\x99:\n'}
[9.532730] (mission_layer_mvibot) StderrLine: {'line': b'\x1b[01m\x1b[K/home/mvibot/floorCleaningRobot_ws/src/mission_layer_mvibot/src/../include/mission_layer_mvibot/mvibot_mission/marker_function.h:1215:19:\x1b[m\x1b[K \x1b[01;35m\x1b[Kwarning: \x1b[m\x1b[Kunused variable \xe2\x80\x98\x1b[01m\x1b[Kdis\x1b[m\x1b[K\xe2\x80\x99 [\x1b[01;35m\x1b[K\x1b]8;;https://gcc.gnu.org/onlinedocs/gcc/Warning-Options.html#index-Wunused-variable\x07-Wunused-variable\x1b]8;;\x07\x1b[m\x1b[K]\n'}
[9.532893] (mission_layer_mvibot) StderrLine: {'line': b' 1215 |     static double \x1b[01;35m\x1b[Kdis\x1b[m\x1b[K,angle;\n'}
[9.533016] (mission_layer_mvibot) StderrLine: {'line': b'      |                   \x1b[01;35m\x1b[K^~~\x1b[m\x1b[K\n'}
[9.536792] (mission_layer_mvibot) StderrLine: {'line': b'\x1b[01m\x1b[K/home/mvibot/floorCleaningRobot_ws/src/mission_layer_mvibot/src/../include/mission_layer_mvibot/mvibot_mission/marker_function.h:\x1b[m\x1b[K In member function \xe2\x80\x98\x1b[01m\x1b[Kint marker::\x1b[01;32m\x1b[Kdetect_bar\x1b[m\x1b[K(float)\x1b[m\x1b[K\xe2\x80\x99:\n'}
[9.537001] (mission_layer_mvibot) StderrLine: {'line': b'\x1b[01m\x1b[K/home/mvibot/floorCleaningRobot_ws/src/mission_layer_mvibot/src/../include/mission_layer_mvibot/mvibot_mission/marker_function.h:1396:18:\x1b[m\x1b[K \x1b[01;35m\x1b[Kwarning: \x1b[m\x1b[Kcomparison of integer expressions of different signedness: \xe2\x80\x98\x1b[01m\x1b[Kint\x1b[m\x1b[K\xe2\x80\x99 and \xe2\x80\x98\x1b[01m\x1b[Kstd::vector<std::vector<line> >::size_type\x1b[m\x1b[K\xe2\x80\x99 {aka \xe2\x80\x98\x1b[01m\x1b[Klong unsigned int\x1b[m\x1b[K\xe2\x80\x99} [\x1b[01;35m\x1b[K\x1b]8;;https://gcc.gnu.org/onlinedocs/gcc/Warning-Options.html#index-Wsign-compare\x07-Wsign-compare\x1b]8;;\x07\x1b[m\x1b[K]\n'}
[9.537102] (mission_layer_mvibot) StderrLine: {'line': b' 1396 |     for(int i=0;\x1b[01;35m\x1b[Ki<my_data.my_lines2.size()\x1b[m\x1b[K;i++){\n'}
[9.537190] (mission_layer_mvibot) StderrLine: {'line': b'      |                 \x1b[01;35m\x1b[K~^~~~~~~~~~~~~~~~~~~~~~~~~\x1b[m\x1b[K\n'}
[9.537317] (mission_layer_mvibot) StderrLine: {'line': b'\x1b[01m\x1b[K/home/mvibot/floorCleaningRobot_ws/src/mission_layer_mvibot/src/../include/mission_layer_mvibot/mvibot_mission/marker_function.h:1397:22:\x1b[m\x1b[K \x1b[01;35m\x1b[Kwarning: \x1b[m\x1b[Kcomparison of integer expressions of different signedness: \xe2\x80\x98\x1b[01m\x1b[Kint\x1b[m\x1b[K\xe2\x80\x99 and \xe2\x80\x98\x1b[01m\x1b[Kstd::vector<line>::size_type\x1b[m\x1b[K\xe2\x80\x99 {aka \xe2\x80\x98\x1b[01m\x1b[Klong unsigned int\x1b[m\x1b[K\xe2\x80\x99} [\x1b[01;35m\x1b[K\x1b]8;;https://gcc.gnu.org/onlinedocs/gcc/Warning-Options.html#index-Wsign-compare\x07-Wsign-compare\x1b]8;;\x07\x1b[m\x1b[K]\n'}
[9.537482] (mission_layer_mvibot) StderrLine: {'line': b' 1397 |         for(int j=0;\x1b[01;35m\x1b[Kj<my_data.my_lines2[i].size()\x1b[m\x1b[K;j++){\n'}
[9.537599] (mission_layer_mvibot) StderrLine: {'line': b'      |                     \x1b[01;35m\x1b[K~^~~~~~~~~~~~~~~~~~~~~~~~~~~~\x1b[m\x1b[K\n'}
[9.537685] (mission_layer_mvibot) StderrLine: {'line': b'\x1b[01m\x1b[K/home/mvibot/floorCleaningRobot_ws/src/mission_layer_mvibot/src/../include/mission_layer_mvibot/mvibot_mission/marker_function.h:1398:28:\x1b[m\x1b[K \x1b[01;35m\x1b[Kwarning: \x1b[m\x1b[Kcomparison of integer expressions of different signedness: \xe2\x80\x98\x1b[01m\x1b[Kint\x1b[m\x1b[K\xe2\x80\x99 and \xe2\x80\x98\x1b[01m\x1b[Kstd::vector<std::vector<line> >::size_type\x1b[m\x1b[K\xe2\x80\x99 {aka \xe2\x80\x98\x1b[01m\x1b[Klong unsigned int\x1b[m\x1b[K\xe2\x80\x99} [\x1b[01;35m\x1b[K\x1b]8;;https://gcc.gnu.org/onlinedocs/gcc/Warning-Options.html#index-Wsign-compare\x07-Wsign-compare\x1b]8;;\x07\x1b[m\x1b[K]\n'}
[9.537759] (mission_layer_mvibot) StderrLine: {'line': b' 1398 |             for(int k=i+1;\x1b[01;35m\x1b[Kk<my_data.my_lines2.size()\x1b[m\x1b[K;k++){\n'}
[9.537828] (mission_layer_mvibot) StderrLine: {'line': b'      |                           \x1b[01;35m\x1b[K~^~~~~~~~~~~~~~~~~~~~~~~~~\x1b[m\x1b[K\n'}
[9.537905] (mission_layer_mvibot) StderrLine: {'line': b'\x1b[01m\x1b[K/home/mvibot/floorCleaningRobot_ws/src/mission_layer_mvibot/src/../include/mission_layer_mvibot/mvibot_mission/marker_function.h:1399:30:\x1b[m\x1b[K \x1b[01;35m\x1b[Kwarning: \x1b[m\x1b[Kcomparison of integer expressions of different signedness: \xe2\x80\x98\x1b[01m\x1b[Kint\x1b[m\x1b[K\xe2\x80\x99 and \xe2\x80\x98\x1b[01m\x1b[Kstd::vector<line>::size_type\x1b[m\x1b[K\xe2\x80\x99 {aka \xe2\x80\x98\x1b[01m\x1b[Klong unsigned int\x1b[m\x1b[K\xe2\x80\x99} [\x1b[01;35m\x1b[K\x1b]8;;https://gcc.gnu.org/onlinedocs/gcc/Warning-Options.html#index-Wsign-compare\x07-Wsign-compare\x1b]8;;\x07\x1b[m\x1b[K]\n'}
[9.537977] (mission_layer_mvibot) StderrLine: {'line': b' 1399 |                 for(int h=0;\x1b[01;35m\x1b[Kh<my_data.my_lines2[k].size()\x1b[m\x1b[K;h++){\n'}
[9.538046] (mission_layer_mvibot) StderrLine: {'line': b'      |                             \x1b[01;35m\x1b[K~^~~~~~~~~~~~~~~~~~~~~~~~~~~~\x1b[m\x1b[K\n'}
[9.538184] (mission_layer_mvibot) StderrLine: {'line': b'\x1b[01m\x1b[K/home/mvibot/floorCleaningRobot_ws/src/mission_layer_mvibot/src/../include/mission_layer_mvibot/mvibot_mission/marker_function.h:1410:33:\x1b[m\x1b[K \x1b[01;35m\x1b[Kwarning: \x1b[m\x1b[Ksuggest parentheses around comparison in operand of \xe2\x80\x98\x1b[01m\x1b[K|\x1b[m\x1b[K\xe2\x80\x99 [\x1b[01;35m\x1b[K\x1b]8;;https://gcc.gnu.org/onlinedocs/gcc/Warning-Options.html#index-Wparentheses\x07-Wparentheses\x1b]8;;\x07\x1b[m\x1b[K]\n'}
[9.538285] (mission_layer_mvibot) StderrLine: {'line': b' 1410 |                         if((\x1b[01;35m\x1b[Kdis1>=0.5\x1b[m\x1b[K | dis2>=0.5) & dis1 >=0.15 & dis2 >=0.15){\n'}
[9.538500] (mission_layer_mvibot) StderrLine: {'line': b'      |                             \x1b[01;35m\x1b[K~~~~^~~~~\x1b[m\x1b[K\n'}
[9.538578] (mission_layer_mvibot) StderrLine: {'line': b'\x1b[01m\x1b[K/home/mvibot/floorCleaningRobot_ws/src/mission_layer_mvibot/src/../include/mission_layer_mvibot/mvibot_mission/marker_function.h:1410:59:\x1b[m\x1b[K \x1b[01;35m\x1b[Kwarning: \x1b[m\x1b[Ksuggest parentheses around comparison in operand of \xe2\x80\x98\x1b[01m\x1b[K&\x1b[m\x1b[K\xe2\x80\x99 [\x1b[01;35m\x1b[K\x1b]8;;https://gcc.gnu.org/onlinedocs/gcc/Warning-Options.html#index-Wparentheses\x07-Wparentheses\x1b]8;;\x07\x1b[m\x1b[K]\n'}
[9.538675] (mission_layer_mvibot) StderrLine: {'line': b' 1410 |                         if((dis1>=0.5 | dis2>=0.5) & \x1b[01;35m\x1b[Kdis1 >=0.15\x1b[m\x1b[K & dis2 >=0.15){\n'}
[9.538793] (mission_layer_mvibot) StderrLine: {'line': b'      |                                                      \x1b[01;35m\x1b[K~~~~~^~~~~~\x1b[m\x1b[K\n'}
[9.538917] (mission_layer_mvibot) StderrLine: {'line': b'\x1b[01m\x1b[K/home/mvibot/floorCleaningRobot_ws/src/mission_layer_mvibot/src/../include/mission_layer_mvibot/mvibot_mission/marker_function.h:1410:73:\x1b[m\x1b[K \x1b[01;35m\x1b[Kwarning: \x1b[m\x1b[Ksuggest parentheses around comparison in operand of \xe2\x80\x98\x1b[01m\x1b[K&\x1b[m\x1b[K\xe2\x80\x99 [\x1b[01;35m\x1b[K\x1b]8;;https://gcc.gnu.org/onlinedocs/gcc/Warning-Options.html#index-Wparentheses\x07-Wparentheses\x1b]8;;\x07\x1b[m\x1b[K]\n'}
[9.539005] (mission_layer_mvibot) StderrLine: {'line': b' 1410 |                         if((dis1>=0.5 | dis2>=0.5) & dis1 >=0.15 & \x1b[01;35m\x1b[Kdis2 >=0.15\x1b[m\x1b[K){\n'}
[9.539099] (mission_layer_mvibot) StderrLine: {'line': b'      |                                                                    \x1b[01;35m\x1b[K~~~~~^~~~~~\x1b[m\x1b[K\n'}
[9.539188] (mission_layer_mvibot) StderrLine: {'line': b'\x1b[01m\x1b[K/home/mvibot/floorCleaningRobot_ws/src/mission_layer_mvibot/src/../include/mission_layer_mvibot/mvibot_mission/marker_function.h:1426:18:\x1b[m\x1b[K \x1b[01;35m\x1b[Kwarning: \x1b[m\x1b[Kcomparison of integer expressions of different signedness: \xe2\x80\x98\x1b[01m\x1b[Kint\x1b[m\x1b[K\xe2\x80\x99 and \xe2\x80\x98\x1b[01m\x1b[Kstd::vector<std::vector<line> >::size_type\x1b[m\x1b[K\xe2\x80\x99 {aka \xe2\x80\x98\x1b[01m\x1b[Klong unsigned int\x1b[m\x1b[K\xe2\x80\x99} [\x1b[01;35m\x1b[K\x1b]8;;https://gcc.gnu.org/onlinedocs/gcc/Warning-Options.html#index-Wsign-compare\x07-Wsign-compare\x1b]8;;\x07\x1b[m\x1b[K]\n'}
[9.539269] (mission_layer_mvibot) StderrLine: {'line': b' 1426 |     for(int k=0;\x1b[01;35m\x1b[Kk<my_lines_group_memory.size()\x1b[m\x1b[K;k++){\n'}
[9.539343] (mission_layer_mvibot) StderrLine: {'line': b'      |                 \x1b[01;35m\x1b[K~^~~~~~~~~~~~~~~~~~~~~~~~~~~~~\x1b[m\x1b[K\n'}
[9.539416] (mission_layer_mvibot) StderrLine: {'line': b'\x1b[01m\x1b[K/home/mvibot/floorCleaningRobot_ws/src/mission_layer_mvibot/src/../include/mission_layer_mvibot/mvibot_mission/marker_function.h:1429:22:\x1b[m\x1b[K \x1b[01;35m\x1b[Kwarning: \x1b[m\x1b[Kcomparison of integer expressions of different signedness: \xe2\x80\x98\x1b[01m\x1b[Kint\x1b[m\x1b[K\xe2\x80\x99 and \xe2\x80\x98\x1b[01m\x1b[Kstd::vector<point>::size_type\x1b[m\x1b[K\xe2\x80\x99 {aka \xe2\x80\x98\x1b[01m\x1b[Klong unsigned int\x1b[m\x1b[K\xe2\x80\x99} [\x1b[01;35m\x1b[K\x1b]8;;https://gcc.gnu.org/onlinedocs/gcc/Warning-Options.html#index-Wsign-compare\x07-Wsign-compare\x1b]8;;\x07\x1b[m\x1b[K]\n'}
[9.539589] (mission_layer_mvibot) StderrLine: {'line': b' 1429 |         for(int i=0;\x1b[01;35m\x1b[Ki<my_lines_group_memory[k][0].points.size()\x1b[m\x1b[K;i++){\n'}
[9.539698] (mission_layer_mvibot) StderrLine: {'line': b'      |                     \x1b[01;35m\x1b[K~^~~~~~~~~~~~~~~~~~~~~~~~~~~~~~~~~~~~~~~~~~\x1b[m\x1b[K\n'}
[9.539778] (mission_layer_mvibot) StderrLine: {'line': b'\x1b[01m\x1b[K/home/mvibot/floorCleaningRobot_ws/src/mission_layer_mvibot/src/../include/mission_layer_mvibot/mvibot_mission/marker_function.h:1438:22:\x1b[m\x1b[K \x1b[01;35m\x1b[Kwarning: \x1b[m\x1b[Kcomparison of integer expressions of different signedness: \xe2\x80\x98\x1b[01m\x1b[Kint\x1b[m\x1b[K\xe2\x80\x99 and \xe2\x80\x98\x1b[01m\x1b[Kstd::vector<point>::size_type\x1b[m\x1b[K\xe2\x80\x99 {aka \xe2\x80\x98\x1b[01m\x1b[Klong unsigned int\x1b[m\x1b[K\xe2\x80\x99} [\x1b[01;35m\x1b[K\x1b]8;;https://gcc.gnu.org/onlinedocs/gcc/Warning-Options.html#index-Wsign-compare\x07-Wsign-compare\x1b]8;;\x07\x1b[m\x1b[K]\n'}
[9.539901] (mission_layer_mvibot) StderrLine: {'line': b' 1438 |         for(int i=0;\x1b[01;35m\x1b[Ki<my_lines_group_memory[k][1].points.size()\x1b[m\x1b[K;i++){\n'}
[9.539976] (mission_layer_mvibot) StderrLine: {'line': b'      |                     \x1b[01;35m\x1b[K~^~~~~~~~~~~~~~~~~~~~~~~~~~~~~~~~~~~~~~~~~~\x1b[m\x1b[K\n'}
[9.540052] (mission_layer_mvibot) StderrLine: {'line': b'\x1b[01m\x1b[K/home/mvibot/floorCleaningRobot_ws/src/mission_layer_mvibot/src/../include/mission_layer_mvibot/mvibot_mission/marker_function.h:1448:35:\x1b[m\x1b[K \x1b[01;35m\x1b[Kwarning: \x1b[m\x1b[Ksuggest parentheses around comparison in operand of \xe2\x80\x98\x1b[01m\x1b[K&\x1b[m\x1b[K\xe2\x80\x99 [\x1b[01;35m\x1b[K\x1b]8;;https://gcc.gnu.org/onlinedocs/gcc/Warning-Options.html#index-Wparentheses\x07-Wparentheses\x1b]8;;\x07\x1b[m\x1b[K]\n'}
[9.540179] (mission_layer_mvibot) StderrLine: {'line': b' 1448 |         if(\x1b[01;35m\x1b[Kfabs(dis1-bar_distance)<=0.05\x1b[m\x1b[K & fabs(dis2-bar_distance)<=0.05){\n'}
[9.540261] (mission_layer_mvibot) StderrLine: {'line': b'      |            \x1b[01;35m\x1b[K~~~~~~~~~~~~~~~~~~~~~~~^~~~~~\x1b[m\x1b[K\n'}
[9.540334] (mission_layer_mvibot) StderrLine: {'line': b'\x1b[01m\x1b[K/home/mvibot/floorCleaningRobot_ws/src/mission_layer_mvibot/src/../include/mission_layer_mvibot/mvibot_mission/marker_function.h:1456:30:\x1b[m\x1b[K \x1b[01;35m\x1b[Kwarning: \x1b[m\x1b[Ksuggest parentheses around comparison in operand of \xe2\x80\x98\x1b[01m\x1b[K&\x1b[m\x1b[K\xe2\x80\x99 [\x1b[01;35m\x1b[K\x1b]8;;https://gcc.gnu.org/onlinedocs/gcc/Warning-Options.html#index-Wparentheses\x07-Wparentheses\x1b]8;;\x07\x1b[m\x1b[K]\n'}
[9.540409] (mission_layer_mvibot) StderrLine: {'line': b' 1456 |     if(\x1b[01;35m\x1b[Kmy_lines_memory.size()!=0\x1b[m\x1b[K & num_bar_pass==1){\n'}
[9.540483] (mission_layer_mvibot) StderrLine: {'line': b'      |        \x1b[01;35m\x1b[K~~~~~~~~~~~~~~~~~~~~~~^~~\x1b[m\x1b[K\n'}
[9.540605] (mission_layer_mvibot) StderrLine: {'line': b'\x1b[01m\x1b[K/home/mvibot/floorCleaningRobot_ws/src/mission_layer_mvibot/src/../include/mission_layer_mvibot/mvibot_mission/marker_function.h:1459:26:\x1b[m\x1b[K \x1b[01;35m\x1b[Kwarning: \x1b[m\x1b[Kcomparison of integer expressions of different signedness: \xe2\x80\x98\x1b[01m\x1b[Kint\x1b[m\x1b[K\xe2\x80\x99 and \xe2\x80\x98\x1b[01m\x1b[Kstd::vector<point>::size_type\x1b[m\x1b[K\xe2\x80\x99 {aka \xe2\x80\x98\x1b[01m\x1b[Klong unsigned int\x1b[m\x1b[K\xe2\x80\x99} [\x1b[01;35m\x1b[K\x1b]8;;https://gcc.gnu.org/onlinedocs/gcc/Warning-Options.html#index-Wsign-compare\x07-Wsign-compare\x1b]8;;\x07\x1b[m\x1b[K]\n'}
[9.540726] (mission_layer_mvibot) StderrLine: {'line': b' 1459 |             for(int i=0;\x1b[01;35m\x1b[Ki<my_data.my_points.size()\x1b[m\x1b[K;i++){\n'}
[9.540820] (mission_layer_mvibot) StderrLine: {'line': b'      |                         \x1b[01;35m\x1b[K~^~~~~~~~~~~~~~~~~~~~~~~~~\x1b[m\x1b[K\n'}
[9.540909] (mission_layer_mvibot) StderrLine: {'line': b'\x1b[01m\x1b[K/home/mvibot/floorCleaningRobot_ws/src/mission_layer_mvibot/src/../include/mission_layer_mvibot/mvibot_mission/marker_function.h:1477:26:\x1b[m\x1b[K \x1b[01;35m\x1b[Kwarning: \x1b[m\x1b[Kcomparison of integer expressions of different signedness: \xe2\x80\x98\x1b[01m\x1b[Kint\x1b[m\x1b[K\xe2\x80\x99 and \xe2\x80\x98\x1b[01m\x1b[Kstd::vector<point>::size_type\x1b[m\x1b[K\xe2\x80\x99 {aka \xe2\x80\x98\x1b[01m\x1b[Klong unsigned int\x1b[m\x1b[K\xe2\x80\x99} [\x1b[01;35m\x1b[K\x1b]8;;https://gcc.gnu.org/onlinedocs/gcc/Warning-Options.html#index-Wsign-compare\x07-Wsign-compare\x1b]8;;\x07\x1b[m\x1b[K]\n'}
[9.540987] (mission_layer_mvibot) StderrLine: {'line': b' 1477 |             for(int i=0;\x1b[01;35m\x1b[Ki<my_lines_memory[0].points.size()\x1b[m\x1b[K;i++){\n'}
[9.541055] (mission_layer_mvibot) StderrLine: {'line': b'      |                         \x1b[01;35m\x1b[K~^~~~~~~~~~~~~~~~~~~~~~~~~~~~~~~~~\x1b[m\x1b[K\n'}
[9.541130] (mission_layer_mvibot) StderrLine: {'line': b'\x1b[01m\x1b[K/home/mvibot/floorCleaningRobot_ws/src/mission_layer_mvibot/src/../include/mission_layer_mvibot/mvibot_mission/marker_function.h:1498:26:\x1b[m\x1b[K \x1b[01;35m\x1b[Kwarning: \x1b[m\x1b[Kcomparison of integer expressions of different signedness: \xe2\x80\x98\x1b[01m\x1b[Kint\x1b[m\x1b[K\xe2\x80\x99 and \xe2\x80\x98\x1b[01m\x1b[Kstd::vector<point>::size_type\x1b[m\x1b[K\xe2\x80\x99 {aka \xe2\x80\x98\x1b[01m\x1b[Klong unsigned int\x1b[m\x1b[K\xe2\x80\x99} [\x1b[01;35m\x1b[K\x1b]8;;https://gcc.gnu.org/onlinedocs/gcc/Warning-Options.html#index-Wsign-compare\x07-Wsign-compare\x1b]8;;\x07\x1b[m\x1b[K]\n'}
[9.541219] (mission_layer_mvibot) StderrLine: {'line': b' 1498 |             for(int i=0;\x1b[01;35m\x1b[Ki<my_lines_memory[1].points.size()\x1b[m\x1b[K;i++){\n'}
[9.541291] (mission_layer_mvibot) StderrLine: {'line': b'      |                         \x1b[01;35m\x1b[K~^~~~~~~~~~~~~~~~~~~~~~~~~~~~~~~~~\x1b[m\x1b[K\n'}
[9.543848] (mission_layer_mvibot) StderrLine: {'line': b'\x1b[01m\x1b[K/home/mvibot/floorCleaningRobot_ws/src/mission_layer_mvibot/src/../include/mission_layer_mvibot/mvibot_mission/marker_function.h:\x1b[m\x1b[K In member function \xe2\x80\x98\x1b[01m\x1b[Kint marker::\x1b[01;32m\x1b[Kdetect_l\x1b[m\x1b[K()\x1b[m\x1b[K\xe2\x80\x99:\n'}
[9.544018] (mission_layer_mvibot) StderrLine: {'line': b'\x1b[01m\x1b[K/home/mvibot/floorCleaningRobot_ws/src/mission_layer_mvibot/src/../include/mission_layer_mvibot/mvibot_mission/marker_function.h:1615:18:\x1b[m\x1b[K \x1b[01;35m\x1b[Kwarning: \x1b[m\x1b[Kcomparison of integer expressions of different signedness: \xe2\x80\x98\x1b[01m\x1b[Kint\x1b[m\x1b[K\xe2\x80\x99 and \xe2\x80\x98\x1b[01m\x1b[Kstd::vector<std::vector<line> >::size_type\x1b[m\x1b[K\xe2\x80\x99 {aka \xe2\x80\x98\x1b[01m\x1b[Klong unsigned int\x1b[m\x1b[K\xe2\x80\x99} [\x1b[01;35m\x1b[K\x1b]8;;https://gcc.gnu.org/onlinedocs/gcc/Warning-Options.html#index-Wsign-compare\x07-Wsign-compare\x1b]8;;\x07\x1b[m\x1b[K]\n'}
[9.544142] (mission_layer_mvibot) StderrLine: {'line': b' 1615 |     for(int i=0;\x1b[01;35m\x1b[Ki<my_data.my_lines2.size()\x1b[m\x1b[K;i++){\n'}
[9.544274] (mission_layer_mvibot) StderrLine: {'line': b'      |                 \x1b[01;35m\x1b[K~^~~~~~~~~~~~~~~~~~~~~~~~~\x1b[m\x1b[K\n'}
[9.544381] (mission_layer_mvibot) StderrLine: {'line': b'\x1b[01m\x1b[K/home/mvibot/floorCleaningRobot_ws/src/mission_layer_mvibot/src/../include/mission_layer_mvibot/mvibot_mission/marker_function.h:1616:22:\x1b[m\x1b[K \x1b[01;35m\x1b[Kwarning: \x1b[m\x1b[Kcomparison of integer expressions of different signedness: \xe2\x80\x98\x1b[01m\x1b[Kint\x1b[m\x1b[K\xe2\x80\x99 and \xe2\x80\x98\x1b[01m\x1b[Kstd::vector<line>::size_type\x1b[m\x1b[K\xe2\x80\x99 {aka \xe2\x80\x98\x1b[01m\x1b[Klong unsigned int\x1b[m\x1b[K\xe2\x80\x99} [\x1b[01;35m\x1b[K\x1b]8;;https://gcc.gnu.org/onlinedocs/gcc/Warning-Options.html#index-Wsign-compare\x07-Wsign-compare\x1b]8;;\x07\x1b[m\x1b[K]\n'}
[9.544497] (mission_layer_mvibot) StderrLine: {'line': b' 1616 |         for(int j=1;\x1b[01;35m\x1b[Kj<my_data.my_lines2[i].size()\x1b[m\x1b[K;j++){\n'}
[9.544581] (mission_layer_mvibot) StderrLine: {'line': b'      |                     \x1b[01;35m\x1b[K~^~~~~~~~~~~~~~~~~~~~~~~~~~~~\x1b[m\x1b[K\n'}
[9.544960] (mission_layer_mvibot) StderrLine: {'line': b'\x1b[01m\x1b[K/home/mvibot/floorCleaningRobot_ws/src/mission_layer_mvibot/src/../include/mission_layer_mvibot/mvibot_mission/marker_function.h:1628:29:\x1b[m\x1b[K \x1b[01;35m\x1b[Kwarning: \x1b[m\x1b[Ksuggest parentheses around comparison in operand of \xe2\x80\x98\x1b[01m\x1b[K&\x1b[m\x1b[K\xe2\x80\x99 [\x1b[01;35m\x1b[K\x1b]8;;https://gcc.gnu.org/onlinedocs/gcc/Warning-Options.html#index-Wparentheses\x07-Wparentheses\x1b]8;;\x07\x1b[m\x1b[K]\n'}
[9.545189] (mission_layer_mvibot) StderrLine: {'line': b' 1628 |                     if(\x1b[01;35m\x1b[Kdis1 < 0.4+0.05\x1b[m\x1b[K & dis1 > 0.4 -0.05 & dis2 <0.6+0.05 & dis2 > 0.6-0.05){\n'}
[9.545306] (mission_layer_mvibot) StderrLine: {'line': b'      |                        \x1b[01;35m\x1b[K~~~~~^~~~~~~~~~\x1b[m\x1b[K\n'}
[9.545451] (mission_layer_mvibot) StderrLine: {'line': b'\x1b[01m\x1b[K/home/mvibot/floorCleaningRobot_ws/src/mission_layer_mvibot/src/../include/mission_layer_mvibot/mvibot_mission/marker_function.h:1628:66:\x1b[m\x1b[K \x1b[01;35m\x1b[Kwarning: \x1b[m\x1b[Ksuggest parentheses around comparison in operand of \xe2\x80\x98\x1b[01m\x1b[K&\x1b[m\x1b[K\xe2\x80\x99 [\x1b[01;35m\x1b[K\x1b]8;;https://gcc.gnu.org/onlinedocs/gcc/Warning-Options.html#index-Wparentheses\x07-Wparentheses\x1b]8;;\x07\x1b[m\x1b[K]\n'}
[9.545535] (mission_layer_mvibot) StderrLine: {'line': b' 1628 |                     if(dis1 < 0.4+0.05 & dis1 > 0.4 -0.05 & \x1b[01;35m\x1b[Kdis2 <0.6+0.05\x1b[m\x1b[K & dis2 > 0.6-0.05){\n'}
[9.545623] (mission_layer_mvibot) StderrLine: {'line': b'      |                                                             \x1b[01;35m\x1b[K~~~~~^~~~~~~~~\x1b[m\x1b[K\n'}
[9.545716] (mission_layer_mvibot) StderrLine: {'line': b'\x1b[01m\x1b[K/home/mvibot/floorCleaningRobot_ws/src/mission_layer_mvibot/src/../include/mission_layer_mvibot/mvibot_mission/marker_function.h:1628:83:\x1b[m\x1b[K \x1b[01;35m\x1b[Kwarning: \x1b[m\x1b[Ksuggest parentheses around comparison in operand of \xe2\x80\x98\x1b[01m\x1b[K&\x1b[m\x1b[K\xe2\x80\x99 [\x1b[01;35m\x1b[K\x1b]8;;https://gcc.gnu.org/onlinedocs/gcc/Warning-Options.html#index-Wparentheses\x07-Wparentheses\x1b]8;;\x07\x1b[m\x1b[K]\n'}
[9.545795] (mission_layer_mvibot) StderrLine: {'line': b' 1628 |                     if(dis1 < 0.4+0.05 & dis1 > 0.4 -0.05 & dis2 <0.6+0.05 & \x1b[01;35m\x1b[Kdis2 > 0.6-0.05\x1b[m\x1b[K){\n'}
[9.545908] (mission_layer_mvibot) StderrLine: {'line': b'      |                                                                              \x1b[01;35m\x1b[K~~~~~^~~~~~~~~~\x1b[m\x1b[K\n'}
[9.545999] (mission_layer_mvibot) StderrLine: {'line': b'\x1b[01m\x1b[K/home/mvibot/floorCleaningRobot_ws/src/mission_layer_mvibot/src/../include/mission_layer_mvibot/mvibot_mission/marker_function.h:1617:41:\x1b[m\x1b[K \x1b[01;35m\x1b[Kwarning: \x1b[m\x1b[Kunused variable \xe2\x80\x98\x1b[01m\x1b[Kdelta\x1b[m\x1b[K\xe2\x80\x99 [\x1b[01;35m\x1b[K\x1b]8;;https://gcc.gnu.org/onlinedocs/gcc/Warning-Options.html#index-Wunused-variable\x07-Wunused-variable\x1b]8;;\x07\x1b[m\x1b[K]\n'}
[9.546071] (mission_layer_mvibot) StderrLine: {'line': b' 1617 |                 static float ampha,beta,\x1b[01;35m\x1b[Kdelta\x1b[m\x1b[K;\n'}
[9.546178] (mission_layer_mvibot) StderrLine: {'line': b'      |                                         \x1b[01;35m\x1b[K^~~~~\x1b[m\x1b[K\n'}
[9.546291] (mission_layer_mvibot) StderrLine: {'line': b'\x1b[01m\x1b[K/home/mvibot/floorCleaningRobot_ws/src/mission_layer_mvibot/src/../include/mission_layer_mvibot/mvibot_mission/marker_function.h:1621:40:\x1b[m\x1b[K \x1b[01;35m\x1b[Kwarning: \x1b[m\x1b[Kunused variable \xe2\x80\x98\x1b[01m\x1b[Kdis3\x1b[m\x1b[K\xe2\x80\x99 [\x1b[01;35m\x1b[K\x1b]8;;https://gcc.gnu.org/onlinedocs/gcc/Warning-Options.html#index-Wunused-variable\x07-Wunused-variable\x1b]8;;\x07\x1b[m\x1b[K]\n'}
[9.546525] (mission_layer_mvibot) StderrLine: {'line': b' 1621 |                 static float dis1,dis2,\x1b[01;35m\x1b[Kdis3\x1b[m\x1b[K;\n'}
[9.546642] (mission_layer_mvibot) StderrLine: {'line': b'      |                                        \x1b[01;35m\x1b[K^~~~\x1b[m\x1b[K\n'}
[9.546716] (mission_layer_mvibot) StderrLine: {'line': b'\x1b[01m\x1b[K/home/mvibot/floorCleaningRobot_ws/src/mission_layer_mvibot/src/../include/mission_layer_mvibot/mvibot_mission/marker_function.h:1642:22:\x1b[m\x1b[K \x1b[01;35m\x1b[Kwarning: \x1b[m\x1b[Kunused variable \xe2\x80\x98\x1b[01m\x1b[Kx\x1b[m\x1b[K\xe2\x80\x99 [\x1b[01;35m\x1b[K\x1b]8;;https://gcc.gnu.org/onlinedocs/gcc/Warning-Options.html#index-Wunused-variable\x07-Wunused-variable\x1b]8;;\x07\x1b[m\x1b[K]\n'}
[9.546795] (mission_layer_mvibot) StderrLine: {'line': b' 1642 |         static float \x1b[01;35m\x1b[Kx\x1b[m\x1b[K,y;\n'}
[9.546867] (mission_layer_mvibot) StderrLine: {'line': b'      |                      \x1b[01;35m\x1b[K^\x1b[m\x1b[K\n'}
[9.546937] (mission_layer_mvibot) StderrLine: {'line': b'\x1b[01m\x1b[K/home/mvibot/floorCleaningRobot_ws/src/mission_layer_mvibot/src/../include/mission_layer_mvibot/mvibot_mission/marker_function.h:1642:24:\x1b[m\x1b[K \x1b[01;35m\x1b[Kwarning: \x1b[m\x1b[Kunused variable \xe2\x80\x98\x1b[01m\x1b[Ky\x1b[m\x1b[K\xe2\x80\x99 [\x1b[01;35m\x1b[K\x1b]8;;https://gcc.gnu.org/onlinedocs/gcc/Warning-Options.html#index-Wunused-variable\x07-Wunused-variable\x1b]8;;\x07\x1b[m\x1b[K]\n'}
[9.547010] (mission_layer_mvibot) StderrLine: {'line': b' 1642 |         static float x,\x1b[01;35m\x1b[Ky\x1b[m\x1b[K;\n'}
[9.547230] (mission_layer_mvibot) StderrLine: {'line': b'      |                        \x1b[01;35m\x1b[K^\x1b[m\x1b[K\n'}
[9.547335] (mission_layer_mvibot) StderrLine: {'line': b'\x1b[01m\x1b[K/home/mvibot/floorCleaningRobot_ws/src/mission_layer_mvibot/src/../include/mission_layer_mvibot/mvibot_mission/marker_function.h:\x1b[m\x1b[K In member function \xe2\x80\x98\x1b[01m\x1b[Kint marker::\x1b[01;32m\x1b[Kdetect_vl\x1b[m\x1b[K()\x1b[m\x1b[K\xe2\x80\x99:\n'}
[9.547410] (mission_layer_mvibot) StderrLine: {'line': b'\x1b[01m\x1b[K/home/mvibot/floorCleaningRobot_ws/src/mission_layer_mvibot/src/../include/mission_layer_mvibot/mvibot_mission/marker_function.h:1687:18:\x1b[m\x1b[K \x1b[01;35m\x1b[Kwarning: \x1b[m\x1b[Kcomparison of integer expressions of different signedness: \xe2\x80\x98\x1b[01m\x1b[Kint\x1b[m\x1b[K\xe2\x80\x99 and \xe2\x80\x98\x1b[01m\x1b[Kstd::vector<std::vector<line> >::size_type\x1b[m\x1b[K\xe2\x80\x99 {aka \xe2\x80\x98\x1b[01m\x1b[Klong unsigned int\x1b[m\x1b[K\xe2\x80\x99} [\x1b[01;35m\x1b[K\x1b]8;;https://gcc.gnu.org/onlinedocs/gcc/Warning-Options.html#index-Wsign-compare\x07-Wsign-compare\x1b]8;;\x07\x1b[m\x1b[K]\n'}
[9.547496] (mission_layer_mvibot) StderrLine: {'line': b' 1687 |     for(int i=0;\x1b[01;35m\x1b[Ki<my_data.my_lines2.size()\x1b[m\x1b[K;i++){\n'}
[9.547568] (mission_layer_mvibot) StderrLine: {'line': b'      |                 \x1b[01;35m\x1b[K~^~~~~~~~~~~~~~~~~~~~~~~~~\x1b[m\x1b[K\n'}
[9.547669] (mission_layer_mvibot) StderrLine: {'line': b'\x1b[01m\x1b[K/home/mvibot/floorCleaningRobot_ws/src/mission_layer_mvibot/src/../include/mission_layer_mvibot/mvibot_mission/marker_function.h:1688:22:\x1b[m\x1b[K \x1b[01;35m\x1b[Kwarning: \x1b[m\x1b[Kcomparison of integer expressions of different signedness: \xe2\x80\x98\x1b[01m\x1b[Kint\x1b[m\x1b[K\xe2\x80\x99 and \xe2\x80\x98\x1b[01m\x1b[Kstd::vector<line>::size_type\x1b[m\x1b[K\xe2\x80\x99 {aka \xe2\x80\x98\x1b[01m\x1b[Klong unsigned int\x1b[m\x1b[K\xe2\x80\x99} [\x1b[01;35m\x1b[K\x1b]8;;https://gcc.gnu.org/onlinedocs/gcc/Warning-Options.html#index-Wsign-compare\x07-Wsign-compare\x1b]8;;\x07\x1b[m\x1b[K]\n'}
[9.547835] (mission_layer_mvibot) StderrLine: {'line': b' 1688 |         for(int j=1;\x1b[01;35m\x1b[Kj<my_data.my_lines2[i].size()-1\x1b[m\x1b[K;j++){\n'}
[9.547907] (mission_layer_mvibot) StderrLine: {'line': b'      |                     \x1b[01;35m\x1b[K~^~~~~~~~~~~~~~~~~~~~~~~~~~~~~~\x1b[m\x1b[K\n'}
[9.547973] (mission_layer_mvibot) StderrLine: {'line': b'\x1b[01m\x1b[K/home/mvibot/floorCleaningRobot_ws/src/mission_layer_mvibot/src/../include/mission_layer_mvibot/mvibot_mission/marker_function.h:1698:51:\x1b[m\x1b[K \x1b[01;35m\x1b[Kwarning: \x1b[m\x1b[Ksuggest parentheses around comparison in operand of \xe2\x80\x98\x1b[01m\x1b[K|\x1b[m\x1b[K\xe2\x80\x99 [\x1b[01;35m\x1b[K\x1b]8;;https://gcc.gnu.org/onlinedocs/gcc/Warning-Options.html#index-Wparentheses\x07-Wparentheses\x1b]8;;\x07\x1b[m\x1b[K]\n'}
[9.548046] (mission_layer_mvibot) StderrLine: {'line': b' 1698 |                 if(\x1b[01;35m\x1b[Kfabs(fabs(delta-beta)-2*M_PI/3)<=M_PI/180*10\x1b[m\x1b[K | fabs(fabs(delta-beta)-M_PI/3)<=M_PI/180*10)\n'}
[9.548156] (mission_layer_mvibot) StderrLine: {'line': b'      |                    \x1b[01;35m\x1b[K~~~~~~~~~~~~~~~~~~~~~~~~~~~~~~~^~~~~~~~~~~~~\x1b[m\x1b[K\n'}
[9.548233] (mission_layer_mvibot) StderrLine: {'line': b'\x1b[01m\x1b[K/home/mvibot/floorCleaningRobot_ws/src/mission_layer_mvibot/src/../include/mission_layer_mvibot/mvibot_mission/marker_function.h:1700:55:\x1b[m\x1b[K \x1b[01;35m\x1b[Kwarning: \x1b[m\x1b[Ksuggest parentheses around comparison in operand of \xe2\x80\x98\x1b[01m\x1b[K|\x1b[m\x1b[K\xe2\x80\x99 [\x1b[01;35m\x1b[K\x1b]8;;https://gcc.gnu.org/onlinedocs/gcc/Warning-Options.html#index-Wparentheses\x07-Wparentheses\x1b]8;;\x07\x1b[m\x1b[K]\n'}
[9.548371] (mission_layer_mvibot) StderrLine: {'line': b' 1700 |                     if(\x1b[01;35m\x1b[Kfabs(fabs(beta-ampha)-5*M_PI/6)< M_PI/180*10\x1b[m\x1b[K | fabs(fabs(beta-ampha)-1*M_PI/6)< M_PI/180*10){\n'}
[9.548486] (mission_layer_mvibot) StderrLine: {'line': b'      |                        \x1b[01;35m\x1b[K~~~~~~~~~~~~~~~~~~~~~~~~~~~~~~~^~~~~~~~~~~~~\x1b[m\x1b[K\n'}
[9.548578] (mission_layer_mvibot) StderrLine: {'line': b'\x1b[01m\x1b[K/home/mvibot/floorCleaningRobot_ws/src/mission_layer_mvibot/src/../include/mission_layer_mvibot/mvibot_mission/marker_function.h:1701:32:\x1b[m\x1b[K \x1b[01;35m\x1b[Kwarning: \x1b[m\x1b[Ksuggest parentheses around comparison in operand of \xe2\x80\x98\x1b[01m\x1b[K&\x1b[m\x1b[K\xe2\x80\x99 [\x1b[01;35m\x1b[K\x1b]8;;https://gcc.gnu.org/onlinedocs/gcc/Warning-Options.html#index-Wparentheses\x07-Wparentheses\x1b]8;;\x07\x1b[m\x1b[K]\n'}
[9.548701] (mission_layer_mvibot) StderrLine: {'line': b' 1701 |                         if(\x1b[01;35m\x1b[Kdis1>=0.35\x1b[m\x1b[K &  dis2 >=0.15 & dis2 <=0.2 &  dis3>=0.15 & dis3 <=0.2){\n'}
[9.548771] (mission_layer_mvibot) StderrLine: {'line': b'      |                            \x1b[01;35m\x1b[K~~~~^~~~~~\x1b[m\x1b[K\n'}
[9.548841] (mission_layer_mvibot) StderrLine: {'line': b'\x1b[01m\x1b[K/home/mvibot/floorCleaningRobot_ws/src/mission_layer_mvibot/src/../include/mission_layer_mvibot/mvibot_mission/marker_function.h:1701:61:\x1b[m\x1b[K \x1b[01;35m\x1b[Kwarning: \x1b[m\x1b[Ksuggest parentheses around comparison in operand of \xe2\x80\x98\x1b[01m\x1b[K&\x1b[m\x1b[K\xe2\x80\x99 [\x1b[01;35m\x1b[K\x1b]8;;https://gcc.gnu.org/onlinedocs/gcc/Warning-Options.html#index-Wparentheses\x07-Wparentheses\x1b]8;;\x07\x1b[m\x1b[K]\n'}
[9.548914] (mission_layer_mvibot) StderrLine: {'line': b' 1701 |                         if(dis1>=0.35 &  dis2 >=0.15 & \x1b[01;35m\x1b[Kdis2 <=0.2\x1b[m\x1b[K &  dis3>=0.15 & dis3 <=0.2){\n'}
[9.548985] (mission_layer_mvibot) StderrLine: {'line': b'      |                                                        \x1b[01;35m\x1b[K~~~~~^~~~~\x1b[m\x1b[K\n'}
[9.549054] (mission_layer_mvibot) StderrLine: {'line': b'\x1b[01m\x1b[K/home/mvibot/floorCleaningRobot_ws/src/mission_layer_mvibot/src/../include/mission_layer_mvibot/mvibot_mission/marker_function.h:1701:74:\x1b[m\x1b[K \x1b[01;35m\x1b[Kwarning: \x1b[m\x1b[Ksuggest parentheses around comparison in operand of \xe2\x80\x98\x1b[01m\x1b[K&\x1b[m\x1b[K\xe2\x80\x99 [\x1b[01;35m\x1b[K\x1b]8;;https://gcc.gnu.org/onlinedocs/gcc/Warning-Options.html#index-Wparentheses\x07-Wparentheses\x1b]8;;\x07\x1b[m\x1b[K]\n'}
[9.549192] (mission_layer_mvibot) StderrLine: {'line': b' 1701 |                         if(dis1>=0.35 &  dis2 >=0.15 & dis2 <=0.2 &  \x1b[01;35m\x1b[Kdis3>=0.15\x1b[m\x1b[K & dis3 <=0.2){\n'}
[9.549263] (mission_layer_mvibot) StderrLine: {'line': b'      |                                                                      \x1b[01;35m\x1b[K~~~~^~~~~~\x1b[m\x1b[K\n'}
[9.549332] (mission_layer_mvibot) StderrLine: {'line': b'\x1b[01m\x1b[K/home/mvibot/floorCleaningRobot_ws/src/mission_layer_mvibot/src/../include/mission_layer_mvibot/mvibot_mission/marker_function.h:1701:88:\x1b[m\x1b[K \x1b[01;35m\x1b[Kwarning: \x1b[m\x1b[Ksuggest parentheses around comparison in operand of \xe2\x80\x98\x1b[01m\x1b[K&\x1b[m\x1b[K\xe2\x80\x99 [\x1b[01;35m\x1b[K\x1b]8;;https://gcc.gnu.org/onlinedocs/gcc/Warning-Options.html#index-Wparentheses\x07-Wparentheses\x1b]8;;\x07\x1b[m\x1b[K]\n'}
[9.549500] (mission_layer_mvibot) StderrLine: {'line': b' 1701 |                         if(dis1>=0.35 &  dis2 >=0.15 & dis2 <=0.2 &  dis3>=0.15 & \x1b[01;35m\x1b[Kdis3 <=0.2\x1b[m\x1b[K){\n'}
[9.549590] (mission_layer_mvibot) StderrLine: {'line': b'      |                                                                                   \x1b[01;35m\x1b[K~~~~~^~~~~\x1b[m\x1b[K\n'}
[9.549668] (mission_layer_mvibot) StderrLine: {'line': b'\x1b[01m\x1b[K/home/mvibot/floorCleaningRobot_ws/src/mission_layer_mvibot/src/../include/mission_layer_mvibot/mvibot_mission/marker_function.h:1712:42:\x1b[m\x1b[K \x1b[01;35m\x1b[Kwarning: \x1b[m\x1b[Kcomparison of integer expressions of different signedness: \xe2\x80\x98\x1b[01m\x1b[Kint\x1b[m\x1b[K\xe2\x80\x99 and \xe2\x80\x98\x1b[01m\x1b[Kstd::vector<point>::size_type\x1b[m\x1b[K\xe2\x80\x99 {aka \xe2\x80\x98\x1b[01m\x1b[Klong unsigned int\x1b[m\x1b[K\xe2\x80\x99} [\x1b[01;35m\x1b[K\x1b]8;;https://gcc.gnu.org/onlinedocs/gcc/Warning-Options.html#index-Wsign-compare\x07-Wsign-compare\x1b]8;;\x07\x1b[m\x1b[K]\n'}
[9.549744] (mission_layer_mvibot) StderrLine: {'line': b' 1712 |                             for(int k=0;\x1b[01;35m\x1b[Kk<my_data.my_group3[i].points.size()\x1b[m\x1b[K;k++){\n'}
[9.549815] (mission_layer_mvibot) StderrLine: {'line': b'      |                                         \x1b[01;35m\x1b[K~^~~~~~~~~~~~~~~~~~~~~~~~~~~~~~~~~~~\x1b[m\x1b[K\n'}
[9.549894] (mission_layer_mvibot) StderrLine: {'line': b'\x1b[01m\x1b[K/home/mvibot/floorCleaningRobot_ws/src/mission_layer_mvibot/src/../include/mission_layer_mvibot/mvibot_mission/marker_function.h:1730:22:\x1b[m\x1b[K \x1b[01;35m\x1b[Kwarning: \x1b[m\x1b[Kcomparison of integer expressions of different signedness: \xe2\x80\x98\x1b[01m\x1b[Kint\x1b[m\x1b[K\xe2\x80\x99 and \xe2\x80\x98\x1b[01m\x1b[Kstd::vector<point>::size_type\x1b[m\x1b[K\xe2\x80\x99 {aka \xe2\x80\x98\x1b[01m\x1b[Klong unsigned int\x1b[m\x1b[K\xe2\x80\x99} [\x1b[01;35m\x1b[K\x1b]8;;https://gcc.gnu.org/onlinedocs/gcc/Warning-Options.html#index-Wsign-compare\x07-Wsign-compare\x1b]8;;\x07\x1b[m\x1b[K]\n'}
[9.549974] (mission_layer_mvibot) StderrLine: {'line': b' 1730 |         for(int i=0;\x1b[01;35m\x1b[Ki<line1.points.size()\x1b[m\x1b[K;i++){\n'}
[9.550045] (mission_layer_mvibot) StderrLine: {'line': b'      |                     \x1b[01;35m\x1b[K~^~~~~~~~~~~~~~~~~~~~\x1b[m\x1b[K\n'}
[9.550115] (mission_layer_mvibot) StderrLine: {'line': b'\x1b[01m\x1b[K/home/mvibot/floorCleaningRobot_ws/src/mission_layer_mvibot/src/../include/mission_layer_mvibot/mvibot_mission/marker_function.h:1738:22:\x1b[m\x1b[K \x1b[01;35m\x1b[Kwarning: \x1b[m\x1b[Kcomparison of integer expressions of different signedness: \xe2\x80\x98\x1b[01m\x1b[Kint\x1b[m\x1b[K\xe2\x80\x99 and \xe2\x80\x98\x1b[01m\x1b[Kstd::vector<point>::size_type\x1b[m\x1b[K\xe2\x80\x99 {aka \xe2\x80\x98\x1b[01m\x1b[Klong unsigned int\x1b[m\x1b[K\xe2\x80\x99} [\x1b[01;35m\x1b[K\x1b]8;;https://gcc.gnu.org/onlinedocs/gcc/Warning-Options.html#index-Wsign-compare\x07-Wsign-compare\x1b]8;;\x07\x1b[m\x1b[K]\n'}
[9.550208] (mission_layer_mvibot) StderrLine: {'line': b' 1738 |         for(int i=0;\x1b[01;35m\x1b[Ki<line1.points.size()\x1b[m\x1b[K;i++){\n'}
[9.550279] (mission_layer_mvibot) StderrLine: {'line': b'      |                     \x1b[01;35m\x1b[K~^~~~~~~~~~~~~~~~~~~~\x1b[m\x1b[K\n'}
[9.550347] (mission_layer_mvibot) StderrLine: {'line': b'\x1b[01m\x1b[K/home/mvibot/floorCleaningRobot_ws/src/mission_layer_mvibot/src/../include/mission_layer_mvibot/mvibot_mission/marker_function.h:1748:22:\x1b[m\x1b[K \x1b[01;35m\x1b[Kwarning: \x1b[m\x1b[Kcomparison of integer expressions of different signedness: \xe2\x80\x98\x1b[01m\x1b[Kint\x1b[m\x1b[K\xe2\x80\x99 and \xe2\x80\x98\x1b[01m\x1b[Kstd::vector<point>::size_type\x1b[m\x1b[K\xe2\x80\x99 {aka \xe2\x80\x98\x1b[01m\x1b[Klong unsigned int\x1b[m\x1b[K\xe2\x80\x99} [\x1b[01;35m\x1b[K\x1b]8;;https://gcc.gnu.org/onlinedocs/gcc/Warning-Options.html#index-Wsign-compare\x07-Wsign-compare\x1b]8;;\x07\x1b[m\x1b[K]\n'}
[9.550483] (mission_layer_mvibot) StderrLine: {'line': b' 1748 |         for(int i=0;\x1b[01;35m\x1b[Ki<line2.points.size()\x1b[m\x1b[K;i++){\n'}
[9.550557] (mission_layer_mvibot) StderrLine: {'line': b'      |                     \x1b[01;35m\x1b[K~^~~~~~~~~~~~~~~~~~~~\x1b[m\x1b[K\n'}
[9.550623] (mission_layer_mvibot) StderrLine: {'line': b'\x1b[01m\x1b[K/home/mvibot/floorCleaningRobot_ws/src/mission_layer_mvibot/src/../include/mission_layer_mvibot/mvibot_mission/marker_function.h:1756:22:\x1b[m\x1b[K \x1b[01;35m\x1b[Kwarning: \x1b[m\x1b[Kcomparison of integer expressions of different signedness: \xe2\x80\x98\x1b[01m\x1b[Kint\x1b[m\x1b[K\xe2\x80\x99 and \xe2\x80\x98\x1b[01m\x1b[Kstd::vector<point>::size_type\x1b[m\x1b[K\xe2\x80\x99 {aka \xe2\x80\x98\x1b[01m\x1b[Klong unsigned int\x1b[m\x1b[K\xe2\x80\x99} [\x1b[01;35m\x1b[K\x1b]8;;https://gcc.gnu.org/onlinedocs/gcc/Warning-Options.html#index-Wsign-compare\x07-Wsign-compare\x1b]8;;\x07\x1b[m\x1b[K]\n'}
[9.550698] (mission_layer_mvibot) StderrLine: {'line': b' 1756 |         for(int i=0;\x1b[01;35m\x1b[Ki<line2.points.size()\x1b[m\x1b[K;i++){\n'}
[9.550764] (mission_layer_mvibot) StderrLine: {'line': b'      |                     \x1b[01;35m\x1b[K~^~~~~~~~~~~~~~~~~~~~\x1b[m\x1b[K\n'}
[9.550829] (mission_layer_mvibot) StderrLine: {'line': b'\x1b[01m\x1b[K/home/mvibot/floorCleaningRobot_ws/src/mission_layer_mvibot/src/../include/mission_layer_mvibot/mvibot_mission/marker_function.h:1766:22:\x1b[m\x1b[K \x1b[01;35m\x1b[Kwarning: \x1b[m\x1b[Kcomparison of integer expressions of different signedness: \xe2\x80\x98\x1b[01m\x1b[Kint\x1b[m\x1b[K\xe2\x80\x99 and \xe2\x80\x98\x1b[01m\x1b[Kstd::vector<point>::size_type\x1b[m\x1b[K\xe2\x80\x99 {aka \xe2\x80\x98\x1b[01m\x1b[Klong unsigned int\x1b[m\x1b[K\xe2\x80\x99} [\x1b[01;35m\x1b[K\x1b]8;;https://gcc.gnu.org/onlinedocs/gcc/Warning-Options.html#index-Wsign-compare\x07-Wsign-compare\x1b]8;;\x07\x1b[m\x1b[K]\n'}
[9.550898] (mission_layer_mvibot) StderrLine: {'line': b' 1766 |         for(int i=0;\x1b[01;35m\x1b[Ki<line3.points.size()\x1b[m\x1b[K;i++){\n'}
[9.550963] (mission_layer_mvibot) StderrLine: {'line': b'      |                     \x1b[01;35m\x1b[K~^~~~~~~~~~~~~~~~~~~~\x1b[m\x1b[K\n'}
[9.551032] (mission_layer_mvibot) StderrLine: {'line': b'\x1b[01m\x1b[K/home/mvibot/floorCleaningRobot_ws/src/mission_layer_mvibot/src/../include/mission_layer_mvibot/mvibot_mission/marker_function.h:1774:22:\x1b[m\x1b[K \x1b[01;35m\x1b[Kwarning: \x1b[m\x1b[Kcomparison of integer expressions of different signedness: \xe2\x80\x98\x1b[01m\x1b[Kint\x1b[m\x1b[K\xe2\x80\x99 and \xe2\x80\x98\x1b[01m\x1b[Kstd::vector<point>::size_type\x1b[m\x1b[K\xe2\x80\x99 {aka \xe2\x80\x98\x1b[01m\x1b[Klong unsigned int\x1b[m\x1b[K\xe2\x80\x99} [\x1b[01;35m\x1b[K\x1b]8;;https://gcc.gnu.org/onlinedocs/gcc/Warning-Options.html#index-Wsign-compare\x07-Wsign-compare\x1b]8;;\x07\x1b[m\x1b[K]\n'}
[9.551104] (mission_layer_mvibot) StderrLine: {'line': b' 1774 |         for(int i=0;\x1b[01;35m\x1b[Ki<line3.points.size()\x1b[m\x1b[K;i++){\n'}
[9.551189] (mission_layer_mvibot) StderrLine: {'line': b'      |                     \x1b[01;35m\x1b[K~^~~~~~~~~~~~~~~~~~~~\x1b[m\x1b[K\n'}
[9.561344] (mission_layer_mvibot) StderrLine: {'line': b'In file included from \x1b[01m\x1b[K/home/mvibot/floorCleaningRobot_ws/src/mission_layer_mvibot/src/mvibot_mission.cpp:8\x1b[m\x1b[K:\n'}
[9.561495] (mission_layer_mvibot) StderrLine: {'line': b'\x1b[01m\x1b[K/home/mvibot/floorCleaningRobot_ws/src/mission_layer_mvibot/src/../include/mission_layer_mvibot/mvibot_mission/variable_function.h:\x1b[m\x1b[K In member function \xe2\x80\x98\x1b[01m\x1b[Kvoid multiple_variable_local::\x1b[01;32m\x1b[Kadd_var\x1b[m\x1b[K(variable_local)\x1b[m\x1b[K\xe2\x80\x99:\n'}
[9.561575] (mission_layer_mvibot) StderrLine: {'line': b'\x1b[01m\x1b[K/home/mvibot/floorCleaningRobot_ws/src/mission_layer_mvibot/src/../include/mission_layer_mvibot/mvibot_mission/variable_function.h:31:18:\x1b[m\x1b[K \x1b[01;35m\x1b[Kwarning: \x1b[m\x1b[Kcomparison of integer expressions of different signedness: \xe2\x80\x98\x1b[01m\x1b[Kint\x1b[m\x1b[K\xe2\x80\x99 and \xe2\x80\x98\x1b[01m\x1b[Kstd::vector<variable_local>::size_type\x1b[m\x1b[K\xe2\x80\x99 {aka \xe2\x80\x98\x1b[01m\x1b[Klong unsigned int\x1b[m\x1b[K\xe2\x80\x99} [\x1b[01;35m\x1b[K\x1b]8;;https://gcc.gnu.org/onlinedocs/gcc/Warning-Options.html#index-Wsign-compare\x07-Wsign-compare\x1b]8;;\x07\x1b[m\x1b[K]\n'}
[9.561660] (mission_layer_mvibot) StderrLine: {'line': b'   31 |     for(int i=0;\x1b[01;35m\x1b[Ki<var.size()\x1b[m\x1b[K;i++){\n'}
[9.561729] (mission_layer_mvibot) StderrLine: {'line': b'      |                 \x1b[01;35m\x1b[K~^~~~~~~~~~~\x1b[m\x1b[K\n'}
[9.561855] (mission_layer_mvibot) StderrLine: {'line': b'\x1b[01m\x1b[K/home/mvibot/floorCleaningRobot_ws/src/mission_layer_mvibot/src/../include/mission_layer_mvibot/mvibot_mission/variable_function.h:\x1b[m\x1b[K In member function \xe2\x80\x98\x1b[01m\x1b[Kvoid multiple_variable_local::\x1b[01;32m\x1b[Kupdate_var\x1b[m\x1b[K(variable_local)\x1b[m\x1b[K\xe2\x80\x99:\n'}
[9.561939] (mission_layer_mvibot) StderrLine: {'line': b'\x1b[01m\x1b[K/home/mvibot/floorCleaningRobot_ws/src/mission_layer_mvibot/src/../include/mission_layer_mvibot/mvibot_mission/variable_function.h:45:18:\x1b[m\x1b[K \x1b[01;35m\x1b[Kwarning: \x1b[m\x1b[Kcomparison of integer expressions of different signedness: \xe2\x80\x98\x1b[01m\x1b[Kint\x1b[m\x1b[K\xe2\x80\x99 and \xe2\x80\x98\x1b[01m\x1b[Kstd::vector<variable_local>::size_type\x1b[m\x1b[K\xe2\x80\x99 {aka \xe2\x80\x98\x1b[01m\x1b[Klong unsigned int\x1b[m\x1b[K\xe2\x80\x99} [\x1b[01;35m\x1b[K\x1b]8;;https://gcc.gnu.org/onlinedocs/gcc/Warning-Options.html#index-Wsign-compare\x07-Wsign-compare\x1b]8;;\x07\x1b[m\x1b[K]\n'}
[9.562030] (mission_layer_mvibot) StderrLine: {'line': b'   45 |     for(int i=0;\x1b[01;35m\x1b[Ki<var.size()\x1b[m\x1b[K;i++){\n'}
[9.562107] (mission_layer_mvibot) StderrLine: {'line': b'      |                 \x1b[01;35m\x1b[K~^~~~~~~~~~~\x1b[m\x1b[K\n'}
[9.562250] (mission_layer_mvibot) StderrLine: {'line': b'\x1b[01m\x1b[K/home/mvibot/floorCleaningRobot_ws/src/mission_layer_mvibot/src/../include/mission_layer_mvibot/mvibot_mission/variable_function.h:\x1b[m\x1b[K In member function \xe2\x80\x98\x1b[01m\x1b[Kvoid multiple_variable_local::\x1b[01;32m\x1b[Kreset_all\x1b[m\x1b[K()\x1b[m\x1b[K\xe2\x80\x99:\n'}
[9.562336] (mission_layer_mvibot) StderrLine: {'line': b'\x1b[01m\x1b[K/home/mvibot/floorCleaningRobot_ws/src/mission_layer_mvibot/src/../include/mission_layer_mvibot/mvibot_mission/variable_function.h:58:18:\x1b[m\x1b[K \x1b[01;35m\x1b[Kwarning: \x1b[m\x1b[Kcomparison of integer expressions of different signedness: \xe2\x80\x98\x1b[01m\x1b[Kint\x1b[m\x1b[K\xe2\x80\x99 and \xe2\x80\x98\x1b[01m\x1b[Kstd::vector<variable_local>::size_type\x1b[m\x1b[K\xe2\x80\x99 {aka \xe2\x80\x98\x1b[01m\x1b[Klong unsigned int\x1b[m\x1b[K\xe2\x80\x99} [\x1b[01;35m\x1b[K\x1b]8;;https://gcc.gnu.org/onlinedocs/gcc/Warning-Options.html#index-Wsign-compare\x07-Wsign-compare\x1b]8;;\x07\x1b[m\x1b[K]\n'}
[9.562414] (mission_layer_mvibot) StderrLine: {'line': b'   58 |     for(int i=0;\x1b[01;35m\x1b[Ki<var.size()\x1b[m\x1b[K;i++){\n'}
[9.562486] (mission_layer_mvibot) StderrLine: {'line': b'      |                 \x1b[01;35m\x1b[K~^~~~~~~~~~~\x1b[m\x1b[K\n'}
[9.562685] (mission_layer_mvibot) StderrLine: {'line': b'\x1b[01m\x1b[K/home/mvibot/floorCleaningRobot_ws/src/mission_layer_mvibot/src/../include/mission_layer_mvibot/mvibot_mission/variable_function.h:\x1b[m\x1b[K In member function \xe2\x80\x98\x1b[01m\x1b[Kvoid multiple_variable_local::\x1b[01;32m\x1b[Kprint\x1b[m\x1b[K()\x1b[m\x1b[K\xe2\x80\x99:\n'}
[9.562764] (mission_layer_mvibot) StderrLine: {'line': b'\x1b[01m\x1b[K/home/mvibot/floorCleaningRobot_ws/src/mission_layer_mvibot/src/../include/mission_layer_mvibot/mvibot_mission/variable_function.h:68:18:\x1b[m\x1b[K \x1b[01;35m\x1b[Kwarning: \x1b[m\x1b[Kcomparison of integer expressions of different signedness: \xe2\x80\x98\x1b[01m\x1b[Kint\x1b[m\x1b[K\xe2\x80\x99 and \xe2\x80\x98\x1b[01m\x1b[Kstd::vector<variable_local>::size_type\x1b[m\x1b[K\xe2\x80\x99 {aka \xe2\x80\x98\x1b[01m\x1b[Klong unsigned int\x1b[m\x1b[K\xe2\x80\x99} [\x1b[01;35m\x1b[K\x1b]8;;https://gcc.gnu.org/onlinedocs/gcc/Warning-Options.html#index-Wsign-compare\x07-Wsign-compare\x1b]8;;\x07\x1b[m\x1b[K]\n'}
[9.562853] (mission_layer_mvibot) StderrLine: {'line': b'   68 |     for(int i=0;\x1b[01;35m\x1b[Ki<var.size()\x1b[m\x1b[K;i++){\n'}
[9.562929] (mission_layer_mvibot) StderrLine: {'line': b'      |                 \x1b[01;35m\x1b[K~^~~~~~~~~~~\x1b[m\x1b[K\n'}
[9.572715] (mission_layer_mvibot) StderrLine: {'line': b'\x1b[01m\x1b[K/home/mvibot/floorCleaningRobot_ws/src/mission_layer_mvibot/src/../include/mission_layer_mvibot/mvibot_mission/variable_function.h:\x1b[m\x1b[K In member function \xe2\x80\x98\x1b[01m\x1b[Kvoid variable_function::\x1b[01;32m\x1b[Kpub_variable\x1b[m\x1b[K()\x1b[m\x1b[K\xe2\x80\x99:\n'}
[9.572888] (mission_layer_mvibot) StderrLine: {'line': b'\x1b[01m\x1b[K/home/mvibot/floorCleaningRobot_ws/src/mission_layer_mvibot/src/../include/mission_layer_mvibot/mvibot_mission/variable_function.h:210:22:\x1b[m\x1b[K \x1b[01;35m\x1b[Kwarning: \x1b[m\x1b[Kcomparison of integer expressions of different signedness: \xe2\x80\x98\x1b[01m\x1b[Kint\x1b[m\x1b[K\xe2\x80\x99 and \xe2\x80\x98\x1b[01m\x1b[Kstd::vector<variable_local>::size_type\x1b[m\x1b[K\xe2\x80\x99 {aka \xe2\x80\x98\x1b[01m\x1b[Klong unsigned int\x1b[m\x1b[K\xe2\x80\x99} [\x1b[01;35m\x1b[K\x1b]8;;https://gcc.gnu.org/onlinedocs/gcc/Warning-Options.html#index-Wsign-compare\x07-Wsign-compare\x1b]8;;\x07\x1b[m\x1b[K]\n'}
[9.572968] (mission_layer_mvibot) StderrLine: {'line': b'  210 |         for(int i=0;\x1b[01;35m\x1b[Ki<my_vars_local.var.size()\x1b[m\x1b[K;i++){\n'}
[9.573037] (mission_layer_mvibot) StderrLine: {'line': b'      |                     \x1b[01;35m\x1b[K~^~~~~~~~~~~~~~~~~~~~~~~~~\x1b[m\x1b[K\n'}
[9.591753] (mission_layer_mvibot) StderrLine: {'line': b'\x1b[01m\x1b[K/home/mvibot/floorCleaningRobot_ws/src/mission_layer_mvibot/src/../include/mission_layer_mvibot/mvibot_mission/variable_function.h:\x1b[m\x1b[K In member function \xe2\x80\x98\x1b[01m\x1b[Kint variable_function::\x1b[01;32m\x1b[Kaction\x1b[m\x1b[K()\x1b[m\x1b[K\xe2\x80\x99:\n'}
[9.591916] (mission_layer_mvibot) StderrLine: {'line': b'\x1b[01m\x1b[K/home/mvibot/floorCleaningRobot_ws/src/mission_layer_mvibot/src/../include/mission_layer_mvibot/mvibot_mission/variable_function.h:238:22:\x1b[m\x1b[K \x1b[01;35m\x1b[Kwarning: \x1b[m\x1b[Kcomparison of integer expressions of different signedness: \xe2\x80\x98\x1b[01m\x1b[Kint\x1b[m\x1b[K\xe2\x80\x99 and \xe2\x80\x98\x1b[01m\x1b[Kstd::vector<variable_local>::size_type\x1b[m\x1b[K\xe2\x80\x99 {aka \xe2\x80\x98\x1b[01m\x1b[Klong unsigned int\x1b[m\x1b[K\xe2\x80\x99} [\x1b[01;35m\x1b[K\x1b]8;;https://gcc.gnu.org/onlinedocs/gcc/Warning-Options.html#index-Wsign-compare\x07-Wsign-compare\x1b]8;;\x07\x1b[m\x1b[K]\n'}
[9.591999] (mission_layer_mvibot) StderrLine: {'line': b'  238 |         for(int i=0;\x1b[01;35m\x1b[Ki<my_vars_local.var.size()\x1b[m\x1b[K;i++){\n'}
[9.592072] (mission_layer_mvibot) StderrLine: {'line': b'      |                     \x1b[01;35m\x1b[K~^~~~~~~~~~~~~~~~~~~~~~~~~\x1b[m\x1b[K\n'}
[9.620668] (-) TimerEvent: {}
[9.621654] (mission_layer_mvibot) StderrLine: {'line': b'In file included from \x1b[01m\x1b[K/home/mvibot/floorCleaningRobot_ws/src/mission_layer_mvibot/src/mvibot_mission.cpp:9\x1b[m\x1b[K:\n'}
[9.621833] (mission_layer_mvibot) StderrLine: {'line': b'\x1b[01m\x1b[K/home/mvibot/floorCleaningRobot_ws/src/mission_layer_mvibot/src/../include/mission_layer_mvibot/mvibot_mission/gpio_function.h:\x1b[m\x1b[K In member function \xe2\x80\x98\x1b[01m\x1b[Kint gpio_function::\x1b[01;32m\x1b[Kaction\x1b[m\x1b[K()\x1b[m\x1b[K\xe2\x80\x99:\n'}
[9.621911] (mission_layer_mvibot) StderrLine: {'line': b'\x1b[01m\x1b[K/home/mvibot/floorCleaningRobot_ws/src/mission_layer_mvibot/src/../include/mission_layer_mvibot/mvibot_mission/gpio_function.h:156:16:\x1b[m\x1b[K \x1b[01;35m\x1b[Kwarning: \x1b[m\x1b[Kunused variable \xe2\x80\x98\x1b[01m\x1b[Kvalue_return\x1b[m\x1b[K\xe2\x80\x99 [\x1b[01;35m\x1b[K\x1b]8;;https://gcc.gnu.org/onlinedocs/gcc/Warning-Options.html#index-Wunused-variable\x07-Wunused-variable\x1b]8;;\x07\x1b[m\x1b[K]\n'}
[9.622005] (mission_layer_mvibot) StderrLine: {'line': b'  156 |     static int \x1b[01;35m\x1b[Kvalue_return\x1b[m\x1b[K;\n'}
[9.622072] (mission_layer_mvibot) StderrLine: {'line': b'      |                \x1b[01;35m\x1b[K^~~~~~~~~~~~\x1b[m\x1b[K\n'}
[9.720756] (-) TimerEvent: {}
[9.820947] (-) TimerEvent: {}
[9.921174] (-) TimerEvent: {}
[10.021390] (-) TimerEvent: {}
[10.121603] (-) TimerEvent: {}
[10.221838] (-) TimerEvent: {}
[10.322111] (-) TimerEvent: {}
[10.422405] (-) TimerEvent: {}
[10.522658] (-) TimerEvent: {}
[10.622875] (-) TimerEvent: {}
[10.723167] (-) TimerEvent: {}
[10.823430] (-) TimerEvent: {}
[10.923701] (-) TimerEvent: {}
[11.023951] (-) TimerEvent: {}
[11.124220] (-) TimerEvent: {}
[11.224563] (-) TimerEvent: {}
[11.324812] (-) TimerEvent: {}
[11.425154] (-) TimerEvent: {}
[11.525559] (-) TimerEvent: {}
[11.625845] (-) TimerEvent: {}
[11.726038] (-) TimerEvent: {}
[11.826250] (-) TimerEvent: {}
[11.926492] (-) TimerEvent: {}
[12.026741] (-) TimerEvent: {}
[12.126947] (-) TimerEvent: {}
[12.227162] (-) TimerEvent: {}
[12.327384] (-) TimerEvent: {}
[12.427581] (-) TimerEvent: {}
[12.527796] (-) TimerEvent: {}
[12.628032] (-) TimerEvent: {}
[12.728270] (-) TimerEvent: {}
[12.828486] (-) TimerEvent: {}
[12.928699] (-) TimerEvent: {}
[13.028914] (-) TimerEvent: {}
[13.129108] (-) TimerEvent: {}
[13.229328] (-) TimerEvent: {}
[13.329565] (-) TimerEvent: {}
[13.429796] (-) TimerEvent: {}
[13.530029] (-) TimerEvent: {}
[13.630234] (-) TimerEvent: {}
[13.730448] (-) TimerEvent: {}
[13.830676] (-) TimerEvent: {}
[13.930888] (-) TimerEvent: {}
[14.031137] (-) TimerEvent: {}
[14.131340] (-) TimerEvent: {}
[14.231538] (-) TimerEvent: {}
[14.331713] (-) TimerEvent: {}
[14.431918] (-) TimerEvent: {}
[14.532083] (-) TimerEvent: {}
[14.632298] (-) TimerEvent: {}
[14.732496] (-) TimerEvent: {}
[14.832698] (-) TimerEvent: {}
[14.933004] (-) TimerEvent: {}
[15.033236] (-) TimerEvent: {}
[15.133450] (-) TimerEvent: {}
[15.233674] (-) TimerEvent: {}
[15.333882] (-) TimerEvent: {}
[15.434055] (-) TimerEvent: {}
[15.534302] (-) TimerEvent: {}
[15.634537] (-) TimerEvent: {}
[15.734774] (-) TimerEvent: {}
[15.835005] (-) TimerEvent: {}
[15.935248] (-) TimerEvent: {}
[16.035492] (-) TimerEvent: {}
[16.135732] (-) TimerEvent: {}
[16.235984] (-) TimerEvent: {}
[16.336252] (-) TimerEvent: {}
[16.436446] (-) TimerEvent: {}
[16.536655] (-) TimerEvent: {}
[16.636859] (-) TimerEvent: {}
[16.737062] (-) TimerEvent: {}
[16.837237] (-) TimerEvent: {}
[16.937550] (-) TimerEvent: {}
[17.037793] (-) TimerEvent: {}
[17.138048] (-) TimerEvent: {}
[17.238329] (-) TimerEvent: {}
[17.338566] (-) TimerEvent: {}
[17.438777] (-) TimerEvent: {}
[17.539028] (-) TimerEvent: {}
[17.639341] (-) TimerEvent: {}
[17.739607] (-) TimerEvent: {}
[17.839878] (-) TimerEvent: {}
[17.940152] (-) TimerEvent: {}
[18.040420] (-) TimerEvent: {}
[18.140753] (-) TimerEvent: {}
[18.241108] (-) TimerEvent: {}
[18.341422] (-) TimerEvent: {}
[18.441759] (-) TimerEvent: {}
[18.542097] (-) TimerEvent: {}
[18.642365] (-) TimerEvent: {}
[18.742608] (-) TimerEvent: {}
[18.842836] (-) TimerEvent: {}
[18.943073] (-) TimerEvent: {}
[19.043313] (-) TimerEvent: {}
[19.143563] (-) TimerEvent: {}
[19.243862] (-) TimerEvent: {}
[19.344186] (-) TimerEvent: {}
[19.444459] (-) TimerEvent: {}
[19.544758] (-) TimerEvent: {}
[19.645067] (-) TimerEvent: {}
[19.745289] (-) TimerEvent: {}
[19.845506] (-) TimerEvent: {}
[19.945727] (-) TimerEvent: {}
[20.045939] (-) TimerEvent: {}
[20.146165] (-) TimerEvent: {}
[20.246382] (-) TimerEvent: {}
[20.346607] (-) TimerEvent: {}
[20.446842] (-) TimerEvent: {}
[20.547052] (-) TimerEvent: {}
[20.647307] (-) TimerEvent: {}
[20.747500] (-) TimerEvent: {}
[20.847732] (-) TimerEvent: {}
[20.947998] (-) TimerEvent: {}
[21.048157] (-) TimerEvent: {}
[21.148405] (-) TimerEvent: {}
[21.248642] (-) TimerEvent: {}
[21.348869] (-) TimerEvent: {}
[21.449046] (-) TimerEvent: {}
[21.549301] (-) TimerEvent: {}
[21.649526] (-) TimerEvent: {}
[21.749731] (-) TimerEvent: {}
[21.849983] (-) TimerEvent: {}
[21.950254] (-) TimerEvent: {}
[22.050510] (-) TimerEvent: {}
[22.150742] (-) TimerEvent: {}
[22.250977] (-) TimerEvent: {}
[22.351218] (-) TimerEvent: {}
[22.451451] (-) TimerEvent: {}
[22.551677] (-) TimerEvent: {}
[22.651896] (-) TimerEvent: {}
[22.752108] (-) TimerEvent: {}
[22.852351] (-) TimerEvent: {}
[22.952613] (-) TimerEvent: {}
[23.052942] (-) TimerEvent: {}
[23.153193] (-) TimerEvent: {}
[23.253500] (-) TimerEvent: {}
[23.353737] (-) TimerEvent: {}
[23.453950] (-) TimerEvent: {}
[23.554157] (-) TimerEvent: {}
[23.654367] (-) TimerEvent: {}
[23.754633] (-) TimerEvent: {}
[23.854889] (-) TimerEvent: {}
[23.955099] (-) TimerEvent: {}
[24.055335] (-) TimerEvent: {}
[24.155552] (-) TimerEvent: {}
[24.255773] (-) TimerEvent: {}
[24.355982] (-) TimerEvent: {}
[24.456164] (-) TimerEvent: {}
[24.556376] (-) TimerEvent: {}
[24.656616] (-) TimerEvent: {}
[24.756895] (-) TimerEvent: {}
[24.857146] (-) TimerEvent: {}
[24.862936] (mission_layer_mvibot) StderrLine: {'line': b'\x1b[01m\x1b[K/home/mvibot/floorCleaningRobot_ws/src/mission_layer_mvibot/src/../include/mission_layer_mvibot/mvibot_mission/manage_mission.h:\x1b[m\x1b[K In member function \xe2\x80\x98\x1b[01m\x1b[Kint manage_mission::\x1b[01;32m\x1b[Kcheck_object\x1b[m\x1b[K(const json&)\x1b[m\x1b[K\xe2\x80\x99:\n'}
[24.863248] (mission_layer_mvibot) StderrLine: {'line': b'\x1b[01m\x1b[K/home/mvibot/floorCleaningRobot_ws/src/mission_layer_mvibot/src/../include/mission_layer_mvibot/mvibot_mission/manage_mission.h:735:1:\x1b[m\x1b[K \x1b[01;35m\x1b[Kwarning: \x1b[m\x1b[Kcontrol reaches end of non-void function [\x1b[01;35m\x1b[K\x1b]8;;https://gcc.gnu.org/onlinedocs/gcc/Warning-Options.html#index-Wreturn-type\x07-Wreturn-type\x1b]8;;\x07\x1b[m\x1b[K]\n'}
[24.863409] (mission_layer_mvibot) StderrLine: {'line': b'  735 | \x1b[01;35m\x1b[K}\x1b[m\x1b[K\n'}
[24.863548] (mission_layer_mvibot) StderrLine: {'line': b'      | \x1b[01;35m\x1b[K^\x1b[m\x1b[K\n'}
[24.875769] (mission_layer_mvibot) StderrLine: {'line': b'\x1b[01m\x1b[K/home/mvibot/floorCleaningRobot_ws/src/mission_layer_mvibot/src/../include/mission_layer_mvibot/mvibot_mission/manage_mission.h:\x1b[m\x1b[K In member function \xe2\x80\x98\x1b[01m\x1b[Kint manage_mission::\x1b[01;32m\x1b[Khandle_content\x1b[m\x1b[K(const json&, const double&, double&, int&, rclcpp::Publisher<std_msgs::msg::String_<std::allocator<void> > >::SharedPtr, rclcpp::Publisher<std_msgs::msg::String_<std::allocator<void> > >::SharedPtr)\x1b[m\x1b[K\xe2\x80\x99:\n'}
[24.876023] (mission_layer_mvibot) StderrLine: {'line': b'\x1b[01m\x1b[K/home/mvibot/floorCleaningRobot_ws/src/mission_layer_mvibot/src/../include/mission_layer_mvibot/mvibot_mission/manage_mission.h:879:1:\x1b[m\x1b[K \x1b[01;35m\x1b[Kwarning: \x1b[m\x1b[Kcontrol reaches end of non-void function [\x1b[01;35m\x1b[K\x1b]8;;https://gcc.gnu.org/onlinedocs/gcc/Warning-Options.html#index-Wreturn-type\x07-Wreturn-type\x1b]8;;\x07\x1b[m\x1b[K]\n'}
[24.876183] (mission_layer_mvibot) StderrLine: {'line': b'  879 | \x1b[01;35m\x1b[K}\x1b[m\x1b[K\n'}
[24.876302] (mission_layer_mvibot) StderrLine: {'line': b'      | \x1b[01;35m\x1b[K^\x1b[m\x1b[K\n'}
[24.880867] (mission_layer_mvibot) StderrLine: {'line': b'\x1b[01m\x1b[K/home/mvibot/floorCleaningRobot_ws/src/mission_layer_mvibot/src/../include/mission_layer_mvibot/mvibot_mission/manage_mission.h:\x1b[m\x1b[K In member function \xe2\x80\x98\x1b[01m\x1b[Kint manage_mission::\x1b[01;32m\x1b[Kexecute_content\x1b[m\x1b[K(mission&, std::vector<std::__cxx11::basic_string<char>, std::allocator<std::__cxx11::basic_string<char> > >&, std::string&, std::string&, int&)\x1b[m\x1b[K\xe2\x80\x99:\n'}
[24.881096] (mission_layer_mvibot) StderrLine: {'line': b'\x1b[01m\x1b[K/home/mvibot/floorCleaningRobot_ws/src/mission_layer_mvibot/src/../include/mission_layer_mvibot/mvibot_mission/manage_mission.h:1172:1:\x1b[m\x1b[K \x1b[01;35m\x1b[Kwarning: \x1b[m\x1b[Kcontrol reaches end of non-void function [\x1b[01;35m\x1b[K\x1b]8;;https://gcc.gnu.org/onlinedocs/gcc/Warning-Options.html#index-Wreturn-type\x07-Wreturn-type\x1b]8;;\x07\x1b[m\x1b[K]\n'}
[24.881229] (mission_layer_mvibot) StderrLine: {'line': b' 1172 | \x1b[01;35m\x1b[K}\x1b[m\x1b[K\n'}
[24.881367] (mission_layer_mvibot) StderrLine: {'line': b'      | \x1b[01;35m\x1b[K^\x1b[m\x1b[K\n'}
[24.957224] (-) TimerEvent: {}
[25.057440] (-) TimerEvent: {}
[25.157672] (-) TimerEvent: {}
[25.257868] (-) TimerEvent: {}
[25.358069] (-) TimerEvent: {}
[25.458283] (-) TimerEvent: {}
[25.555516] (mission_layer_mvibot) StderrLine: {'line': b'\x1b[01m\x1b[K/home/mvibot/floorCleaningRobot_ws/src/mission_layer_mvibot/src/../include/mission_layer_mvibot/mvibot_mission/navigation_function.h:\x1b[m\x1b[K In member function \xe2\x80\x98\x1b[01m\x1b[Kint navigation_function::\x1b[01;32m\x1b[Kaction\x1b[m\x1b[K()\x1b[m\x1b[K\xe2\x80\x99:\n'}
[25.555714] (mission_layer_mvibot) StderrLine: {'line': b'\x1b[01m\x1b[K/home/mvibot/floorCleaningRobot_ws/src/mission_layer_mvibot/src/../include/mission_layer_mvibot/mvibot_mission/navigation_function.h:1140:1:\x1b[m\x1b[K \x1b[01;35m\x1b[Kwarning: \x1b[m\x1b[Kcontrol reaches end of non-void function [\x1b[01;35m\x1b[K\x1b]8;;https://gcc.gnu.org/onlinedocs/gcc/Warning-Options.html#index-Wreturn-type\x07-Wreturn-type\x1b]8;;\x07\x1b[m\x1b[K]\n'}
[25.555795] (mission_layer_mvibot) StderrLine: {'line': b' 1140 | \x1b[01;35m\x1b[K}\x1b[m\x1b[K\n'}
[25.555866] (mission_layer_mvibot) StderrLine: {'line': b'      | \x1b[01;35m\x1b[K^\x1b[m\x1b[K\n'}
[25.558348] (-) TimerEvent: {}
[25.658527] (-) TimerEvent: {}
[25.758748] (-) TimerEvent: {}
[25.858948] (-) TimerEvent: {}
[25.959147] (-) TimerEvent: {}
[26.059340] (-) TimerEvent: {}
[26.159518] (-) TimerEvent: {}
[26.259702] (-) TimerEvent: {}
[26.359904] (-) TimerEvent: {}
[26.460095] (-) TimerEvent: {}
[26.560300] (-) TimerEvent: {}
[26.660456] (-) TimerEvent: {}
[26.760633] (-) TimerEvent: {}
[26.860857] (-) TimerEvent: {}
[26.961089] (-) TimerEvent: {}
[27.061282] (-) TimerEvent: {}
[27.161486] (-) TimerEvent: {}
[27.261696] (-) TimerEvent: {}
[27.361891] (-) TimerEvent: {}
[27.462091] (-) TimerEvent: {}
[27.562299] (-) TimerEvent: {}
[27.662446] (-) TimerEvent: {}
[27.762624] (-) TimerEvent: {}
[27.862823] (-) TimerEvent: {}
[27.962985] (-) TimerEvent: {}
[28.063158] (-) TimerEvent: {}
[28.163383] (-) TimerEvent: {}
[28.263606] (-) TimerEvent: {}
[28.363840] (-) TimerEvent: {}
[28.464081] (-) TimerEvent: {}
[28.564385] (-) TimerEvent: {}
[28.664664] (-) TimerEvent: {}
[28.764883] (-) TimerEvent: {}
[28.865103] (-) TimerEvent: {}
[28.965360] (-) TimerEvent: {}
[29.065566] (-) TimerEvent: {}
[29.165790] (-) TimerEvent: {}
[29.266011] (-) TimerEvent: {}
[29.366304] (-) TimerEvent: {}
[29.466595] (-) TimerEvent: {}
[29.566901] (-) TimerEvent: {}
[29.667150] (-) TimerEvent: {}
[29.767359] (-) TimerEvent: {}
[29.867691] (-) TimerEvent: {}
[29.967953] (-) TimerEvent: {}
[30.068204] (-) TimerEvent: {}
[30.168455] (-) TimerEvent: {}
[30.268708] (-) TimerEvent: {}
[30.368969] (-) TimerEvent: {}
[30.469178] (-) TimerEvent: {}
[30.569450] (-) TimerEvent: {}
[30.669634] (-) TimerEvent: {}
[30.769876] (-) TimerEvent: {}
[30.870070] (-) TimerEvent: {}
[30.970270] (-) TimerEvent: {}
[31.070463] (-) TimerEvent: {}
[31.170660] (-) TimerEvent: {}
[31.270883] (-) TimerEvent: {}
[31.371076] (-) TimerEvent: {}
[31.471290] (-) TimerEvent: {}
[31.571492] (-) TimerEvent: {}
[31.671666] (-) TimerEvent: {}
[31.771863] (-) TimerEvent: {}
[31.872061] (-) TimerEvent: {}
[31.972272] (-) TimerEvent: {}
[32.072472] (-) TimerEvent: {}
[32.172687] (-) TimerEvent: {}
[32.272856] (-) TimerEvent: {}
[32.373066] (-) TimerEvent: {}
[32.473277] (-) TimerEvent: {}
[32.573425] (-) TimerEvent: {}
[32.673665] (-) TimerEvent: {}
[32.773916] (-) TimerEvent: {}
[32.874157] (-) TimerEvent: {}
[32.974370] (-) TimerEvent: {}
[33.074564] (-) TimerEvent: {}
[33.174771] (-) TimerEvent: {}
[33.274986] (-) TimerEvent: {}
[33.375228] (-) TimerEvent: {}
[33.475551] (-) TimerEvent: {}
[33.575774] (-) TimerEvent: {}
[33.675972] (-) TimerEvent: {}
[33.776155] (-) TimerEvent: {}
[33.876374] (-) TimerEvent: {}
[33.976605] (-) TimerEvent: {}
[34.076799] (-) TimerEvent: {}
[34.176996] (-) TimerEvent: {}
[34.277228] (-) TimerEvent: {}
[34.377428] (-) TimerEvent: {}
[34.477627] (-) TimerEvent: {}
[34.577862] (-) TimerEvent: {}
[34.678142] (-) TimerEvent: {}
[34.778390] (-) TimerEvent: {}
[34.878608] (-) TimerEvent: {}
[34.978799] (-) TimerEvent: {}
[35.079040] (-) TimerEvent: {}
[35.179334] (-) TimerEvent: {}
[35.279530] (-) TimerEvent: {}
[35.379726] (-) TimerEvent: {}
[35.479944] (-) TimerEvent: {}
[35.580323] (-) TimerEvent: {}
[35.680521] (-) TimerEvent: {}
[35.780729] (-) TimerEvent: {}
[35.880931] (-) TimerEvent: {}
[35.981171] (-) TimerEvent: {}
[36.081366] (-) TimerEvent: {}
[36.181565] (-) TimerEvent: {}
[36.281758] (-) TimerEvent: {}
[36.381953] (-) TimerEvent: {}
[36.482153] (-) TimerEvent: {}
[36.582345] (-) TimerEvent: {}
[36.682541] (-) TimerEvent: {}
[36.782736] (-) TimerEvent: {}
[36.882964] (-) TimerEvent: {}
[36.983160] (-) TimerEvent: {}
[37.083356] (-) TimerEvent: {}
[37.183572] (-) TimerEvent: {}
[37.283797] (-) TimerEvent: {}
[37.384014] (-) TimerEvent: {}
[37.484252] (-) TimerEvent: {}
[37.584481] (-) TimerEvent: {}
[37.684686] (-) TimerEvent: {}
[37.784894] (-) TimerEvent: {}
[37.885089] (-) TimerEvent: {}
[37.985297] (-) TimerEvent: {}
[38.085447] (-) TimerEvent: {}
[38.185637] (-) TimerEvent: {}
[38.285827] (-) TimerEvent: {}
[38.386039] (-) TimerEvent: {}
[38.486294] (-) TimerEvent: {}
[38.586448] (-) TimerEvent: {}
[38.686634] (-) TimerEvent: {}
[38.786820] (-) TimerEvent: {}
[38.887011] (-) TimerEvent: {}
[38.987227] (-) TimerEvent: {}
[39.087445] (-) TimerEvent: {}
[39.187702] (-) TimerEvent: {}
[39.287957] (-) TimerEvent: {}
[39.388161] (-) TimerEvent: {}
[39.488370] (-) TimerEvent: {}
[39.588583] (-) TimerEvent: {}
[39.688808] (-) TimerEvent: {}
[39.789018] (-) TimerEvent: {}
[39.889228] (-) TimerEvent: {}
[39.989442] (-) TimerEvent: {}
[40.089659] (-) TimerEvent: {}
[40.189930] (-) TimerEvent: {}
[40.290169] (-) TimerEvent: {}
[40.390370] (-) TimerEvent: {}
[40.490573] (-) TimerEvent: {}
[40.590779] (-) TimerEvent: {}
[40.690997] (-) TimerEvent: {}
[40.791162] (-) TimerEvent: {}
[40.891358] (-) TimerEvent: {}
[40.991562] (-) TimerEvent: {}
[41.091783] (-) TimerEvent: {}
[41.192022] (-) TimerEvent: {}
[41.292243] (-) TimerEvent: {}
[41.392437] (-) TimerEvent: {}
[41.492653] (-) TimerEvent: {}
[41.592867] (-) TimerEvent: {}
[41.693085] (-) TimerEvent: {}
[41.793296] (-) TimerEvent: {}
[41.893502] (-) TimerEvent: {}
[41.993707] (-) TimerEvent: {}
[42.093952] (-) TimerEvent: {}
[42.194164] (-) TimerEvent: {}
[42.294388] (-) TimerEvent: {}
[42.394598] (-) TimerEvent: {}
[42.494794] (-) TimerEvent: {}
[42.595006] (-) TimerEvent: {}
[42.695239] (-) TimerEvent: {}
[42.795438] (-) TimerEvent: {}
[42.895666] (-) TimerEvent: {}
[42.995860] (-) TimerEvent: {}
[43.096035] (-) TimerEvent: {}
[43.196277] (-) TimerEvent: {}
[43.296493] (-) TimerEvent: {}
[43.396695] (-) TimerEvent: {}
[43.496891] (-) TimerEvent: {}
[43.597086] (-) TimerEvent: {}
[43.697302] (-) TimerEvent: {}
[43.797504] (-) TimerEvent: {}
[43.897715] (-) TimerEvent: {}
[43.997922] (-) TimerEvent: {}
[44.098150] (-) TimerEvent: {}
[44.198556] (-) TimerEvent: {}
[44.298778] (-) TimerEvent: {}
[44.399002] (-) TimerEvent: {}
[44.499237] (-) TimerEvent: {}
[44.599463] (-) TimerEvent: {}
[44.699669] (-) TimerEvent: {}
[44.799870] (-) TimerEvent: {}
[44.900076] (-) TimerEvent: {}
[45.000286] (-) TimerEvent: {}
[45.100707] (-) TimerEvent: {}
[45.200933] (-) TimerEvent: {}
[45.301139] (-) TimerEvent: {}
[45.401340] (-) TimerEvent: {}
[45.501535] (-) TimerEvent: {}
[45.601729] (-) TimerEvent: {}
[45.701932] (-) TimerEvent: {}
[45.802140] (-) TimerEvent: {}
[45.902342] (-) TimerEvent: {}
[46.002542] (-) TimerEvent: {}
[46.102743] (-) TimerEvent: {}
[46.202930] (-) TimerEvent: {}
[46.303157] (-) TimerEvent: {}
[46.403382] (-) TimerEvent: {}
[46.503614] (-) TimerEvent: {}
[46.603847] (-) TimerEvent: {}
[46.704051] (-) TimerEvent: {}
[46.804280] (-) TimerEvent: {}
[46.904485] (-) TimerEvent: {}
[47.004719] (-) TimerEvent: {}
[47.104959] (-) TimerEvent: {}
[47.205156] (-) TimerEvent: {}
[47.305362] (-) TimerEvent: {}
[47.405587] (-) TimerEvent: {}
[47.505785] (-) TimerEvent: {}
[47.606002] (-) TimerEvent: {}
[47.706156] (-) TimerEvent: {}
[47.806359] (-) TimerEvent: {}
[47.906620] (-) TimerEvent: {}
[48.006861] (-) TimerEvent: {}
[48.107087] (-) TimerEvent: {}
[48.207329] (-) TimerEvent: {}
[48.307531] (-) TimerEvent: {}
[48.407730] (-) TimerEvent: {}
[48.507930] (-) TimerEvent: {}
[48.608159] (-) TimerEvent: {}
[48.708381] (-) TimerEvent: {}
[48.808520] (-) TimerEvent: {}
[48.908707] (-) TimerEvent: {}
[49.008971] (-) TimerEvent: {}
[49.109160] (-) TimerEvent: {}
[49.209365] (-) TimerEvent: {}
[49.309553] (-) TimerEvent: {}
[49.409743] (-) TimerEvent: {}
[49.509935] (-) TimerEvent: {}
[49.610150] (-) TimerEvent: {}
[49.710401] (-) TimerEvent: {}
[49.810607] (-) TimerEvent: {}
[49.910808] (-) TimerEvent: {}
[50.011017] (-) TimerEvent: {}
[50.088740] (mission_layer_mvibot) StdoutLine: {'line': b'[100%] \x1b[32m\x1b[1mLinking CXX executable mvibot_mission\x1b[0m\n'}
[50.111095] (-) TimerEvent: {}
[50.211295] (-) TimerEvent: {}
[50.311494] (-) TimerEvent: {}
[50.411735] (-) TimerEvent: {}
[50.512092] (-) TimerEvent: {}
[50.612414] (-) TimerEvent: {}
[50.712677] (-) TimerEvent: {}
[50.812977] (-) TimerEvent: {}
[50.913254] (-) TimerEvent: {}
[51.013551] (-) TimerEvent: {}
[51.113914] (-) TimerEvent: {}
[51.214275] (-) TimerEvent: {}
[51.314686] (-) TimerEvent: {}
[51.418339] (-) TimerEvent: {}
[51.518644] (-) TimerEvent: {}
[51.619004] (-) TimerEvent: {}
[51.719217] (-) TimerEvent: {}
[51.819468] (-) TimerEvent: {}
[51.919793] (-) TimerEvent: {}
[52.020031] (-) TimerEvent: {}
[52.120264] (-) TimerEvent: {}
[52.220496] (-) TimerEvent: {}
[52.320650] (-) TimerEvent: {}
[52.406315] (mission_layer_mvibot) StdoutLine: {'line': b'[100%] Built target mvibot_mission\n'}
[52.418194] (mission_layer_mvibot) CommandEnded: {'returncode': 0}
[52.418845] (mission_layer_mvibot) JobProgress: {'identifier': 'mission_layer_mvibot', 'progress': 'install'}
[52.420691] (-) TimerEvent: {}
[52.431472] (mission_layer_mvibot) Command: {'cmd': ['/usr/bin/cmake', '--install', '/home/mvibot/floorCleaningRobot_ws/build/mission_layer_mvibot'], 'cwd': '/home/mvibot/floorCleaningRobot_ws/build/mission_layer_mvibot', 'env': OrderedDict({'LESSOPEN': '| /usr/bin/lesspipe %s', 'USER': 'mvibot', 'LC_TIME': 'vi_VN', 'GZ_CONFIG_PATH': '/opt/ros/jazzy/opt/gz_sim_vendor/share/gz:/opt/ros/jazzy/opt/sdformat_vendor/share/gz:/opt/ros/jazzy/opt/gz_gui_vendor/share/gz:/opt/ros/jazzy/opt/gz_transport_vendor/share/gz:/opt/ros/jazzy/opt/gz_rendering_vendor/share/gz:/opt/ros/jazzy/opt/gz_plugin_vendor/share/gz:/opt/ros/jazzy/opt/gz_fuel_tools_vendor/share/gz:/opt/ros/jazzy/opt/gz_msgs_vendor/share/gz:/opt/ros/jazzy/opt/gz_common_vendor/share/gz', 'XDG_SESSION_TYPE': 'wayland', 'CLUTTER_DISABLE_MIPMAPPED_TEXT': '1', 'SHLVL': '1', 'LD_LIBRARY_PATH': '/home/mvibot/floorCleaningRobot_ws/install/opennav_coverage_msgs/lib:/home/mvibot/floorCleaningRobot_ws/install/tf2_web_republisher/lib:/home/mvibot/floorCleaningRobot_ws/install/tf2_web_republisher_interfaces/lib:/home/mvibot/floorCleaningRobot_ws/install/realsense2_camera/lib:/home/mvibot/floorCleaningRobot_ws/install/realsense2_camera_msgs/lib:/home/mvibot/floorCleaningRobot_ws/install/pointcloud_to_laserscan/lib:/home/mvibot/floorCleaningRobot_ws/install/opennav_row_coverage/lib:/home/mvibot/floorCleaningRobot_ws/install/opennav_coverage_navigator/lib:/home/mvibot/floorCleaningRobot_ws/install/opennav_coverage_bt/lib:/home/mvibot/floorCleaningRobot_ws/install/opennav_coverage/lib:/home/mvibot/floorCleaningRobot_ws/install/fields2cover/lib:/opt/ros/jazzy/opt/gz_sim_vendor/lib:/opt/ros/jazzy/opt/gz_sensors_vendor/lib:/opt/ros/jazzy/opt/gz_physics_vendor/lib:/opt/ros/jazzy/opt/sdformat_vendor/lib:/opt/ros/jazzy/opt/rviz_ogre_vendor/lib:/opt/ros/jazzy/lib/x86_64-linux-gnu:/opt/ros/jazzy/opt/ortools_vendor/lib:/opt/ros/jazzy/opt/gz_gui_vendor/lib:/opt/ros/jazzy/opt/gz_transport_vendor/lib:/opt/ros/jazzy/opt/gz_rendering_vendor/lib:/opt/ros/jazzy/opt/gz_plugin_vendor/lib:/opt/ros/jazzy/opt/gz_fuel_tools_vendor/lib:/opt/ros/jazzy/opt/gz_msgs_vendor/lib:/opt/ros/jazzy/opt/gz_common_vendor/lib:/opt/ros/jazzy/opt/gz_math_vendor/lib:/opt/ros/jazzy/opt/gz_utils_vendor/lib:/opt/ros/jazzy/opt/gz_tools_vendor/lib:/opt/ros/jazzy/opt/gz_ogre_next_vendor/lib:/opt/ros/jazzy/opt/gz_dartsim_vendor/lib:/opt/ros/jazzy/opt/gz_cmake_vendor/lib:/opt/ros/jazzy/lib', 'HOME': '/home/mvibot', 'DESKTOP_SESSION': 'ubuntu', 'ROS_PYTHON_VERSION': '3', 'GNOME_SHELL_SESSION_MODE': 'ubuntu', 'GTK_MODULES': 'gail:atk-bridge', 'LC_MONETARY': 'vi_VN', 'SYSTEMD_EXEC_PID': '2889', 'GSM_SKIP_SSH_AGENT_WORKAROUND': 'true', 'DBUS_SESSION_BUS_ADDRESS': 'unix:path=/run/user/1001/bus', 'COLORTERM': 'truecolor', 'DEBUGINFOD_URLS': 'https://debuginfod.ubuntu.com', 'IM_CONFIG_PHASE': '1', 'WAYLAND_DISPLAY': 'wayland-0', 'COLCON_PREFIX_PATH': '/home/mvibot/floorCleaningRobot_ws/install', 'ROS_DISTRO': 'jazzy', 'LOGNAME': 'mvibot', '_': '/usr/bin/colcon', 'ROS_VERSION': '2', 'PKG_CONFIG_PATH': '/home/mvibot/floorCleaningRobot_ws/install/fields2cover/lib/x86_64-linux-gnu/pkgconfig:/home/mvibot/floorCleaningRobot_ws/install/fields2cover/lib/pkgconfig', 'MEMORY_PRESSURE_WATCH': '/sys/fs/cgroup/user.slice/user-1001.slice/user@1001.service/session.slice/org.gnome.Shell@wayland.service/memory.pressure', 'XDG_SESSION_CLASS': 'user', 'USERNAME': 'mvibot', 'TERM': 'xterm-256color', 'GNOME_DESKTOP_SESSION_ID': 'this-is-deprecated', 'PATH': '/opt/ros/jazzy/opt/ortools_vendor/bin:/opt/ros/jazzy/opt/gz_msgs_vendor/bin:/opt/ros/jazzy/opt/gz_tools_vendor/bin:/opt/ros/jazzy/opt/gz_ogre_next_vendor/bin:/opt/ros/jazzy/bin:/usr/local/sbin:/usr/local/bin:/usr/sbin:/usr/bin:/sbin:/bin:/usr/games:/usr/local/games:/snap/bin:/snap/bin', 'SESSION_MANAGER': 'local/king-mvibot:@/tmp/.ICE-unix/2852,unix/king-mvibot:/tmp/.ICE-unix/2852', 'XDG_MENU_PREFIX': 'gnome-', 'LC_ADDRESS': 'vi_VN', 'GNOME_TERMINAL_SCREEN': '/org/gnome/Terminal/screen/dd5d5332_6ec0_49af_b88d_2691b00e59db', 'GNOME_SETUP_DISPLAY': ':1', 'XDG_RUNTIME_DIR': '/run/user/1001', 'DISPLAY': ':0', 'LANG': 'en_US.UTF-8', 'XDG_CURRENT_DESKTOP': 'ubuntu:GNOME', 'LC_TELEPHONE': 'vi_VN', 'RMW_IMPLEMENTATION': 'rmw_fastrtps_cpp', 'XMODIFIERS': '@im=ibus', 'XDG_SESSION_DESKTOP': 'ubuntu', 'XAUTHORITY': '/run/user/1001/.mutter-Xwaylandauth.8T3CG3', 'LS_COLORS': 'rs=0:di=01;34:ln=01;36:mh=00:pi=40;33:so=01;35:do=01;35:bd=40;33;01:cd=40;33;01:or=40;31;01:mi=00:su=37;41:sg=30;43:ca=00:tw=30;42:ow=34;42:st=37;44:ex=01;32:*.tar=01;31:*.tgz=01;31:*.arc=01;31:*.arj=01;31:*.taz=01;31:*.lha=01;31:*.lz4=01;31:*.lzh=01;31:*.lzma=01;31:*.tlz=01;31:*.txz=01;31:*.tzo=01;31:*.t7z=01;31:*.zip=01;31:*.z=01;31:*.dz=01;31:*.gz=01;31:*.lrz=01;31:*.lz=01;31:*.lzo=01;31:*.xz=01;31:*.zst=01;31:*.tzst=01;31:*.bz2=01;31:*.bz=01;31:*.tbz=01;31:*.tbz2=01;31:*.tz=01;31:*.deb=01;31:*.rpm=01;31:*.jar=01;31:*.war=01;31:*.ear=01;31:*.sar=01;31:*.rar=01;31:*.alz=01;31:*.ace=01;31:*.zoo=01;31:*.cpio=01;31:*.7z=01;31:*.rz=01;31:*.cab=01;31:*.wim=01;31:*.swm=01;31:*.dwm=01;31:*.esd=01;31:*.avif=01;35:*.jpg=01;35:*.jpeg=01;35:*.mjpg=01;35:*.mjpeg=01;35:*.gif=01;35:*.bmp=01;35:*.pbm=01;35:*.pgm=01;35:*.ppm=01;35:*.tga=01;35:*.xbm=01;35:*.xpm=01;35:*.tif=01;35:*.tiff=01;35:*.png=01;35:*.svg=01;35:*.svgz=01;35:*.mng=01;35:*.pcx=01;35:*.mov=01;35:*.mpg=01;35:*.mpeg=01;35:*.m2v=01;35:*.mkv=01;35:*.webm=01;35:*.webp=01;35:*.ogm=01;35:*.mp4=01;35:*.m4v=01;35:*.mp4v=01;35:*.vob=01;35:*.qt=01;35:*.nuv=01;35:*.wmv=01;35:*.asf=01;35:*.rm=01;35:*.rmvb=01;35:*.flc=01;35:*.avi=01;35:*.fli=01;35:*.flv=01;35:*.gl=01;35:*.dl=01;35:*.xcf=01;35:*.xwd=01;35:*.yuv=01;35:*.cgm=01;35:*.emf=01;35:*.ogv=01;35:*.ogx=01;35:*.aac=00;36:*.au=00;36:*.flac=00;36:*.m4a=00;36:*.mid=00;36:*.midi=00;36:*.mka=00;36:*.mp3=00;36:*.mpc=00;36:*.ogg=00;36:*.ra=00;36:*.wav=00;36:*.oga=00;36:*.opus=00;36:*.spx=00;36:*.xspf=00;36:*~=00;90:*#=00;90:*.bak=00;90:*.crdownload=00;90:*.dpkg-dist=00;90:*.dpkg-new=00;90:*.dpkg-old=00;90:*.dpkg-tmp=00;90:*.old=00;90:*.orig=00;90:*.part=00;90:*.rej=00;90:*.rpmnew=00;90:*.rpmorig=00;90:*.rpmsave=00;90:*.swp=00;90:*.tmp=00;90:*.ucf-dist=00;90:*.ucf-new=00;90:*.ucf-old=00;90:', 'GNOME_TERMINAL_SERVICE': ':1.133', 'SSH_AUTH_SOCK': '/run/user/1001/keyring/ssh', 'ROS_DOMAIN_ID': '11', 'AMENT_PREFIX_PATH': '/home/mvibot/floorCleaningRobot_ws/install/tf2_web_republisher:/home/mvibot/floorCleaningRobot_ws/install/tf2_web_republisher_interfaces:/home/mvibot/floorCleaningRobot_ws/install/sllidar_ros2:/home/mvibot/floorCleaningRobot_ws/install/realsense2_description:/home/mvibot/floorCleaningRobot_ws/install/realsense2_camera:/home/mvibot/floorCleaningRobot_ws/install/realsense2_camera_msgs:/home/mvibot/floorCleaningRobot_ws/install/pointcloud_to_laserscan:/home/mvibot/floorCleaningRobot_ws/install/opennav_coverage_demo:/home/mvibot/floorCleaningRobot_ws/install/opennav_row_coverage:/home/mvibot/floorCleaningRobot_ws/install/opennav_coverage_navigator:/home/mvibot/floorCleaningRobot_ws/install/opennav_coverage_bt:/home/mvibot/floorCleaningRobot_ws/install/opennav_coverage:/home/mvibot/floorCleaningRobot_ws/install/mission_layer_mvibot:/home/mvibot/floorCleaningRobot_ws/install/opennav_coverage_msgs:/home/mvibot/floorCleaningRobot_ws/install/lower_layer_mvibot:/home/mvibot/floorCleaningRobot_ws/install/ira_laser_tools:/home/mvibot/floorCleaningRobot_ws/install/higher_layer_mvibot:/opt/ros/jazzy', 'SHELL': '/bin/bash', 'LC_NAME': 'vi_VN', 'QT_ACCESSIBILITY': '1', 'GDMSESSION': 'ubuntu', 'LESSCLOSE': '/usr/bin/lesspipe %s %s', 'LC_MEASUREMENT': 'vi_VN', 'LC_IDENTIFICATION': 'vi_VN', 'ROS_AUTOMATIC_DISCOVERY_RANGE': 'SUBNET', 'QT_IM_MODULE': 'ibus', 'PWD': '/home/mvibot/floorCleaningRobot_ws/build/mission_layer_mvibot', 'LC_ALL': 'en_US.UTF-8', 'XDG_CONFIG_DIRS': '/etc/xdg/xdg-ubuntu:/etc/xdg', 'XDG_DATA_DIRS': '/usr/share/ubuntu:/usr/share/gnome:/usr/local/share/:/usr/share/:/var/lib/snapd/desktop', 'PYTHONPATH': '/home/mvibot/floorCleaningRobot_ws/install/opennav_coverage_msgs/lib/python3.12/site-packages:/home/mvibot/floorCleaningRobot_ws/install/tf2_web_republisher_interfaces/lib/python3.12/site-packages:/home/mvibot/floorCleaningRobot_ws/install/realsense2_camera_msgs/lib/python3.12/site-packages:/home/mvibot/floorCleaningRobot_ws/build/opennav_coverage_demo:/home/mvibot/floorCleaningRobot_ws/install/opennav_coverage_demo/lib/python3.12/site-packages:/opt/ros/jazzy/lib/python3.12/site-packages', 'LC_NUMERIC': 'vi_VN', 'LC_PAPER': 'vi_VN', 'COLCON': '1', 'MEMORY_PRESSURE_WRITE': 'c29tZSAyMDAwMDAgMjAwMDAwMAA=', 'VTE_VERSION': '7600', 'CMAKE_PREFIX_PATH': '/home/mvibot/floorCleaningRobot_ws/install/opennav_coverage_msgs:/home/mvibot/floorCleaningRobot_ws/install/tf2_web_republisher:/home/mvibot/floorCleaningRobot_ws/install/tf2_web_republisher_interfaces:/home/mvibot/floorCleaningRobot_ws/install/sllidar_ros2:/home/mvibot/floorCleaningRobot_ws/install/realsense2_description:/home/mvibot/floorCleaningRobot_ws/install/realsense2_camera:/home/mvibot/floorCleaningRobot_ws/install/realsense2_camera_msgs:/home/mvibot/floorCleaningRobot_ws/install/pointcloud_to_laserscan:/home/mvibot/floorCleaningRobot_ws/install/opennav_row_coverage:/home/mvibot/floorCleaningRobot_ws/install/opennav_coverage_navigator:/home/mvibot/floorCleaningRobot_ws/install/opennav_coverage_bt:/home/mvibot/floorCleaningRobot_ws/install/opennav_coverage:/home/mvibot/floorCleaningRobot_ws/install/mission_layer_mvibot:/home/mvibot/floorCleaningRobot_ws/install/lower_layer_mvibot:/home/mvibot/floorCleaningRobot_ws/install/ira_laser_tools:/home/mvibot/floorCleaningRobot_ws/install/higher_layer_mvibot:/home/mvibot/floorCleaningRobot_ws/install/fields2cover:/opt/ros/jazzy/opt/gz_sim_vendor:/opt/ros/jazzy/opt/gz_sensors_vendor:/opt/ros/jazzy/opt/gz_physics_vendor:/opt/ros/jazzy/opt/sdformat_vendor:/opt/ros/jazzy/opt/gz_gui_vendor:/opt/ros/jazzy/opt/gz_transport_vendor:/opt/ros/jazzy/opt/gz_rendering_vendor:/opt/ros/jazzy/opt/gz_plugin_vendor:/opt/ros/jazzy/opt/gz_fuel_tools_vendor:/opt/ros/jazzy/opt/gz_msgs_vendor:/opt/ros/jazzy/opt/gz_common_vendor:/opt/ros/jazzy/opt/gz_math_vendor:/opt/ros/jazzy/opt/gz_utils_vendor:/opt/ros/jazzy/opt/gz_tools_vendor:/opt/ros/jazzy/opt/gz_ogre_next_vendor:/opt/ros/jazzy/opt/gz_dartsim_vendor:/opt/ros/jazzy/opt/gz_cmake_vendor:/home/mvibot/floorCleaningRobot_ws/install/opennav_coverage_demo:/opt/ros/jazzy'}), 'shell': False}
[52.439977] (mission_layer_mvibot) StdoutLine: {'line': b'-- Install configuration: ""\n'}
[52.440331] (mission_layer_mvibot) StdoutLine: {'line': b'-- Execute custom install script\n'}
[52.440884] (mission_layer_mvibot) StdoutLine: {'line': b'-- Up-to-date symlink: /home/mvibot/floorCleaningRobot_ws/install/mission_layer_mvibot/share/mission_layer_mvibot//launch/mvibot_amcl_launch.py\n'}
[52.441029] (mission_layer_mvibot) StdoutLine: {'line': b'-- Up-to-date symlink: /home/mvibot/floorCleaningRobot_ws/install/mission_layer_mvibot/share/mission_layer_mvibot//launch/mvibot_behavior_launch.py\n'}
[52.441146] (mission_layer_mvibot) StdoutLine: {'line': b'-- Up-to-date symlink: /home/mvibot/floorCleaningRobot_ws/install/mission_layer_mvibot/share/mission_layer_mvibot//launch/mvibot_bt_navigator_launch.py\n'}
[52.441529] (mission_layer_mvibot) StdoutLine: {'line': b'-- Up-to-date symlink: /home/mvibot/floorCleaningRobot_ws/install/mission_layer_mvibot/share/mission_layer_mvibot//launch/mvibot_collision_monitor_launch.py\n'}
[52.441693] (mission_layer_mvibot) StdoutLine: {'line': b'-- Up-to-date symlink: /home/mvibot/floorCleaningRobot_ws/install/mission_layer_mvibot/share/mission_layer_mvibot//launch/mvibot_controller_launch.py\n'}
[52.441848] (mission_layer_mvibot) StdoutLine: {'line': b'-- Up-to-date symlink: /home/mvibot/floorCleaningRobot_ws/install/mission_layer_mvibot/share/mission_layer_mvibot//launch/mvibot_lifecycle_manager_navigation_launch.py\n'}
[52.441947] (mission_layer_mvibot) StdoutLine: {'line': b'-- Up-to-date symlink: /home/mvibot/floorCleaningRobot_ws/install/mission_layer_mvibot/share/mission_layer_mvibot//launch/mvibot_manage_mission_launch.py\n'}
[52.442033] (mission_layer_mvibot) StdoutLine: {'line': b'-- Up-to-date symlink: /home/mvibot/floorCleaningRobot_ws/install/mission_layer_mvibot/share/mission_layer_mvibot//launch/mvibot_mission_launch.py\n'}
[52.442185] (mission_layer_mvibot) StdoutLine: {'line': b'-- Up-to-date symlink: /home/mvibot/floorCleaningRobot_ws/install/mission_layer_mvibot/share/mission_layer_mvibot//launch/mvibot_navigation_launch.py\n'}
[52.442311] (mission_layer_mvibot) StdoutLine: {'line': b'-- Up-to-date symlink: /home/mvibot/floorCleaningRobot_ws/install/mission_layer_mvibot/share/mission_layer_mvibot//launch/mvibot_opennav_coverage_launch.py\n'}
[52.442446] (mission_layer_mvibot) StdoutLine: {'line': b'-- Up-to-date symlink: /home/mvibot/floorCleaningRobot_ws/install/mission_layer_mvibot/share/mission_layer_mvibot//launch/mvibot_planner_launch.py\n'}
[52.442581] (mission_layer_mvibot) StdoutLine: {'line': b'-- Up-to-date symlink: /home/mvibot/floorCleaningRobot_ws/install/mission_layer_mvibot/share/mission_layer_mvibot//launch/mvibot_smoother_launch.py\n'}
[52.442683] (mission_layer_mvibot) StdoutLine: {'line': b'-- Up-to-date symlink: /home/mvibot/floorCleaningRobot_ws/install/mission_layer_mvibot/share/mission_layer_mvibot//launch/mvibot_velocity_smoother_launch.py\n'}
[52.442771] (mission_layer_mvibot) StdoutLine: {'line': b'-- Up-to-date symlink: /home/mvibot/floorCleaningRobot_ws/install/mission_layer_mvibot/share/mission_layer_mvibot//launch/mvibot_waypoint_follower_launch.py\n'}
[52.442860] (mission_layer_mvibot) StdoutLine: {'line': b'-- Up-to-date symlink: /home/mvibot/floorCleaningRobot_ws/install/mission_layer_mvibot/lib/mission_layer_mvibot/mvibot_mission\n'}
[52.443004] (mission_layer_mvibot) StdoutLine: {'line': b'-- Up-to-date symlink: /home/mvibot/floorCleaningRobot_ws/install/mission_layer_mvibot/share/ament_index/resource_index/package_run_dependencies/mission_layer_mvibot\n'}
[52.443156] (mission_layer_mvibot) StdoutLine: {'line': b'-- Up-to-date symlink: /home/mvibot/floorCleaningRobot_ws/install/mission_layer_mvibot/share/ament_index/resource_index/parent_prefix_path/mission_layer_mvibot\n'}
[52.443420] (mission_layer_mvibot) StdoutLine: {'line': b'-- Up-to-date symlink: /home/mvibot/floorCleaningRobot_ws/install/mission_layer_mvibot/share/mission_layer_mvibot/environment/ament_prefix_path.sh\n'}
[52.443721] (mission_layer_mvibot) StdoutLine: {'line': b'-- Up-to-date symlink: /home/mvibot/floorCleaningRobot_ws/install/mission_layer_mvibot/share/mission_layer_mvibot/environment/ament_prefix_path.dsv\n'}
[52.443884] (mission_layer_mvibot) StdoutLine: {'line': b'-- Up-to-date symlink: /home/mvibot/floorCleaningRobot_ws/install/mission_layer_mvibot/share/mission_layer_mvibot/environment/path.sh\n'}
[52.444031] (mission_layer_mvibot) StdoutLine: {'line': b'-- Up-to-date symlink: /home/mvibot/floorCleaningRobot_ws/install/mission_layer_mvibot/share/mission_layer_mvibot/environment/path.dsv\n'}
[52.444272] (mission_layer_mvibot) StdoutLine: {'line': b'-- Up-to-date symlink: /home/mvibot/floorCleaningRobot_ws/install/mission_layer_mvibot/share/mission_layer_mvibot/local_setup.bash\n'}
[52.444484] (mission_layer_mvibot) StdoutLine: {'line': b'-- Up-to-date symlink: /home/mvibot/floorCleaningRobot_ws/install/mission_layer_mvibot/share/mission_layer_mvibot/local_setup.sh\n'}
[52.444695] (mission_layer_mvibot) StdoutLine: {'line': b'-- Up-to-date symlink: /home/mvibot/floorCleaningRobot_ws/install/mission_layer_mvibot/share/mission_layer_mvibot/local_setup.zsh\n'}
[52.444927] (mission_layer_mvibot) StdoutLine: {'line': b'-- Up-to-date symlink: /home/mvibot/floorCleaningRobot_ws/install/mission_layer_mvibot/share/mission_layer_mvibot/local_setup.dsv\n'}
[52.445115] (mission_layer_mvibot) StdoutLine: {'line': b'-- Symlinking: /home/mvibot/floorCleaningRobot_ws/install/mission_layer_mvibot/share/mission_layer_mvibot/package.dsv\n'}
[52.454861] (mission_layer_mvibot) StdoutLine: {'line': b'-- Up-to-date symlink: /home/mvibot/floorCleaningRobot_ws/install/mission_layer_mvibot/share/ament_index/resource_index/packages/mission_layer_mvibot\n'}
[52.455113] (mission_layer_mvibot) StdoutLine: {'line': b'-- Up-to-date symlink: /home/mvibot/floorCleaningRobot_ws/install/mission_layer_mvibot/share/mission_layer_mvibot/cmake/mission_layer_mvibotConfig.cmake\n'}
[52.455291] (mission_layer_mvibot) StdoutLine: {'line': b'-- Up-to-date symlink: /home/mvibot/floorCleaningRobot_ws/install/mission_layer_mvibot/share/mission_layer_mvibot/cmake/mission_layer_mvibotConfig-version.cmake\n'}
[52.455433] (mission_layer_mvibot) StdoutLine: {'line': b'-- Up-to-date symlink: /home/mvibot/floorCleaningRobot_ws/install/mission_layer_mvibot/share/mission_layer_mvibot/package.xml\n'}
[52.456725] (mission_layer_mvibot) CommandEnded: {'returncode': 0}
[52.470290] (mission_layer_mvibot) JobEnded: {'identifier': 'mission_layer_mvibot', 'rc': 0}
[52.485353] (-) EventReactorShutdown: {}
