[0.000000] (-) TimerEvent: {}
[0.002130] (-) JobUnselected: {'identifier': 'fields2cover'}
[0.002542] (-) JobUnselected: {'identifier': 'higher_layer_mvibot'}
[0.003119] (-) JobUnselected: {'identifier': 'ira_laser_tools'}
[0.003210] (-) JobUnselected: {'identifier': 'lower_layer_mvibot'}
[0.003410] (-) JobUnselected: {'identifier': 'opennav_coverage'}
[0.003488] (-) JobUnselected: {'identifier': 'opennav_coverage_bt'}
[0.003518] (-) JobUnselected: {'identifier': 'opennav_coverage_demo'}
[0.003546] (-) JobUnselected: {'identifier': 'opennav_coverage_msgs'}
[0.004539] (-) JobUnselected: {'identifier': 'opennav_coverage_navigator'}
[0.005014] (-) JobUnselected: {'identifier': 'opennav_row_coverage'}
[0.005097] (-) JobUnselected: {'identifier': 'pointcloud_to_laserscan'}
[0.005127] (-) JobUnselected: {'identifier': 'realsense2_camera'}
[0.005155] (-) JobUnselected: {'identifier': 'realsense2_camera_msgs'}
[0.005180] (-) JobUnselected: {'identifier': 'realsense2_description'}
[0.005203] (-) JobUnselected: {'identifier': 'sllidar_ros2'}
[0.005226] (-) JobUnselected: {'identifier': 'tf2_web_republisher'}
[0.005248] (-) JobUnselected: {'identifier': 'tf2_web_republisher_interfaces'}
[0.006282] (mission_layer_mvibot) JobQueued: {'identifier': 'mission_layer_mvibot', 'dependencies': OrderedDict({'opennav_coverage_msgs': '/home/mvibot/floorCleaningRobot_ws/install/opennav_coverage_msgs'})}
[0.006480] (mission_layer_mvibot) JobStarted: {'identifier': 'mission_layer_mvibot'}
[0.031347] (mission_layer_mvibot) JobProgress: {'identifier': 'mission_layer_mvibot', 'progress': 'cmake'}
[0.034958] (mission_layer_mvibot) JobProgress: {'identifier': 'mission_layer_mvibot', 'progress': 'build'}
[0.035054] (mission_layer_mvibot) Command: {'cmd': ['/usr/bin/cmake', '--build', '/home/mvibot/floorCleaningRobot_ws/build/mission_layer_mvibot', '--', '-j16', '-l16'], 'cwd': '/home/mvibot/floorCleaningRobot_ws/build/mission_layer_mvibot', 'env': OrderedDict({'LESSOPEN': '| /usr/bin/lesspipe %s', 'USER': 'mvibot', 'LC_TIME': 'vi_VN', 'GZ_CONFIG_PATH': '/opt/ros/jazzy/opt/gz_sim_vendor/share/gz:/opt/ros/jazzy/opt/sdformat_vendor/share/gz:/opt/ros/jazzy/opt/gz_gui_vendor/share/gz:/opt/ros/jazzy/opt/gz_transport_vendor/share/gz:/opt/ros/jazzy/opt/gz_rendering_vendor/share/gz:/opt/ros/jazzy/opt/gz_plugin_vendor/share/gz:/opt/ros/jazzy/opt/gz_fuel_tools_vendor/share/gz:/opt/ros/jazzy/opt/gz_msgs_vendor/share/gz:/opt/ros/jazzy/opt/gz_common_vendor/share/gz', 'XDG_SESSION_TYPE': 'wayland', 'CLUTTER_DISABLE_MIPMAPPED_TEXT': '1', 'SHLVL': '1', 'LD_LIBRARY_PATH': '/home/mvibot/floorCleaningRobot_ws/install/opennav_coverage_msgs/lib:/home/mvibot/floorCleaningRobot_ws/install/tf2_web_republisher/lib:/home/mvibot/floorCleaningRobot_ws/install/tf2_web_republisher_interfaces/lib:/home/mvibot/floorCleaningRobot_ws/install/realsense2_camera/lib:/home/mvibot/floorCleaningRobot_ws/install/realsense2_camera_msgs/lib:/home/mvibot/floorCleaningRobot_ws/install/pointcloud_to_laserscan/lib:/home/mvibot/floorCleaningRobot_ws/install/opennav_row_coverage/lib:/home/mvibot/floorCleaningRobot_ws/install/opennav_coverage_navigator/lib:/home/mvibot/floorCleaningRobot_ws/install/opennav_coverage_bt/lib:/home/mvibot/floorCleaningRobot_ws/install/opennav_coverage/lib:/home/mvibot/floorCleaningRobot_ws/install/fields2cover/lib:/opt/ros/jazzy/opt/gz_sim_vendor/lib:/opt/ros/jazzy/opt/gz_sensors_vendor/lib:/opt/ros/jazzy/opt/gz_physics_vendor/lib:/opt/ros/jazzy/opt/sdformat_vendor/lib:/opt/ros/jazzy/opt/rviz_ogre_vendor/lib:/opt/ros/jazzy/lib/x86_64-linux-gnu:/opt/ros/jazzy/opt/ortools_vendor/lib:/opt/ros/jazzy/opt/gz_gui_vendor/lib:/opt/ros/jazzy/opt/gz_transport_vendor/lib:/opt/ros/jazzy/opt/gz_rendering_vendor/lib:/opt/ros/jazzy/opt/gz_plugin_vendor/lib:/opt/ros/jazzy/opt/gz_fuel_tools_vendor/lib:/opt/ros/jazzy/opt/gz_msgs_vendor/lib:/opt/ros/jazzy/opt/gz_common_vendor/lib:/opt/ros/jazzy/opt/gz_math_vendor/lib:/opt/ros/jazzy/opt/gz_utils_vendor/lib:/opt/ros/jazzy/opt/gz_tools_vendor/lib:/opt/ros/jazzy/opt/gz_ogre_next_vendor/lib:/opt/ros/jazzy/opt/gz_dartsim_vendor/lib:/opt/ros/jazzy/opt/gz_cmake_vendor/lib:/opt/ros/jazzy/lib', 'HOME': '/home/mvibot', 'OLDPWD': '/home/mvibot', 'DESKTOP_SESSION': 'ubuntu', 'ROS_PYTHON_VERSION': '3', 'GNOME_SHELL_SESSION_MODE': 'ubuntu', 'GTK_MODULES': 'gail:atk-bridge', 'LC_MONETARY': 'vi_VN', 'SYSTEMD_EXEC_PID': '2751', 'GSM_SKIP_SSH_AGENT_WORKAROUND': 'true', 'DBUS_SESSION_BUS_ADDRESS': 'unix:path=/run/user/1001/bus', 'COLORTERM': 'truecolor', 'DEBUGINFOD_URLS': 'https://debuginfod.ubuntu.com', 'IM_CONFIG_PHASE': '1', 'WAYLAND_DISPLAY': 'wayland-0', 'COLCON_PREFIX_PATH': '/home/mvibot/floorCleaningRobot_ws/install', 'ROS_DISTRO': 'jazzy', 'LOGNAME': 'mvibot', '_': '/usr/bin/colcon', 'ROS_VERSION': '2', 'PKG_CONFIG_PATH': '/home/mvibot/floorCleaningRobot_ws/install/fields2cover/lib/x86_64-linux-gnu/pkgconfig:/home/mvibot/floorCleaningRobot_ws/install/fields2cover/lib/pkgconfig', 'MEMORY_PRESSURE_WATCH': '/sys/fs/cgroup/user.slice/user-1001.slice/user@1001.service/session.slice/org.gnome.Shell@wayland.service/memory.pressure', 'XDG_SESSION_CLASS': 'user', 'USERNAME': 'mvibot', 'TERM': 'xterm-256color', 'GNOME_DESKTOP_SESSION_ID': 'this-is-deprecated', 'PATH': '/opt/ros/jazzy/opt/ortools_vendor/bin:/opt/ros/jazzy/opt/gz_msgs_vendor/bin:/opt/ros/jazzy/opt/gz_tools_vendor/bin:/opt/ros/jazzy/opt/gz_ogre_next_vendor/bin:/opt/ros/jazzy/bin:/usr/local/sbin:/usr/local/bin:/usr/sbin:/usr/bin:/sbin:/bin:/usr/games:/usr/local/games:/snap/bin:/snap/bin', 'SESSION_MANAGER': 'local/king-mvibot:@/tmp/.ICE-unix/2719,unix/king-mvibot:/tmp/.ICE-unix/2719', 'XDG_MENU_PREFIX': 'gnome-', 'LC_ADDRESS': 'vi_VN', 'GNOME_TERMINAL_SCREEN': '/org/gnome/Terminal/screen/330651e4_3fd4_4611_8349_099accbb8e25', 'GNOME_SETUP_DISPLAY': ':1', 'XDG_RUNTIME_DIR': '/run/user/1001', 'DISPLAY': ':0', 'LANG': 'en_US.UTF-8', 'XDG_CURRENT_DESKTOP': 'ubuntu:GNOME', 'LC_TELEPHONE': 'vi_VN', 'RMW_IMPLEMENTATION': 'rmw_fastrtps_cpp', 'XMODIFIERS': '@im=ibus', 'XDG_SESSION_DESKTOP': 'ubuntu', 'XAUTHORITY': '/run/user/1001/.mutter-Xwaylandauth.9G55H3', 'LS_COLORS': 'rs=0:di=01;34:ln=01;36:mh=00:pi=40;33:so=01;35:do=01;35:bd=40;33;01:cd=40;33;01:or=40;31;01:mi=00:su=37;41:sg=30;43:ca=00:tw=30;42:ow=34;42:st=37;44:ex=01;32:*.tar=01;31:*.tgz=01;31:*.arc=01;31:*.arj=01;31:*.taz=01;31:*.lha=01;31:*.lz4=01;31:*.lzh=01;31:*.lzma=01;31:*.tlz=01;31:*.txz=01;31:*.tzo=01;31:*.t7z=01;31:*.zip=01;31:*.z=01;31:*.dz=01;31:*.gz=01;31:*.lrz=01;31:*.lz=01;31:*.lzo=01;31:*.xz=01;31:*.zst=01;31:*.tzst=01;31:*.bz2=01;31:*.bz=01;31:*.tbz=01;31:*.tbz2=01;31:*.tz=01;31:*.deb=01;31:*.rpm=01;31:*.jar=01;31:*.war=01;31:*.ear=01;31:*.sar=01;31:*.rar=01;31:*.alz=01;31:*.ace=01;31:*.zoo=01;31:*.cpio=01;31:*.7z=01;31:*.rz=01;31:*.cab=01;31:*.wim=01;31:*.swm=01;31:*.dwm=01;31:*.esd=01;31:*.avif=01;35:*.jpg=01;35:*.jpeg=01;35:*.mjpg=01;35:*.mjpeg=01;35:*.gif=01;35:*.bmp=01;35:*.pbm=01;35:*.pgm=01;35:*.ppm=01;35:*.tga=01;35:*.xbm=01;35:*.xpm=01;35:*.tif=01;35:*.tiff=01;35:*.png=01;35:*.svg=01;35:*.svgz=01;35:*.mng=01;35:*.pcx=01;35:*.mov=01;35:*.mpg=01;35:*.mpeg=01;35:*.m2v=01;35:*.mkv=01;35:*.webm=01;35:*.webp=01;35:*.ogm=01;35:*.mp4=01;35:*.m4v=01;35:*.mp4v=01;35:*.vob=01;35:*.qt=01;35:*.nuv=01;35:*.wmv=01;35:*.asf=01;35:*.rm=01;35:*.rmvb=01;35:*.flc=01;35:*.avi=01;35:*.fli=01;35:*.flv=01;35:*.gl=01;35:*.dl=01;35:*.xcf=01;35:*.xwd=01;35:*.yuv=01;35:*.cgm=01;35:*.emf=01;35:*.ogv=01;35:*.ogx=01;35:*.aac=00;36:*.au=00;36:*.flac=00;36:*.m4a=00;36:*.mid=00;36:*.midi=00;36:*.mka=00;36:*.mp3=00;36:*.mpc=00;36:*.ogg=00;36:*.ra=00;36:*.wav=00;36:*.oga=00;36:*.opus=00;36:*.spx=00;36:*.xspf=00;36:*~=00;90:*#=00;90:*.bak=00;90:*.crdownload=00;90:*.dpkg-dist=00;90:*.dpkg-new=00;90:*.dpkg-old=00;90:*.dpkg-tmp=00;90:*.old=00;90:*.orig=00;90:*.part=00;90:*.rej=00;90:*.rpmnew=00;90:*.rpmorig=00;90:*.rpmsave=00;90:*.swp=00;90:*.tmp=00;90:*.ucf-dist=00;90:*.ucf-new=00;90:*.ucf-old=00;90:', 'GNOME_TERMINAL_SERVICE': ':1.100', 'SSH_AUTH_SOCK': '/run/user/1001/keyring/ssh', 'ROS_DOMAIN_ID': '11', 'AMENT_PREFIX_PATH': '/home/mvibot/floorCleaningRobot_ws/install/tf2_web_republisher:/home/mvibot/floorCleaningRobot_ws/install/tf2_web_republisher_interfaces:/home/mvibot/floorCleaningRobot_ws/install/sllidar_ros2:/home/mvibot/floorCleaningRobot_ws/install/realsense2_description:/home/mvibot/floorCleaningRobot_ws/install/realsense2_camera:/home/mvibot/floorCleaningRobot_ws/install/realsense2_camera_msgs:/home/mvibot/floorCleaningRobot_ws/install/pointcloud_to_laserscan:/home/mvibot/floorCleaningRobot_ws/install/opennav_coverage_demo:/home/mvibot/floorCleaningRobot_ws/install/opennav_row_coverage:/home/mvibot/floorCleaningRobot_ws/install/opennav_coverage_navigator:/home/mvibot/floorCleaningRobot_ws/install/opennav_coverage_bt:/home/mvibot/floorCleaningRobot_ws/install/opennav_coverage:/home/mvibot/floorCleaningRobot_ws/install/mission_layer_mvibot:/home/mvibot/floorCleaningRobot_ws/install/opennav_coverage_msgs:/home/mvibot/floorCleaningRobot_ws/install/lower_layer_mvibot:/home/mvibot/floorCleaningRobot_ws/install/ira_laser_tools:/home/mvibot/floorCleaningRobot_ws/install/higher_layer_mvibot:/opt/ros/jazzy', 'SHELL': '/bin/bash', 'LC_NAME': 'vi_VN', 'QT_ACCESSIBILITY': '1', 'GDMSESSION': 'ubuntu', 'LESSCLOSE': '/usr/bin/lesspipe %s %s', 'LC_MEASUREMENT': 'vi_VN', 'LC_IDENTIFICATION': 'vi_VN', 'ROS_AUTOMATIC_DISCOVERY_RANGE': 'SUBNET', 'QT_IM_MODULE': 'ibus', 'PWD': '/home/mvibot/floorCleaningRobot_ws/build/mission_layer_mvibot', 'LC_ALL': 'en_US.UTF-8', 'XDG_CONFIG_DIRS': '/etc/xdg/xdg-ubuntu:/etc/xdg', 'XDG_DATA_DIRS': '/usr/share/ubuntu:/usr/share/gnome:/usr/local/share/:/usr/share/:/var/lib/snapd/desktop', 'PYTHONPATH': '/home/mvibot/floorCleaningRobot_ws/install/opennav_coverage_msgs/lib/python3.12/site-packages:/home/mvibot/floorCleaningRobot_ws/install/tf2_web_republisher_interfaces/lib/python3.12/site-packages:/home/mvibot/floorCleaningRobot_ws/install/realsense2_camera_msgs/lib/python3.12/site-packages:/home/mvibot/floorCleaningRobot_ws/build/opennav_coverage_demo:/home/mvibot/floorCleaningRobot_ws/install/opennav_coverage_demo/lib/python3.12/site-packages:/opt/ros/jazzy/lib/python3.12/site-packages', 'LC_NUMERIC': 'vi_VN', 'LC_PAPER': 'vi_VN', 'COLCON': '1', 'MEMORY_PRESSURE_WRITE': 'c29tZSAyMDAwMDAgMjAwMDAwMAA=', 'VTE_VERSION': '7600', 'CMAKE_PREFIX_PATH': '/home/mvibot/floorCleaningRobot_ws/install/opennav_coverage_msgs:/home/mvibot/floorCleaningRobot_ws/install/tf2_web_republisher:/home/mvibot/floorCleaningRobot_ws/install/tf2_web_republisher_interfaces:/home/mvibot/floorCleaningRobot_ws/install/sllidar_ros2:/home/mvibot/floorCleaningRobot_ws/install/realsense2_description:/home/mvibot/floorCleaningRobot_ws/install/realsense2_camera:/home/mvibot/floorCleaningRobot_ws/install/realsense2_camera_msgs:/home/mvibot/floorCleaningRobot_ws/install/pointcloud_to_laserscan:/home/mvibot/floorCleaningRobot_ws/install/opennav_row_coverage:/home/mvibot/floorCleaningRobot_ws/install/opennav_coverage_navigator:/home/mvibot/floorCleaningRobot_ws/install/opennav_coverage_bt:/home/mvibot/floorCleaningRobot_ws/install/opennav_coverage:/home/mvibot/floorCleaningRobot_ws/install/mission_layer_mvibot:/home/mvibot/floorCleaningRobot_ws/install/lower_layer_mvibot:/home/mvibot/floorCleaningRobot_ws/install/ira_laser_tools:/home/mvibot/floorCleaningRobot_ws/install/higher_layer_mvibot:/home/mvibot/floorCleaningRobot_ws/install/fields2cover:/opt/ros/jazzy/opt/gz_sim_vendor:/opt/ros/jazzy/opt/gz_sensors_vendor:/opt/ros/jazzy/opt/gz_physics_vendor:/opt/ros/jazzy/opt/sdformat_vendor:/opt/ros/jazzy/opt/gz_gui_vendor:/opt/ros/jazzy/opt/gz_transport_vendor:/opt/ros/jazzy/opt/gz_rendering_vendor:/opt/ros/jazzy/opt/gz_plugin_vendor:/opt/ros/jazzy/opt/gz_fuel_tools_vendor:/opt/ros/jazzy/opt/gz_msgs_vendor:/opt/ros/jazzy/opt/gz_common_vendor:/opt/ros/jazzy/opt/gz_math_vendor:/opt/ros/jazzy/opt/gz_utils_vendor:/opt/ros/jazzy/opt/gz_tools_vendor:/opt/ros/jazzy/opt/gz_ogre_next_vendor:/opt/ros/jazzy/opt/gz_dartsim_vendor:/opt/ros/jazzy/opt/gz_cmake_vendor:/home/mvibot/floorCleaningRobot_ws/install/opennav_coverage_demo:/opt/ros/jazzy'}), 'shell': False}
[0.098670] (-) TimerEvent: {}
[0.191044] (mission_layer_mvibot) StdoutLine: {'line': b'[ 50%] \x1b[32mBuilding CXX object CMakeFiles/mvibot_mission.dir/src/mvibot_mission.cpp.o\x1b[0m\n'}
[0.199036] (-) TimerEvent: {}
[0.299835] (-) TimerEvent: {}
[0.400228] (-) TimerEvent: {}
[0.500749] (-) TimerEvent: {}
[0.601249] (-) TimerEvent: {}
[0.701922] (-) TimerEvent: {}
[0.807121] (-) TimerEvent: {}
[0.912040] (-) TimerEvent: {}
[1.012784] (-) TimerEvent: {}
[1.114317] (-) TimerEvent: {}
[1.214995] (-) TimerEvent: {}
[1.316240] (-) TimerEvent: {}
[1.416879] (-) TimerEvent: {}
[1.517362] (-) TimerEvent: {}
[1.617836] (-) TimerEvent: {}
[1.718213] (-) TimerEvent: {}
[1.818714] (-) TimerEvent: {}
[1.919419] (-) TimerEvent: {}
[2.019985] (-) TimerEvent: {}
[2.120299] (-) TimerEvent: {}
[2.220528] (-) TimerEvent: {}
[2.320756] (-) TimerEvent: {}
[2.420991] (-) TimerEvent: {}
[2.521235] (-) TimerEvent: {}
[2.621479] (-) TimerEvent: {}
[2.721693] (-) TimerEvent: {}
[2.822176] (-) TimerEvent: {}
[2.922466] (-) TimerEvent: {}
[3.022709] (-) TimerEvent: {}
[3.122928] (-) TimerEvent: {}
[3.223114] (-) TimerEvent: {}
[3.323298] (-) TimerEvent: {}
[3.423507] (-) TimerEvent: {}
[3.523681] (-) TimerEvent: {}
[3.623895] (-) TimerEvent: {}
[3.724124] (-) TimerEvent: {}
[3.824375] (-) TimerEvent: {}
[3.924599] (-) TimerEvent: {}
[4.024939] (-) TimerEvent: {}
[4.125674] (-) TimerEvent: {}
[4.226160] (-) TimerEvent: {}
[4.326424] (-) TimerEvent: {}
[4.426731] (-) TimerEvent: {}
[4.527034] (-) TimerEvent: {}
[4.627359] (-) TimerEvent: {}
[4.727779] (-) TimerEvent: {}
[4.828094] (-) TimerEvent: {}
[4.928429] (-) TimerEvent: {}
[5.028946] (-) TimerEvent: {}
[5.129233] (-) TimerEvent: {}
[5.229512] (-) TimerEvent: {}
[5.329770] (-) TimerEvent: {}
[5.430059] (-) TimerEvent: {}
[5.530311] (-) TimerEvent: {}
[5.630550] (-) TimerEvent: {}
[5.730796] (-) TimerEvent: {}
[5.831066] (-) TimerEvent: {}
[5.931307] (-) TimerEvent: {}
[6.031545] (-) TimerEvent: {}
[6.131857] (-) TimerEvent: {}
[6.232150] (-) TimerEvent: {}
[6.332448] (-) TimerEvent: {}
[6.432722] (-) TimerEvent: {}
[6.532977] (-) TimerEvent: {}
[6.633213] (-) TimerEvent: {}
[6.733477] (-) TimerEvent: {}
[6.833709] (-) TimerEvent: {}
[6.933940] (-) TimerEvent: {}
[7.034175] (-) TimerEvent: {}
[7.134427] (-) TimerEvent: {}
[7.234672] (-) TimerEvent: {}
[7.334917] (-) TimerEvent: {}
[7.435195] (-) TimerEvent: {}
[7.535483] (-) TimerEvent: {}
[7.635729] (-) TimerEvent: {}
[7.735958] (-) TimerEvent: {}
[7.836260] (-) TimerEvent: {}
[7.936566] (-) TimerEvent: {}
[8.036999] (-) TimerEvent: {}
[8.137369] (-) TimerEvent: {}
[8.237790] (-) TimerEvent: {}
[8.338123] (-) TimerEvent: {}
[8.438759] (-) TimerEvent: {}
[8.539629] (-) TimerEvent: {}
[8.640403] (-) TimerEvent: {}
[8.741003] (-) TimerEvent: {}
[8.841728] (-) TimerEvent: {}
[8.942636] (-) TimerEvent: {}
[9.043370] (-) TimerEvent: {}
[9.143769] (-) TimerEvent: {}
[9.244230] (-) TimerEvent: {}
[9.344769] (-) TimerEvent: {}
[9.445174] (-) TimerEvent: {}
[9.545760] (-) TimerEvent: {}
[9.646356] (-) TimerEvent: {}
[9.747526] (-) TimerEvent: {}
[9.848052] (-) TimerEvent: {}
[9.948690] (-) TimerEvent: {}
[10.049029] (-) TimerEvent: {}
[10.149425] (-) TimerEvent: {}
[10.249863] (-) TimerEvent: {}
[10.350157] (-) TimerEvent: {}
[10.450588] (-) TimerEvent: {}
[10.551043] (-) TimerEvent: {}
[10.651298] (-) TimerEvent: {}
[10.751657] (-) TimerEvent: {}
[10.852335] (-) TimerEvent: {}
[10.953271] (-) TimerEvent: {}
[11.053577] (-) TimerEvent: {}
[11.154897] (-) TimerEvent: {}
[11.255519] (-) TimerEvent: {}
[11.355972] (-) TimerEvent: {}
[11.456302] (-) TimerEvent: {}
[11.556717] (-) TimerEvent: {}
[11.658245] (-) TimerEvent: {}
[11.758697] (-) TimerEvent: {}
[11.859034] (-) TimerEvent: {}
[11.959427] (-) TimerEvent: {}
[12.059730] (-) TimerEvent: {}
[12.160212] (-) TimerEvent: {}
[12.260446] (-) TimerEvent: {}
[12.360720] (-) TimerEvent: {}
[12.460993] (-) TimerEvent: {}
[12.561646] (-) TimerEvent: {}
[12.662314] (-) TimerEvent: {}
[12.763446] (-) TimerEvent: {}
[12.864010] (-) TimerEvent: {}
[12.964851] (-) TimerEvent: {}
[13.066878] (-) TimerEvent: {}
[13.167543] (-) TimerEvent: {}
[13.267918] (-) TimerEvent: {}
[13.368445] (-) TimerEvent: {}
[13.468989] (-) TimerEvent: {}
[13.569873] (-) TimerEvent: {}
[13.670387] (-) TimerEvent: {}
[13.771160] (-) TimerEvent: {}
[13.871466] (-) TimerEvent: {}
[13.971737] (-) TimerEvent: {}
[14.003525] (mission_layer_mvibot) StderrLine: {'line': b'In file included from \x1b[01m\x1b[K/home/mvibot/floorCleaningRobot_ws/src/mission_layer_mvibot/src/mvibot_mission.cpp:3\x1b[m\x1b[K:\n'}
[14.003806] (mission_layer_mvibot) StderrLine: {'line': b'\x1b[01m\x1b[K/home/mvibot/floorCleaningRobot_ws/src/mission_layer_mvibot/src/../include/mission_layer_mvibot/mvibot_mission/manage_mission.h:\x1b[m\x1b[K In lambda function:\n'}
[14.003946] (mission_layer_mvibot) StderrLine: {'line': b'\x1b[01m\x1b[K/home/mvibot/floorCleaningRobot_ws/src/mission_layer_mvibot/src/../include/mission_layer_mvibot/mvibot_mission/manage_mission.h:315:30:\x1b[m\x1b[K \x1b[01;35m\x1b[Kwarning: \x1b[m\x1b[Kcomparison of integer expressions of different signedness: \xe2\x80\x98\x1b[01m\x1b[Kint\x1b[m\x1b[K\xe2\x80\x99 and \xe2\x80\x98\x1b[01m\x1b[Kstd::vector<std::__cxx11::basic_string<char>, std::allocator<std::__cxx11::basic_string<char> > >::size_type\x1b[m\x1b[K\xe2\x80\x99 {aka \xe2\x80\x98\x1b[01m\x1b[Klong unsigned int\x1b[m\x1b[K\xe2\x80\x99} [\x1b[01;35m\x1b[K\x1b]8;;https://gcc.gnu.org/onlinedocs/gcc/Warning-Options.html#index-Wsign-compare\x07-Wsign-compare\x1b]8;;\x07\x1b[m\x1b[K]\n'}
[14.004080] (mission_layer_mvibot) StderrLine: {'line': b'  315 |                 for(int i=0;\x1b[01;35m\x1b[Ki<data.data1.size()\x1b[m\x1b[K;i++){\n'}
[14.004205] (mission_layer_mvibot) StderrLine: {'line': b'      |                             \x1b[01;35m\x1b[K~^~~~~~~~~~~~~~~~~~\x1b[m\x1b[K\n'}
[14.005141] (mission_layer_mvibot) StderrLine: {'line': b'\x1b[01m\x1b[K/home/mvibot/floorCleaningRobot_ws/src/mission_layer_mvibot/src/../include/mission_layer_mvibot/mvibot_mission/manage_mission.h:311:28:\x1b[m\x1b[K \x1b[01;35m\x1b[Kwarning: \x1b[m\x1b[Kvariable \xe2\x80\x98\x1b[01m\x1b[Kis_ready\x1b[m\x1b[K\xe2\x80\x99 set but not used [\x1b[01;35m\x1b[K\x1b]8;;https://gcc.gnu.org/onlinedocs/gcc/Warning-Options.html#index-Wunused-but-set-variable\x07-Wunused-but-set-variable\x1b]8;;\x07\x1b[m\x1b[K]\n'}
[14.005393] (mission_layer_mvibot) StderrLine: {'line': b'  311 |                 static int \x1b[01;35m\x1b[Kis_ready\x1b[m\x1b[K;\n'}
[14.005553] (mission_layer_mvibot) StderrLine: {'line': b'      |                            \x1b[01;35m\x1b[K^~~~~~~~\x1b[m\x1b[K\n'}
[14.005704] (mission_layer_mvibot) StderrLine: {'line': b'\x1b[01m\x1b[K/home/mvibot/floorCleaningRobot_ws/src/mission_layer_mvibot/src/../include/mission_layer_mvibot/mvibot_mission/manage_mission.h:312:36:\x1b[m\x1b[K \x1b[01;35m\x1b[Kwarning: \x1b[m\x1b[Kunused variable \xe2\x80\x98\x1b[01m\x1b[Klive_f\x1b[m\x1b[K\xe2\x80\x99 [\x1b[01;35m\x1b[K\x1b]8;;https://gcc.gnu.org/onlinedocs/gcc/Warning-Options.html#index-Wunused-variable\x07-Wunused-variable\x1b]8;;\x07\x1b[m\x1b[K]\n'}
[14.005857] (mission_layer_mvibot) StderrLine: {'line': b'  312 |                 static int live=-1,\x1b[01;35m\x1b[Klive_f\x1b[m\x1b[K=-1,brake=-1,brake_f=-1,enable=-1,enable_f=-1,error=-1,error_f=-1;\n'}
[14.006007] (mission_layer_mvibot) StderrLine: {'line': b'      |                                    \x1b[01;35m\x1b[K^~~~~~\x1b[m\x1b[K\n'}
[14.006156] (mission_layer_mvibot) StderrLine: {'line': b'\x1b[01m\x1b[K/home/mvibot/floorCleaningRobot_ws/src/mission_layer_mvibot/src/../include/mission_layer_mvibot/mvibot_mission/manage_mission.h:312:55:\x1b[m\x1b[K \x1b[01;35m\x1b[Kwarning: \x1b[m\x1b[Kunused variable \xe2\x80\x98\x1b[01m\x1b[Kbrake_f\x1b[m\x1b[K\xe2\x80\x99 [\x1b[01;35m\x1b[K\x1b]8;;https://gcc.gnu.org/onlinedocs/gcc/Warning-Options.html#index-Wunused-variable\x07-Wunused-variable\x1b]8;;\x07\x1b[m\x1b[K]\n'}
[14.006369] (mission_layer_mvibot) StderrLine: {'line': b'  312 |                 static int live=-1,live_f=-1,brake=-1,\x1b[01;35m\x1b[Kbrake_f\x1b[m\x1b[K=-1,enable=-1,enable_f=-1,error=-1,error_f=-1;\n'}
[14.006530] (mission_layer_mvibot) StderrLine: {'line': b'      |                                                       \x1b[01;35m\x1b[K^~~~~~~\x1b[m\x1b[K\n'}
[14.007198] (mission_layer_mvibot) StderrLine: {'line': b'\x1b[01m\x1b[K/home/mvibot/floorCleaningRobot_ws/src/mission_layer_mvibot/src/../include/mission_layer_mvibot/mvibot_mission/manage_mission.h:312:76:\x1b[m\x1b[K \x1b[01;35m\x1b[Kwarning: \x1b[m\x1b[Kunused variable \xe2\x80\x98\x1b[01m\x1b[Kenable_f\x1b[m\x1b[K\xe2\x80\x99 [\x1b[01;35m\x1b[K\x1b]8;;https://gcc.gnu.org/onlinedocs/gcc/Warning-Options.html#index-Wunused-variable\x07-Wunused-variable\x1b]8;;\x07\x1b[m\x1b[K]\n'}
[14.007389] (mission_layer_mvibot) StderrLine: {'line': b'  312 |                 static int live=-1,live_f=-1,brake=-1,brake_f=-1,enable=-1,\x1b[01;35m\x1b[Kenable_f\x1b[m\x1b[K=-1,error=-1,error_f=-1;\n'}
[14.007614] (mission_layer_mvibot) StderrLine: {'line': b'      |                                                                            \x1b[01;35m\x1b[K^~~~~~~~\x1b[m\x1b[K\n'}
[14.007804] (mission_layer_mvibot) StderrLine: {'line': b'\x1b[01m\x1b[K/home/mvibot/floorCleaningRobot_ws/src/mission_layer_mvibot/src/../include/mission_layer_mvibot/mvibot_mission/manage_mission.h:312:88:\x1b[m\x1b[K \x1b[01;35m\x1b[Kwarning: \x1b[m\x1b[Kvariable \xe2\x80\x98\x1b[01m\x1b[Kerror\x1b[m\x1b[K\xe2\x80\x99 set but not used [\x1b[01;35m\x1b[K\x1b]8;;https://gcc.gnu.org/onlinedocs/gcc/Warning-Options.html#index-Wunused-but-set-variable\x07-Wunused-but-set-variable\x1b]8;;\x07\x1b[m\x1b[K]\n'}
[14.007948] (mission_layer_mvibot) StderrLine: {'line': b'  312 |                 static int live=-1,live_f=-1,brake=-1,brake_f=-1,enable=-1,enable_f=-1,\x1b[01;35m\x1b[Kerror\x1b[m\x1b[K=-1,error_f=-1;\n'}
[14.008092] (mission_layer_mvibot) StderrLine: {'line': b'      |                                                                                        \x1b[01;35m\x1b[K^~~~~\x1b[m\x1b[K\n'}
[14.008249] (mission_layer_mvibot) StderrLine: {'line': b'\x1b[01m\x1b[K/home/mvibot/floorCleaningRobot_ws/src/mission_layer_mvibot/src/../include/mission_layer_mvibot/mvibot_mission/manage_mission.h:312:97:\x1b[m\x1b[K \x1b[01;35m\x1b[Kwarning: \x1b[m\x1b[Kunused variable \xe2\x80\x98\x1b[01m\x1b[Kerror_f\x1b[m\x1b[K\xe2\x80\x99 [\x1b[01;35m\x1b[K\x1b]8;;https://gcc.gnu.org/onlinedocs/gcc/Warning-Options.html#index-Wunused-variable\x07-Wunused-variable\x1b]8;;\x07\x1b[m\x1b[K]\n'}
[14.008443] (mission_layer_mvibot) StderrLine: {'line': b'  312 |                 static int live=-1,live_f=-1,brake=-1,brake_f=-1,enable=-1,enable_f=-1,error=-1,\x1b[01;35m\x1b[Kerror_f\x1b[m\x1b[K=-1;\n'}
[14.008595] (mission_layer_mvibot) StderrLine: {'line': b'      |                                                                                                 \x1b[01;35m\x1b[K^~~~~~~\x1b[m\x1b[K\n'}
[14.008743] (mission_layer_mvibot) StderrLine: {'line': b'\x1b[01m\x1b[K/home/mvibot/floorCleaningRobot_ws/src/mission_layer_mvibot/src/../include/mission_layer_mvibot/mvibot_mission/manage_mission.h:\x1b[m\x1b[K In lambda function:\n'}
[14.008894] (mission_layer_mvibot) StderrLine: {'line': b'\x1b[01m\x1b[K/home/mvibot/floorCleaningRobot_ws/src/mission_layer_mvibot/src/../include/mission_layer_mvibot/mvibot_mission/manage_mission.h:344:30:\x1b[m\x1b[K \x1b[01;35m\x1b[Kwarning: \x1b[m\x1b[Kcomparison of integer expressions of different signedness: \xe2\x80\x98\x1b[01m\x1b[Kint\x1b[m\x1b[K\xe2\x80\x99 and \xe2\x80\x98\x1b[01m\x1b[Kstd::vector<std::__cxx11::basic_string<char>, std::allocator<std::__cxx11::basic_string<char> > >::size_type\x1b[m\x1b[K\xe2\x80\x99 {aka \xe2\x80\x98\x1b[01m\x1b[Klong unsigned int\x1b[m\x1b[K\xe2\x80\x99} [\x1b[01;35m\x1b[K\x1b]8;;https://gcc.gnu.org/onlinedocs/gcc/Warning-Options.html#index-Wsign-compare\x07-Wsign-compare\x1b]8;;\x07\x1b[m\x1b[K]\n'}
[14.009368] (mission_layer_mvibot) StderrLine: {'line': b'  344 |                 for(int i=0;\x1b[01;35m\x1b[Ki<data.data1.size()\x1b[m\x1b[K;i++){\n'}
[14.009526] (mission_layer_mvibot) StderrLine: {'line': b'      |                             \x1b[01;35m\x1b[K~^~~~~~~~~~~~~~~~~~\x1b[m\x1b[K\n'}
[14.009672] (mission_layer_mvibot) StderrLine: {'line': b'\x1b[01m\x1b[K/home/mvibot/floorCleaningRobot_ws/src/mission_layer_mvibot/src/../include/mission_layer_mvibot/mvibot_mission/manage_mission.h:340:36:\x1b[m\x1b[K \x1b[01;35m\x1b[Kwarning: \x1b[m\x1b[Kunused variable \xe2\x80\x98\x1b[01m\x1b[Klive_f\x1b[m\x1b[K\xe2\x80\x99 [\x1b[01;35m\x1b[K\x1b]8;;https://gcc.gnu.org/onlinedocs/gcc/Warning-Options.html#index-Wunused-variable\x07-Wunused-variable\x1b]8;;\x07\x1b[m\x1b[K]\n'}
[14.009882] (mission_layer_mvibot) StderrLine: {'line': b'  340 |                 static int live=-1,\x1b[01;35m\x1b[Klive_f\x1b[m\x1b[K=-1,brake=-1,brake_f=-1,enable=-1,enable_f=-1,error=-1,error_f=-1;\n'}
[14.010023] (mission_layer_mvibot) StderrLine: {'line': b'      |                                    \x1b[01;35m\x1b[K^~~~~~\x1b[m\x1b[K\n'}
[14.010164] (mission_layer_mvibot) StderrLine: {'line': b'\x1b[01m\x1b[K/home/mvibot/floorCleaningRobot_ws/src/mission_layer_mvibot/src/../include/mission_layer_mvibot/mvibot_mission/manage_mission.h:340:55:\x1b[m\x1b[K \x1b[01;35m\x1b[Kwarning: \x1b[m\x1b[Kunused variable \xe2\x80\x98\x1b[01m\x1b[Kbrake_f\x1b[m\x1b[K\xe2\x80\x99 [\x1b[01;35m\x1b[K\x1b]8;;https://gcc.gnu.org/onlinedocs/gcc/Warning-Options.html#index-Wunused-variable\x07-Wunused-variable\x1b]8;;\x07\x1b[m\x1b[K]\n'}
[14.010335] (mission_layer_mvibot) StderrLine: {'line': b'  340 |                 static int live=-1,live_f=-1,brake=-1,\x1b[01;35m\x1b[Kbrake_f\x1b[m\x1b[K=-1,enable=-1,enable_f=-1,error=-1,error_f=-1;\n'}
[14.010492] (mission_layer_mvibot) StderrLine: {'line': b'      |                                                       \x1b[01;35m\x1b[K^~~~~~~\x1b[m\x1b[K\n'}
[14.010641] (mission_layer_mvibot) StderrLine: {'line': b'\x1b[01m\x1b[K/home/mvibot/floorCleaningRobot_ws/src/mission_layer_mvibot/src/../include/mission_layer_mvibot/mvibot_mission/manage_mission.h:340:76:\x1b[m\x1b[K \x1b[01;35m\x1b[Kwarning: \x1b[m\x1b[Kunused variable \xe2\x80\x98\x1b[01m\x1b[Kenable_f\x1b[m\x1b[K\xe2\x80\x99 [\x1b[01;35m\x1b[K\x1b]8;;https://gcc.gnu.org/onlinedocs/gcc/Warning-Options.html#index-Wunused-variable\x07-Wunused-variable\x1b]8;;\x07\x1b[m\x1b[K]\n'}
[14.010794] (mission_layer_mvibot) StderrLine: {'line': b'  340 |                 static int live=-1,live_f=-1,brake=-1,brake_f=-1,enable=-1,\x1b[01;35m\x1b[Kenable_f\x1b[m\x1b[K=-1,error=-1,error_f=-1;\n'}
[14.010938] (mission_layer_mvibot) StderrLine: {'line': b'      |                                                                            \x1b[01;35m\x1b[K^~~~~~~~\x1b[m\x1b[K\n'}
[14.011084] (mission_layer_mvibot) StderrLine: {'line': b'\x1b[01m\x1b[K/home/mvibot/floorCleaningRobot_ws/src/mission_layer_mvibot/src/../include/mission_layer_mvibot/mvibot_mission/manage_mission.h:340:88:\x1b[m\x1b[K \x1b[01;35m\x1b[Kwarning: \x1b[m\x1b[Kvariable \xe2\x80\x98\x1b[01m\x1b[Kerror\x1b[m\x1b[K\xe2\x80\x99 set but not used [\x1b[01;35m\x1b[K\x1b]8;;https://gcc.gnu.org/onlinedocs/gcc/Warning-Options.html#index-Wunused-but-set-variable\x07-Wunused-but-set-variable\x1b]8;;\x07\x1b[m\x1b[K]\n'}
[14.011291] (mission_layer_mvibot) StderrLine: {'line': b'  340 |                 static int live=-1,live_f=-1,brake=-1,brake_f=-1,enable=-1,enable_f=-1,\x1b[01;35m\x1b[Kerror\x1b[m\x1b[K=-1,error_f=-1;\n'}
[14.011479] (mission_layer_mvibot) StderrLine: {'line': b'      |                                                                                        \x1b[01;35m\x1b[K^~~~~\x1b[m\x1b[K\n'}
[14.011632] (mission_layer_mvibot) StderrLine: {'line': b'\x1b[01m\x1b[K/home/mvibot/floorCleaningRobot_ws/src/mission_layer_mvibot/src/../include/mission_layer_mvibot/mvibot_mission/manage_mission.h:340:97:\x1b[m\x1b[K \x1b[01;35m\x1b[Kwarning: \x1b[m\x1b[Kunused variable \xe2\x80\x98\x1b[01m\x1b[Kerror_f\x1b[m\x1b[K\xe2\x80\x99 [\x1b[01;35m\x1b[K\x1b]8;;https://gcc.gnu.org/onlinedocs/gcc/Warning-Options.html#index-Wunused-variable\x07-Wunused-variable\x1b]8;;\x07\x1b[m\x1b[K]\n'}
[14.011873] (mission_layer_mvibot) StderrLine: {'line': b'  340 |                 static int live=-1,live_f=-1,brake=-1,brake_f=-1,enable=-1,enable_f=-1,error=-1,\x1b[01;35m\x1b[Kerror_f\x1b[m\x1b[K=-1;\n'}
[14.012078] (mission_layer_mvibot) StderrLine: {'line': b'      |                                                                                                 \x1b[01;35m\x1b[K^~~~~~~\x1b[m\x1b[K\n'}
[14.012279] (mission_layer_mvibot) StderrLine: {'line': b'\x1b[01m\x1b[K/home/mvibot/floorCleaningRobot_ws/src/mission_layer_mvibot/src/../include/mission_layer_mvibot/mvibot_mission/manage_mission.h:341:28:\x1b[m\x1b[K \x1b[01;35m\x1b[Kwarning: \x1b[m\x1b[Kvariable \xe2\x80\x98\x1b[01m\x1b[Kis_ready\x1b[m\x1b[K\xe2\x80\x99 set but not used [\x1b[01;35m\x1b[K\x1b]8;;https://gcc.gnu.org/onlinedocs/gcc/Warning-Options.html#index-Wunused-but-set-variable\x07-Wunused-but-set-variable\x1b]8;;\x07\x1b[m\x1b[K]\n'}
[14.012446] (mission_layer_mvibot) StderrLine: {'line': b'  341 |                 static int \x1b[01;35m\x1b[Kis_ready\x1b[m\x1b[K;\n'}
[14.012568] (mission_layer_mvibot) StderrLine: {'line': b'      |                            \x1b[01;35m\x1b[K^~~~~~~~\x1b[m\x1b[K\n'}
[14.012698] (mission_layer_mvibot) StderrLine: {'line': b'\x1b[01m\x1b[K/home/mvibot/floorCleaningRobot_ws/src/mission_layer_mvibot/src/../include/mission_layer_mvibot/mvibot_mission/manage_mission.h:\x1b[m\x1b[K In lambda function:\n'}
[14.012836] (mission_layer_mvibot) StderrLine: {'line': b'\x1b[01m\x1b[K/home/mvibot/floorCleaningRobot_ws/src/mission_layer_mvibot/src/../include/mission_layer_mvibot/mvibot_mission/manage_mission.h:371:30:\x1b[m\x1b[K \x1b[01;35m\x1b[Kwarning: \x1b[m\x1b[Kcomparison of integer expressions of different signedness: \xe2\x80\x98\x1b[01m\x1b[Kint\x1b[m\x1b[K\xe2\x80\x99 and \xe2\x80\x98\x1b[01m\x1b[Kstd::vector<std::__cxx11::basic_string<char>, std::allocator<std::__cxx11::basic_string<char> > >::size_type\x1b[m\x1b[K\xe2\x80\x99 {aka \xe2\x80\x98\x1b[01m\x1b[Klong unsigned int\x1b[m\x1b[K\xe2\x80\x99} [\x1b[01;35m\x1b[K\x1b]8;;https://gcc.gnu.org/onlinedocs/gcc/Warning-Options.html#index-Wsign-compare\x07-Wsign-compare\x1b]8;;\x07\x1b[m\x1b[K]\n'}
[14.012996] (mission_layer_mvibot) StderrLine: {'line': b'  371 |                 for(int i=1;\x1b[01;35m\x1b[Ki<data.data1.size()\x1b[m\x1b[K;i++){\n'}
[14.013127] (mission_layer_mvibot) StderrLine: {'line': b'      |                             \x1b[01;35m\x1b[K~^~~~~~~~~~~~~~~~~~\x1b[m\x1b[K\n'}
[14.071854] (-) TimerEvent: {}
[14.172145] (-) TimerEvent: {}
[14.272456] (-) TimerEvent: {}
[14.372783] (-) TimerEvent: {}
[14.473125] (-) TimerEvent: {}
[14.534391] (mission_layer_mvibot) StderrLine: {'line': b'\x1b[01m\x1b[K/home/mvibot/floorCleaningRobot_ws/src/mission_layer_mvibot/src/../include/mission_layer_mvibot/mvibot_mission/manage_mission.h:\x1b[m\x1b[K In member function \xe2\x80\x98\x1b[01m\x1b[Kint manage_mission::\x1b[01;32m\x1b[Kexecute_content\x1b[m\x1b[K(mission&, std::vector<std::__cxx11::basic_string<char>, std::allocator<std::__cxx11::basic_string<char> > >&, std::string&, std::string&, int&)\x1b[m\x1b[K\xe2\x80\x99:\n'}
[14.534668] (mission_layer_mvibot) StderrLine: {'line': b'\x1b[01m\x1b[K/home/mvibot/floorCleaningRobot_ws/src/mission_layer_mvibot/src/../include/mission_layer_mvibot/mvibot_mission/manage_mission.h:1083:14:\x1b[m\x1b[K \x1b[01;35m\x1b[Kwarning: \x1b[m\x1b[Kcomparison of integer expressions of different signedness: \xe2\x80\x98\x1b[01m\x1b[Kint\x1b[m\x1b[K\xe2\x80\x99 and \xe2\x80\x98\x1b[01m\x1b[Kstd::vector<std::__cxx11::basic_string<char>, std::allocator<std::__cxx11::basic_string<char> > >::size_type\x1b[m\x1b[K\xe2\x80\x99 {aka \xe2\x80\x98\x1b[01m\x1b[Klong unsigned int\x1b[m\x1b[K\xe2\x80\x99} [\x1b[01;35m\x1b[K\x1b]8;;https://gcc.gnu.org/onlinedocs/gcc/Warning-Options.html#index-Wsign-compare\x07-Wsign-compare\x1b]8;;\x07\x1b[m\x1b[K]\n'}
[14.534812] (mission_layer_mvibot) StderrLine: {'line': b' 1083 |         if(\x1b[01;35m\x1b[Ki == and_contents_list.size()\x1b[m\x1b[K){\n'}
[14.534936] (mission_layer_mvibot) StderrLine: {'line': b'      |            \x1b[01;35m\x1b[K~~^~~~~~~~~~~~~~~~~~~~~~~~~~~\x1b[m\x1b[K\n'}
[14.535844] (mission_layer_mvibot) StderrLine: {'line': b'\x1b[01m\x1b[K/home/mvibot/floorCleaningRobot_ws/src/mission_layer_mvibot/src/../include/mission_layer_mvibot/mvibot_mission/manage_mission.h:1108:14:\x1b[m\x1b[K \x1b[01;35m\x1b[Kwarning: \x1b[m\x1b[Kcomparison of integer expressions of different signedness: \xe2\x80\x98\x1b[01m\x1b[Kint\x1b[m\x1b[K\xe2\x80\x99 and \xe2\x80\x98\x1b[01m\x1b[Kstd::vector<std::__cxx11::basic_string<char>, std::allocator<std::__cxx11::basic_string<char> > >::size_type\x1b[m\x1b[K\xe2\x80\x99 {aka \xe2\x80\x98\x1b[01m\x1b[Klong unsigned int\x1b[m\x1b[K\xe2\x80\x99} [\x1b[01;35m\x1b[K\x1b]8;;https://gcc.gnu.org/onlinedocs/gcc/Warning-Options.html#index-Wsign-compare\x07-Wsign-compare\x1b]8;;\x07\x1b[m\x1b[K]\n'}
[14.536046] (mission_layer_mvibot) StderrLine: {'line': b' 1108 |         if(\x1b[01;35m\x1b[Ki == or_contents_list.size()\x1b[m\x1b[K){\n'}
[14.536177] (mission_layer_mvibot) StderrLine: {'line': b'      |            \x1b[01;35m\x1b[K~~^~~~~~~~~~~~~~~~~~~~~~~~~~\x1b[m\x1b[K\n'}
[14.573222] (-) TimerEvent: {}
[14.673499] (-) TimerEvent: {}
[14.773806] (-) TimerEvent: {}
[14.874075] (-) TimerEvent: {}
[14.974300] (-) TimerEvent: {}
[15.074565] (-) TimerEvent: {}
[15.174809] (-) TimerEvent: {}
[15.275072] (-) TimerEvent: {}
[15.375370] (-) TimerEvent: {}
[15.475615] (-) TimerEvent: {}
[15.575859] (-) TimerEvent: {}
[15.676071] (-) TimerEvent: {}
[15.776308] (-) TimerEvent: {}
[15.876609] (-) TimerEvent: {}
[15.976942] (-) TimerEvent: {}
[16.077265] (-) TimerEvent: {}
[16.177685] (-) TimerEvent: {}
[16.278378] (-) TimerEvent: {}
[16.379190] (-) TimerEvent: {}
[16.479937] (-) TimerEvent: {}
[16.580973] (-) TimerEvent: {}
[16.681715] (-) TimerEvent: {}
[16.782416] (-) TimerEvent: {}
[16.884007] (-) TimerEvent: {}
[16.984318] (-) TimerEvent: {}
[17.084844] (-) TimerEvent: {}
[17.185581] (-) TimerEvent: {}
[17.286165] (-) TimerEvent: {}
[17.387054] (-) TimerEvent: {}
[17.487680] (-) TimerEvent: {}
[17.588298] (-) TimerEvent: {}
[17.688518] (-) TimerEvent: {}
[17.788748] (-) TimerEvent: {}
[17.889235] (-) TimerEvent: {}
[17.989672] (-) TimerEvent: {}
[18.090193] (-) TimerEvent: {}
[18.190414] (-) TimerEvent: {}
[18.290649] (-) TimerEvent: {}
[18.391049] (-) TimerEvent: {}
[18.491795] (-) TimerEvent: {}
[18.592039] (-) TimerEvent: {}
[18.670687] (mission_layer_mvibot) StderrLine: {'line': b'In file included from \x1b[01m\x1b[K/home/mvibot/floorCleaningRobot_ws/src/mission_layer_mvibot/src/mvibot_mission.cpp:4\x1b[m\x1b[K:\n'}
[18.670883] (mission_layer_mvibot) StderrLine: {'line': b'\x1b[01m\x1b[K/home/mvibot/floorCleaningRobot_ws/src/mission_layer_mvibot/src/../include/mission_layer_mvibot/mvibot_mission/navigation_function.h:\x1b[m\x1b[K In member function \xe2\x80\x98\x1b[01m\x1b[Kdouble* navigation_function::\x1b[01;32m\x1b[Kget_position_tf\x1b[m\x1b[K(std::string, std::string)\x1b[m\x1b[K\xe2\x80\x99:\n'}
[18.670978] (mission_layer_mvibot) StderrLine: {'line': b'\x1b[01m\x1b[K/home/mvibot/floorCleaningRobot_ws/src/mission_layer_mvibot/src/../include/mission_layer_mvibot/mvibot_mission/navigation_function.h:239:23:\x1b[m\x1b[K \x1b[01;35m\x1b[Kwarning: \x1b[m\x1b[Kvariable \xe2\x80\x98\x1b[01m\x1b[Kz\x1b[m\x1b[K\xe2\x80\x99 set but not used [\x1b[01;35m\x1b[K\x1b]8;;https://gcc.gnu.org/onlinedocs/gcc/Warning-Options.html#index-Wunused-but-set-variable\x07-Wunused-but-set-variable\x1b]8;;\x07\x1b[m\x1b[K]\n'}
[18.671054] (mission_layer_mvibot) StderrLine: {'line': b'  239 |     static double x,y,\x1b[01;35m\x1b[Kz\x1b[m\x1b[K,thz,thw;\n'}
[18.671148] (mission_layer_mvibot) StderrLine: {'line': b'      |                       \x1b[01;35m\x1b[K^\x1b[m\x1b[K\n'}
[18.692126] (-) TimerEvent: {}
[18.760609] (mission_layer_mvibot) StderrLine: {'line': b'\x1b[01m\x1b[K/home/mvibot/floorCleaningRobot_ws/src/mission_layer_mvibot/src/../include/mission_layer_mvibot/mvibot_mission/navigation_function.h:\x1b[m\x1b[K In member function \xe2\x80\x98\x1b[01m\x1b[Kvoid navigation_function::\x1b[01;32m\x1b[Kupdate_polygon\x1b[m\x1b[K()\x1b[m\x1b[K\xe2\x80\x99:\n'}
[18.760804] (mission_layer_mvibot) StderrLine: {'line': b'\x1b[01m\x1b[K/home/mvibot/floorCleaningRobot_ws/src/mission_layer_mvibot/src/../include/mission_layer_mvibot/mvibot_mission/navigation_function.h:470:19:\x1b[m\x1b[K \x1b[01;35m\x1b[Kwarning: \x1b[m\x1b[Kcomparison of integer expressions of different signedness: \xe2\x80\x98\x1b[01m\x1b[Kint\x1b[m\x1b[K\xe2\x80\x99 and \xe2\x80\x98\x1b[01m\x1b[Kstd::vector<geometry_msgs::msg::Point32_<std::allocator<void> >, std::allocator<geometry_msgs::msg::Point32_<std::allocator<void> > > >::size_type\x1b[m\x1b[K\xe2\x80\x99 {aka \xe2\x80\x98\x1b[01m\x1b[Klong unsigned int\x1b[m\x1b[K\xe2\x80\x99} [\x1b[01;35m\x1b[K\x1b]8;;https://gcc.gnu.org/onlinedocs/gcc/Warning-Options.html#index-Wsign-compare\x07-Wsign-compare\x1b]8;;\x07\x1b[m\x1b[K]\n'}
[18.760929] (mission_layer_mvibot) StderrLine: {'line': b'  470 |     for(int i=0; \x1b[01;35m\x1b[Ki<polygons[0].points.size()\x1b[m\x1b[K;i++){\n'}
[18.761004] (mission_layer_mvibot) StderrLine: {'line': b'      |                  \x1b[01;35m\x1b[K~^~~~~~~~~~~~~~~~~~~~~~~~~~\x1b[m\x1b[K\n'}
[18.792247] (-) TimerEvent: {}
[18.892519] (-) TimerEvent: {}
[18.975978] (mission_layer_mvibot) StderrLine: {'line': b'\x1b[01m\x1b[K/home/mvibot/floorCleaningRobot_ws/src/mission_layer_mvibot/src/../include/mission_layer_mvibot/mvibot_mission/navigation_function.h:\x1b[m\x1b[K In member function \xe2\x80\x98\x1b[01m\x1b[Kint navigation_function::\x1b[01;32m\x1b[Kaction\x1b[m\x1b[K()\x1b[m\x1b[K\xe2\x80\x99:\n'}
[18.976229] (mission_layer_mvibot) StderrLine: {'line': b'\x1b[01m\x1b[K/home/mvibot/floorCleaningRobot_ws/src/mission_layer_mvibot/src/../include/mission_layer_mvibot/mvibot_mission/navigation_function.h:967:26:\x1b[m\x1b[K \x1b[01;35m\x1b[Kwarning: \x1b[m\x1b[Kstatement has no effect [\x1b[01;35m\x1b[K\x1b]8;;https://gcc.gnu.org/onlinedocs/gcc/Warning-Options.html#index-Wunused-value\x07-Wunused-value\x1b]8;;\x07\x1b[m\x1b[K]\n'}
[18.976348] (mission_layer_mvibot) StderrLine: {'line': b'  967 |                     \x1b[01;35m\x1b[Kstep == 0\x1b[m\x1b[K;\n'}
[18.976450] (mission_layer_mvibot) StderrLine: {'line': b'      |                     \x1b[01;35m\x1b[K~~~~~^~~~\x1b[m\x1b[K\n'}
[18.992612] (-) TimerEvent: {}
[19.092876] (-) TimerEvent: {}
[19.169788] (mission_layer_mvibot) StderrLine: {'line': b'In file included from \x1b[01m\x1b[K/home/mvibot/floorCleaningRobot_ws/src/mission_layer_mvibot/src/mvibot_mission.cpp:6\x1b[m\x1b[K:\n'}
[19.170067] (mission_layer_mvibot) StderrLine: {'line': b'\x1b[01m\x1b[K/home/mvibot/floorCleaningRobot_ws/src/mission_layer_mvibot/src/../include/mission_layer_mvibot/mvibot_mission/marker_function.h:\x1b[m\x1b[K In member function \xe2\x80\x98\x1b[01m\x1b[Kdouble* marker_function::\x1b[01;32m\x1b[Kget_position\x1b[m\x1b[K(std::string, std::string)\x1b[m\x1b[K\xe2\x80\x99:\n'}
[19.170208] (mission_layer_mvibot) StderrLine: {'line': b'\x1b[01m\x1b[K/home/mvibot/floorCleaningRobot_ws/src/mission_layer_mvibot/src/../include/mission_layer_mvibot/mvibot_mission/marker_function.h:200:23:\x1b[m\x1b[K \x1b[01;35m\x1b[Kwarning: \x1b[m\x1b[Kvariable \xe2\x80\x98\x1b[01m\x1b[Kz\x1b[m\x1b[K\xe2\x80\x99 set but not used [\x1b[01;35m\x1b[K\x1b]8;;https://gcc.gnu.org/onlinedocs/gcc/Warning-Options.html#index-Wunused-but-set-variable\x07-Wunused-but-set-variable\x1b]8;;\x07\x1b[m\x1b[K]\n'}
[19.170362] (mission_layer_mvibot) StderrLine: {'line': b'  200 |     static double x,y,\x1b[01;35m\x1b[Kz\x1b[m\x1b[K,thz,thw;\n'}
[19.170493] (mission_layer_mvibot) StderrLine: {'line': b'      |                       \x1b[01;35m\x1b[K^\x1b[m\x1b[K\n'}
[19.172087] (mission_layer_mvibot) StderrLine: {'line': b'\x1b[01m\x1b[K/home/mvibot/floorCleaningRobot_ws/src/mission_layer_mvibot/src/../include/mission_layer_mvibot/mvibot_mission/marker_function.h:\x1b[m\x1b[K In member function \xe2\x80\x98\x1b[01m\x1b[Kint marker_function::\x1b[01;32m\x1b[Kcaculate_transforms_ofset\x1b[m\x1b[K()\x1b[m\x1b[K\xe2\x80\x99:\n'}
[19.172232] (mission_layer_mvibot) StderrLine: {'line': b'\x1b[01m\x1b[K/home/mvibot/floorCleaningRobot_ws/src/mission_layer_mvibot/src/../include/mission_layer_mvibot/mvibot_mission/marker_function.h:248:19:\x1b[m\x1b[K \x1b[01;35m\x1b[Kwarning: \x1b[m\x1b[Kvariable \xe2\x80\x98\x1b[01m\x1b[Ktheta\x1b[m\x1b[K\xe2\x80\x99 set but not used [\x1b[01;35m\x1b[K\x1b]8;;https://gcc.gnu.org/onlinedocs/gcc/Warning-Options.html#index-Wunused-but-set-variable\x07-Wunused-but-set-variable\x1b]8;;\x07\x1b[m\x1b[K]\n'}
[19.172392] (mission_layer_mvibot) StderrLine: {'line': b'  248 |     static double \x1b[01;35m\x1b[Ktheta\x1b[m\x1b[K;\n'}
[19.172520] (mission_layer_mvibot) StderrLine: {'line': b'      |                   \x1b[01;35m\x1b[K^~~~~\x1b[m\x1b[K\n'}
[19.192966] (-) TimerEvent: {}
[19.206493] (mission_layer_mvibot) StderrLine: {'line': b'\x1b[01m\x1b[K/home/mvibot/floorCleaningRobot_ws/src/mission_layer_mvibot/src/../include/mission_layer_mvibot/mvibot_mission/marker_function.h:\x1b[m\x1b[K In member function \xe2\x80\x98\x1b[01m\x1b[Kint marker_function::\x1b[01;32m\x1b[Kmove_to_goal\x1b[m\x1b[K()\x1b[m\x1b[K\xe2\x80\x99:\n'}
[19.206912] (mission_layer_mvibot) StderrLine: {'line': b'\x1b[01m\x1b[K/home/mvibot/floorCleaningRobot_ws/src/mission_layer_mvibot/src/../include/mission_layer_mvibot/mvibot_mission/marker_function.h:442:21:\x1b[m\x1b[K \x1b[01;35m\x1b[Kwarning: \x1b[m\x1b[Kvariable \xe2\x80\x98\x1b[01m\x1b[Ky\x1b[m\x1b[K\xe2\x80\x99 set but not used [\x1b[01;35m\x1b[K\x1b]8;;https://gcc.gnu.org/onlinedocs/gcc/Warning-Options.html#index-Wunused-but-set-variable\x07-Wunused-but-set-variable\x1b]8;;\x07\x1b[m\x1b[K]\n'}
[19.207079] (mission_layer_mvibot) StderrLine: {'line': b'  442 |     static double x,\x1b[01;35m\x1b[Ky\x1b[m\x1b[K;\n'}
[19.207209] (mission_layer_mvibot) StderrLine: {'line': b'      |                     \x1b[01;35m\x1b[K^\x1b[m\x1b[K\n'}
[19.224316] (mission_layer_mvibot) StderrLine: {'line': b'In file included from \x1b[01m\x1b[K/home/mvibot/floorCleaningRobot_ws/src/mission_layer_mvibot/src/mvibot_mission.cpp:7\x1b[m\x1b[K:\n'}
[19.224589] (mission_layer_mvibot) StderrLine: {'line': b'\x1b[01m\x1b[K/home/mvibot/floorCleaningRobot_ws/src/mission_layer_mvibot/src/../include/mission_layer_mvibot/mvibot_mission/variable_function.h:\x1b[m\x1b[K In member function \xe2\x80\x98\x1b[01m\x1b[Kvoid multiple_variable_local::\x1b[01;32m\x1b[Kadd_var\x1b[m\x1b[K(variable_local)\x1b[m\x1b[K\xe2\x80\x99:\n'}
[19.224741] (mission_layer_mvibot) StderrLine: {'line': b'\x1b[01m\x1b[K/home/mvibot/floorCleaningRobot_ws/src/mission_layer_mvibot/src/../include/mission_layer_mvibot/mvibot_mission/variable_function.h:31:18:\x1b[m\x1b[K \x1b[01;35m\x1b[Kwarning: \x1b[m\x1b[Kcomparison of integer expressions of different signedness: \xe2\x80\x98\x1b[01m\x1b[Kint\x1b[m\x1b[K\xe2\x80\x99 and \xe2\x80\x98\x1b[01m\x1b[Kstd::vector<variable_local>::size_type\x1b[m\x1b[K\xe2\x80\x99 {aka \xe2\x80\x98\x1b[01m\x1b[Klong unsigned int\x1b[m\x1b[K\xe2\x80\x99} [\x1b[01;35m\x1b[K\x1b]8;;https://gcc.gnu.org/onlinedocs/gcc/Warning-Options.html#index-Wsign-compare\x07-Wsign-compare\x1b]8;;\x07\x1b[m\x1b[K]\n'}
[19.224881] (mission_layer_mvibot) StderrLine: {'line': b'   31 |     for(int i=0;\x1b[01;35m\x1b[Ki<var.size()\x1b[m\x1b[K;i++){\n'}
[19.225081] (mission_layer_mvibot) StderrLine: {'line': b'      |                 \x1b[01;35m\x1b[K~^~~~~~~~~~~\x1b[m\x1b[K\n'}
[19.225219] (mission_layer_mvibot) StderrLine: {'line': b'\x1b[01m\x1b[K/home/mvibot/floorCleaningRobot_ws/src/mission_layer_mvibot/src/../include/mission_layer_mvibot/mvibot_mission/variable_function.h:\x1b[m\x1b[K In member function \xe2\x80\x98\x1b[01m\x1b[Kvoid multiple_variable_local::\x1b[01;32m\x1b[Kupdate_var\x1b[m\x1b[K(variable_local)\x1b[m\x1b[K\xe2\x80\x99:\n'}
[19.225367] (mission_layer_mvibot) StderrLine: {'line': b'\x1b[01m\x1b[K/home/mvibot/floorCleaningRobot_ws/src/mission_layer_mvibot/src/../include/mission_layer_mvibot/mvibot_mission/variable_function.h:45:18:\x1b[m\x1b[K \x1b[01;35m\x1b[Kwarning: \x1b[m\x1b[Kcomparison of integer expressions of different signedness: \xe2\x80\x98\x1b[01m\x1b[Kint\x1b[m\x1b[K\xe2\x80\x99 and \xe2\x80\x98\x1b[01m\x1b[Kstd::vector<variable_local>::size_type\x1b[m\x1b[K\xe2\x80\x99 {aka \xe2\x80\x98\x1b[01m\x1b[Klong unsigned int\x1b[m\x1b[K\xe2\x80\x99} [\x1b[01;35m\x1b[K\x1b]8;;https://gcc.gnu.org/onlinedocs/gcc/Warning-Options.html#index-Wsign-compare\x07-Wsign-compare\x1b]8;;\x07\x1b[m\x1b[K]\n'}
[19.225508] (mission_layer_mvibot) StderrLine: {'line': b'   45 |     for(int i=0;\x1b[01;35m\x1b[Ki<var.size()\x1b[m\x1b[K;i++){\n'}
[19.225607] (mission_layer_mvibot) StderrLine: {'line': b'      |                 \x1b[01;35m\x1b[K~^~~~~~~~~~~\x1b[m\x1b[K\n'}
[19.225767] (mission_layer_mvibot) StderrLine: {'line': b'\x1b[01m\x1b[K/home/mvibot/floorCleaningRobot_ws/src/mission_layer_mvibot/src/../include/mission_layer_mvibot/mvibot_mission/variable_function.h:\x1b[m\x1b[K In member function \xe2\x80\x98\x1b[01m\x1b[Kvoid multiple_variable_local::\x1b[01;32m\x1b[Kreset_all\x1b[m\x1b[K()\x1b[m\x1b[K\xe2\x80\x99:\n'}
[19.225855] (mission_layer_mvibot) StderrLine: {'line': b'\x1b[01m\x1b[K/home/mvibot/floorCleaningRobot_ws/src/mission_layer_mvibot/src/../include/mission_layer_mvibot/mvibot_mission/variable_function.h:58:18:\x1b[m\x1b[K \x1b[01;35m\x1b[Kwarning: \x1b[m\x1b[Kcomparison of integer expressions of different signedness: \xe2\x80\x98\x1b[01m\x1b[Kint\x1b[m\x1b[K\xe2\x80\x99 and \xe2\x80\x98\x1b[01m\x1b[Kstd::vector<variable_local>::size_type\x1b[m\x1b[K\xe2\x80\x99 {aka \xe2\x80\x98\x1b[01m\x1b[Klong unsigned int\x1b[m\x1b[K\xe2\x80\x99} [\x1b[01;35m\x1b[K\x1b]8;;https://gcc.gnu.org/onlinedocs/gcc/Warning-Options.html#index-Wsign-compare\x07-Wsign-compare\x1b]8;;\x07\x1b[m\x1b[K]\n'}
[19.225939] (mission_layer_mvibot) StderrLine: {'line': b'   58 |     for(int i=0;\x1b[01;35m\x1b[Ki<var.size()\x1b[m\x1b[K;i++){\n'}
[19.226037] (mission_layer_mvibot) StderrLine: {'line': b'      |                 \x1b[01;35m\x1b[K~^~~~~~~~~~~\x1b[m\x1b[K\n'}
[19.226261] (mission_layer_mvibot) StderrLine: {'line': b'\x1b[01m\x1b[K/home/mvibot/floorCleaningRobot_ws/src/mission_layer_mvibot/src/../include/mission_layer_mvibot/mvibot_mission/variable_function.h:\x1b[m\x1b[K In member function \xe2\x80\x98\x1b[01m\x1b[Kvoid multiple_variable_local::\x1b[01;32m\x1b[Kprint\x1b[m\x1b[K()\x1b[m\x1b[K\xe2\x80\x99:\n'}
[19.226429] (mission_layer_mvibot) StderrLine: {'line': b'\x1b[01m\x1b[K/home/mvibot/floorCleaningRobot_ws/src/mission_layer_mvibot/src/../include/mission_layer_mvibot/mvibot_mission/variable_function.h:68:18:\x1b[m\x1b[K \x1b[01;35m\x1b[Kwarning: \x1b[m\x1b[Kcomparison of integer expressions of different signedness: \xe2\x80\x98\x1b[01m\x1b[Kint\x1b[m\x1b[K\xe2\x80\x99 and \xe2\x80\x98\x1b[01m\x1b[Kstd::vector<variable_local>::size_type\x1b[m\x1b[K\xe2\x80\x99 {aka \xe2\x80\x98\x1b[01m\x1b[Klong unsigned int\x1b[m\x1b[K\xe2\x80\x99} [\x1b[01;35m\x1b[K\x1b]8;;https://gcc.gnu.org/onlinedocs/gcc/Warning-Options.html#index-Wsign-compare\x07-Wsign-compare\x1b]8;;\x07\x1b[m\x1b[K]\n'}
[19.226560] (mission_layer_mvibot) StderrLine: {'line': b'   68 |     for(int i=0;\x1b[01;35m\x1b[Ki<var.size()\x1b[m\x1b[K;i++){\n'}
[19.226637] (mission_layer_mvibot) StderrLine: {'line': b'      |                 \x1b[01;35m\x1b[K~^~~~~~~~~~~\x1b[m\x1b[K\n'}
[19.241324] (mission_layer_mvibot) StderrLine: {'line': b'\x1b[01m\x1b[K/home/mvibot/floorCleaningRobot_ws/src/mission_layer_mvibot/src/../include/mission_layer_mvibot/mvibot_mission/variable_function.h:\x1b[m\x1b[K In member function \xe2\x80\x98\x1b[01m\x1b[Kvoid variable_function::\x1b[01;32m\x1b[Kpub_variable\x1b[m\x1b[K()\x1b[m\x1b[K\xe2\x80\x99:\n'}
[19.241547] (mission_layer_mvibot) StderrLine: {'line': b'\x1b[01m\x1b[K/home/mvibot/floorCleaningRobot_ws/src/mission_layer_mvibot/src/../include/mission_layer_mvibot/mvibot_mission/variable_function.h:192:22:\x1b[m\x1b[K \x1b[01;35m\x1b[Kwarning: \x1b[m\x1b[Kcomparison of integer expressions of different signedness: \xe2\x80\x98\x1b[01m\x1b[Kint\x1b[m\x1b[K\xe2\x80\x99 and \xe2\x80\x98\x1b[01m\x1b[Kstd::vector<variable_local>::size_type\x1b[m\x1b[K\xe2\x80\x99 {aka \xe2\x80\x98\x1b[01m\x1b[Klong unsigned int\x1b[m\x1b[K\xe2\x80\x99} [\x1b[01;35m\x1b[K\x1b]8;;https://gcc.gnu.org/onlinedocs/gcc/Warning-Options.html#index-Wsign-compare\x07-Wsign-compare\x1b]8;;\x07\x1b[m\x1b[K]\n'}
[19.241652] (mission_layer_mvibot) StderrLine: {'line': b'  192 |         for(int i=0;\x1b[01;35m\x1b[Ki<my_vars_local.var.size()\x1b[m\x1b[K;i++){\n'}
[19.241748] (mission_layer_mvibot) StderrLine: {'line': b'      |                     \x1b[01;35m\x1b[K~^~~~~~~~~~~~~~~~~~~~~~~~~\x1b[m\x1b[K\n'}
[19.257819] (mission_layer_mvibot) StderrLine: {'line': b'\x1b[01m\x1b[K/home/mvibot/floorCleaningRobot_ws/src/mission_layer_mvibot/src/../include/mission_layer_mvibot/mvibot_mission/variable_function.h:\x1b[m\x1b[K In member function \xe2\x80\x98\x1b[01m\x1b[Kint variable_function::\x1b[01;32m\x1b[Kaction\x1b[m\x1b[K()\x1b[m\x1b[K\xe2\x80\x99:\n'}
[19.257983] (mission_layer_mvibot) StderrLine: {'line': b'\x1b[01m\x1b[K/home/mvibot/floorCleaningRobot_ws/src/mission_layer_mvibot/src/../include/mission_layer_mvibot/mvibot_mission/variable_function.h:221:26:\x1b[m\x1b[K \x1b[01;35m\x1b[Kwarning: \x1b[m\x1b[Kcomparison of integer expressions of different signedness: \xe2\x80\x98\x1b[01m\x1b[Kint\x1b[m\x1b[K\xe2\x80\x99 and \xe2\x80\x98\x1b[01m\x1b[Kstd::vector<variable_local>::size_type\x1b[m\x1b[K\xe2\x80\x99 {aka \xe2\x80\x98\x1b[01m\x1b[Klong unsigned int\x1b[m\x1b[K\xe2\x80\x99} [\x1b[01;35m\x1b[K\x1b]8;;https://gcc.gnu.org/onlinedocs/gcc/Warning-Options.html#index-Wsign-compare\x07-Wsign-compare\x1b]8;;\x07\x1b[m\x1b[K]\n'}
[19.258088] (mission_layer_mvibot) StderrLine: {'line': b'  221 |             for(int i=0;\x1b[01;35m\x1b[Ki<my_vars_local.var.size()\x1b[m\x1b[K;i++){\n'}
[19.258212] (mission_layer_mvibot) StderrLine: {'line': b'      |                         \x1b[01;35m\x1b[K~^~~~~~~~~~~~~~~~~~~~~~~~~\x1b[m\x1b[K\n'}
[19.293051] (-) TimerEvent: {}
[19.326145] (mission_layer_mvibot) StderrLine: {'line': b'In file included from \x1b[01m\x1b[K/home/mvibot/floorCleaningRobot_ws/src/mission_layer_mvibot/src/mvibot_mission.cpp:8\x1b[m\x1b[K:\n'}
[19.326356] (mission_layer_mvibot) StderrLine: {'line': b'\x1b[01m\x1b[K/home/mvibot/floorCleaningRobot_ws/src/mission_layer_mvibot/src/../include/mission_layer_mvibot/mvibot_mission/gpio_function.h:\x1b[m\x1b[K In member function \xe2\x80\x98\x1b[01m\x1b[Kint gpio_function::\x1b[01;32m\x1b[Kaction\x1b[m\x1b[K()\x1b[m\x1b[K\xe2\x80\x99:\n'}
[19.326481] (mission_layer_mvibot) StderrLine: {'line': b'\x1b[01m\x1b[K/home/mvibot/floorCleaningRobot_ws/src/mission_layer_mvibot/src/../include/mission_layer_mvibot/mvibot_mission/gpio_function.h:149:16:\x1b[m\x1b[K \x1b[01;35m\x1b[Kwarning: \x1b[m\x1b[Kunused variable \xe2\x80\x98\x1b[01m\x1b[Kvalue_return\x1b[m\x1b[K\xe2\x80\x99 [\x1b[01;35m\x1b[K\x1b]8;;https://gcc.gnu.org/onlinedocs/gcc/Warning-Options.html#index-Wunused-variable\x07-Wunused-variable\x1b]8;;\x07\x1b[m\x1b[K]\n'}
[19.326586] (mission_layer_mvibot) StderrLine: {'line': b'  149 |     static int \x1b[01;35m\x1b[Kvalue_return\x1b[m\x1b[K;\n'}
[19.326671] (mission_layer_mvibot) StderrLine: {'line': b'      |                \x1b[01;35m\x1b[K^~~~~~~~~~~~\x1b[m\x1b[K\n'}
[19.393222] (-) TimerEvent: {}
[19.493729] (-) TimerEvent: {}
[19.594170] (-) TimerEvent: {}
[19.697402] (-) TimerEvent: {}
[19.798109] (-) TimerEvent: {}
[19.898651] (-) TimerEvent: {}
[19.999146] (-) TimerEvent: {}
[20.099678] (-) TimerEvent: {}
[20.200543] (-) TimerEvent: {}
[20.301042] (-) TimerEvent: {}
[20.401553] (-) TimerEvent: {}
[20.502066] (-) TimerEvent: {}
[20.602377] (-) TimerEvent: {}
[20.702572] (-) TimerEvent: {}
[20.802814] (-) TimerEvent: {}
[20.903114] (-) TimerEvent: {}
[21.003647] (-) TimerEvent: {}
[21.103876] (-) TimerEvent: {}
[21.204117] (-) TimerEvent: {}
[21.304387] (-) TimerEvent: {}
[21.404625] (-) TimerEvent: {}
[21.504907] (-) TimerEvent: {}
[21.605244] (-) TimerEvent: {}
[21.705477] (-) TimerEvent: {}
[21.805723] (-) TimerEvent: {}
[21.906288] (-) TimerEvent: {}
[22.006681] (-) TimerEvent: {}
[22.107157] (-) TimerEvent: {}
[22.207594] (-) TimerEvent: {}
[22.307862] (-) TimerEvent: {}
[22.408085] (-) TimerEvent: {}
[22.508373] (-) TimerEvent: {}
[22.608577] (-) TimerEvent: {}
[22.708787] (-) TimerEvent: {}
[22.809079] (-) TimerEvent: {}
[22.909382] (-) TimerEvent: {}
[23.009620] (-) TimerEvent: {}
[23.109970] (-) TimerEvent: {}
[23.210327] (-) TimerEvent: {}
[23.310697] (-) TimerEvent: {}
[23.411355] (-) TimerEvent: {}
[23.512167] (-) TimerEvent: {}
[23.613064] (-) TimerEvent: {}
[23.714110] (-) TimerEvent: {}
[23.815014] (-) TimerEvent: {}
[23.915847] (-) TimerEvent: {}
[24.016750] (-) TimerEvent: {}
[24.118410] (-) TimerEvent: {}
[24.218906] (-) TimerEvent: {}
[24.319310] (-) TimerEvent: {}
[24.419721] (-) TimerEvent: {}
[24.520385] (-) TimerEvent: {}
[24.621139] (-) TimerEvent: {}
[24.722020] (-) TimerEvent: {}
[24.823094] (-) TimerEvent: {}
[24.923870] (-) TimerEvent: {}
[25.024714] (-) TimerEvent: {}
[25.125674] (-) TimerEvent: {}
[25.226016] (-) TimerEvent: {}
[25.326547] (-) TimerEvent: {}
[25.426956] (-) TimerEvent: {}
[25.527235] (-) TimerEvent: {}
[25.627568] (-) TimerEvent: {}
[25.727854] (-) TimerEvent: {}
[25.828121] (-) TimerEvent: {}
[25.928407] (-) TimerEvent: {}
[26.028871] (-) TimerEvent: {}
[26.129557] (-) TimerEvent: {}
[26.230211] (-) TimerEvent: {}
[26.330621] (-) TimerEvent: {}
[26.431282] (-) TimerEvent: {}
[26.531641] (-) TimerEvent: {}
[26.632107] (-) TimerEvent: {}
[26.732562] (-) TimerEvent: {}
[26.832911] (-) TimerEvent: {}
[26.933157] (-) TimerEvent: {}
[27.033528] (-) TimerEvent: {}
[27.133868] (-) TimerEvent: {}
[27.234288] (-) TimerEvent: {}
[27.334675] (-) TimerEvent: {}
[27.434940] (-) TimerEvent: {}
[27.535282] (-) TimerEvent: {}
[27.635573] (-) TimerEvent: {}
[27.735930] (-) TimerEvent: {}
[27.836386] (-) TimerEvent: {}
[27.936875] (-) TimerEvent: {}
[28.037697] (-) TimerEvent: {}
[28.138067] (-) TimerEvent: {}
[28.238772] (-) TimerEvent: {}
[28.339413] (-) TimerEvent: {}
[28.439754] (-) TimerEvent: {}
[28.540098] (-) TimerEvent: {}
[28.640691] (-) TimerEvent: {}
[28.741181] (-) TimerEvent: {}
[28.841438] (-) TimerEvent: {}
[28.941723] (-) TimerEvent: {}
[29.041971] (-) TimerEvent: {}
[29.142208] (-) TimerEvent: {}
[29.242482] (-) TimerEvent: {}
[29.342755] (-) TimerEvent: {}
[29.443003] (-) TimerEvent: {}
[29.543268] (-) TimerEvent: {}
[29.643568] (-) TimerEvent: {}
[29.743836] (-) TimerEvent: {}
[29.844106] (-) TimerEvent: {}
[29.944413] (-) TimerEvent: {}
[30.044662] (-) TimerEvent: {}
[30.144902] (-) TimerEvent: {}
[30.245169] (-) TimerEvent: {}
[30.345670] (-) TimerEvent: {}
[30.446074] (-) TimerEvent: {}
[30.546715] (-) TimerEvent: {}
[30.647411] (-) TimerEvent: {}
[30.748085] (-) TimerEvent: {}
[30.848876] (-) TimerEvent: {}
[30.949585] (-) TimerEvent: {}
[31.050041] (-) TimerEvent: {}
[31.150478] (-) TimerEvent: {}
[31.250908] (-) TimerEvent: {}
[31.351180] (-) TimerEvent: {}
[31.451493] (-) TimerEvent: {}
[31.551840] (-) TimerEvent: {}
[31.652146] (-) TimerEvent: {}
[31.752752] (-) TimerEvent: {}
[31.853223] (-) TimerEvent: {}
[31.953578] (-) TimerEvent: {}
[32.054008] (-) TimerEvent: {}
[32.154343] (-) TimerEvent: {}
[32.254970] (-) TimerEvent: {}
[32.355710] (-) TimerEvent: {}
[32.456172] (-) TimerEvent: {}
[32.556567] (-) TimerEvent: {}
[32.657982] (-) TimerEvent: {}
[32.758688] (-) TimerEvent: {}
[32.859207] (-) TimerEvent: {}
[32.959728] (-) TimerEvent: {}
[33.060335] (-) TimerEvent: {}
[33.160714] (-) TimerEvent: {}
[33.261090] (-) TimerEvent: {}
[33.361427] (-) TimerEvent: {}
[33.461678] (-) TimerEvent: {}
[33.561934] (-) TimerEvent: {}
[33.662442] (-) TimerEvent: {}
[33.763883] (-) TimerEvent: {}
[33.864224] (-) TimerEvent: {}
[33.964662] (-) TimerEvent: {}
[34.066232] (-) TimerEvent: {}
[34.166439] (-) TimerEvent: {}
[34.266743] (-) TimerEvent: {}
[34.367155] (-) TimerEvent: {}
[34.467516] (-) TimerEvent: {}
[34.567906] (-) TimerEvent: {}
[34.668433] (-) TimerEvent: {}
[34.768848] (-) TimerEvent: {}
[34.869399] (-) TimerEvent: {}
[34.969819] (-) TimerEvent: {}
[35.070198] (-) TimerEvent: {}
[35.170547] (-) TimerEvent: {}
[35.270889] (-) TimerEvent: {}
[35.371357] (-) TimerEvent: {}
[35.471687] (-) TimerEvent: {}
[35.572062] (-) TimerEvent: {}
[35.672418] (-) TimerEvent: {}
[35.772773] (-) TimerEvent: {}
[35.873117] (-) TimerEvent: {}
[35.973534] (-) TimerEvent: {}
[36.073894] (-) TimerEvent: {}
[36.174363] (-) TimerEvent: {}
[36.274710] (-) TimerEvent: {}
[36.374998] (-) TimerEvent: {}
[36.475305] (-) TimerEvent: {}
[36.575541] (-) TimerEvent: {}
[36.675787] (-) TimerEvent: {}
[36.775985] (-) TimerEvent: {}
[36.876247] (-) TimerEvent: {}
[36.976532] (-) TimerEvent: {}
[37.076813] (-) TimerEvent: {}
[37.177093] (-) TimerEvent: {}
[37.277405] (-) TimerEvent: {}
[37.377695] (-) TimerEvent: {}
[37.477994] (-) TimerEvent: {}
[37.578339] (-) TimerEvent: {}
[37.678997] (-) TimerEvent: {}
[37.779501] (-) TimerEvent: {}
[37.880172] (-) TimerEvent: {}
[37.981340] (-) TimerEvent: {}
[38.082024] (-) TimerEvent: {}
[38.182316] (-) TimerEvent: {}
[38.282653] (-) TimerEvent: {}
[38.383169] (-) TimerEvent: {}
[38.483486] (-) TimerEvent: {}
[38.583727] (-) TimerEvent: {}
[38.683953] (-) TimerEvent: {}
[38.784196] (-) TimerEvent: {}
[38.884716] (-) TimerEvent: {}
[38.985069] (-) TimerEvent: {}
[39.085406] (-) TimerEvent: {}
[39.185956] (-) TimerEvent: {}
[39.286335] (-) TimerEvent: {}
[39.386791] (-) TimerEvent: {}
[39.487306] (-) TimerEvent: {}
[39.587662] (-) TimerEvent: {}
[39.688045] (-) TimerEvent: {}
[39.788386] (-) TimerEvent: {}
[39.888857] (-) TimerEvent: {}
[39.989184] (-) TimerEvent: {}
[40.089467] (-) TimerEvent: {}
[40.189720] (-) TimerEvent: {}
[40.290027] (-) TimerEvent: {}
[40.390311] (-) TimerEvent: {}
[40.490607] (-) TimerEvent: {}
[40.590920] (-) TimerEvent: {}
[40.691283] (-) TimerEvent: {}
[40.791542] (-) TimerEvent: {}
[40.891854] (-) TimerEvent: {}
[40.992138] (-) TimerEvent: {}
[41.092402] (-) TimerEvent: {}
[41.192707] (-) TimerEvent: {}
[41.292952] (-) TimerEvent: {}
[41.393220] (-) TimerEvent: {}
[41.493482] (-) TimerEvent: {}
[41.593814] (-) TimerEvent: {}
[41.694142] (-) TimerEvent: {}
[41.794457] (-) TimerEvent: {}
[41.894798] (-) TimerEvent: {}
[41.995076] (-) TimerEvent: {}
[42.095388] (-) TimerEvent: {}
[42.195921] (-) TimerEvent: {}
[42.296642] (-) TimerEvent: {}
[42.397516] (-) TimerEvent: {}
[42.498071] (-) TimerEvent: {}
[42.598722] (-) TimerEvent: {}
[42.699612] (-) TimerEvent: {}
[42.800038] (-) TimerEvent: {}
[42.900408] (-) TimerEvent: {}
[43.000728] (-) TimerEvent: {}
[43.101138] (-) TimerEvent: {}
[43.201418] (-) TimerEvent: {}
[43.301682] (-) TimerEvent: {}
[43.401885] (-) TimerEvent: {}
[43.502113] (-) TimerEvent: {}
[43.602375] (-) TimerEvent: {}
[43.702631] (-) TimerEvent: {}
[43.802858] (-) TimerEvent: {}
[43.903097] (-) TimerEvent: {}
[44.003436] (-) TimerEvent: {}
[44.103801] (-) TimerEvent: {}
[44.204215] (-) TimerEvent: {}
[44.304611] (-) TimerEvent: {}
[44.404927] (-) TimerEvent: {}
[44.505456] (-) TimerEvent: {}
[44.606069] (-) TimerEvent: {}
[44.706430] (-) TimerEvent: {}
[44.807035] (-) TimerEvent: {}
[44.907605] (-) TimerEvent: {}
[45.008011] (-) TimerEvent: {}
[45.108642] (-) TimerEvent: {}
[45.209251] (-) TimerEvent: {}
[45.309669] (-) TimerEvent: {}
[45.410017] (-) TimerEvent: {}
[45.510400] (-) TimerEvent: {}
[45.610856] (-) TimerEvent: {}
[45.711142] (-) TimerEvent: {}
[45.811423] (-) TimerEvent: {}
[45.911693] (-) TimerEvent: {}
[46.012044] (-) TimerEvent: {}
[46.112371] (-) TimerEvent: {}
[46.212842] (-) TimerEvent: {}
[46.313489] (-) TimerEvent: {}
[46.413972] (-) TimerEvent: {}
[46.514495] (-) TimerEvent: {}
[46.615936] (-) TimerEvent: {}
[46.716555] (-) TimerEvent: {}
[46.816859] (-) TimerEvent: {}
[46.917293] (-) TimerEvent: {}
[46.991482] (mission_layer_mvibot) StderrLine: {'line': b'\x1b[01m\x1b[K/home/mvibot/floorCleaningRobot_ws/src/mission_layer_mvibot/src/../include/mission_layer_mvibot/mvibot_mission/manage_mission.h:\x1b[m\x1b[K In member function \xe2\x80\x98\x1b[01m\x1b[Kint manage_mission::\x1b[01;32m\x1b[Kcheck_object\x1b[m\x1b[K(const json&)\x1b[m\x1b[K\xe2\x80\x99:\n'}
[46.991843] (mission_layer_mvibot) StderrLine: {'line': b'\x1b[01m\x1b[K/home/mvibot/floorCleaningRobot_ws/src/mission_layer_mvibot/src/../include/mission_layer_mvibot/mvibot_mission/manage_mission.h:785:1:\x1b[m\x1b[K \x1b[01;35m\x1b[Kwarning: \x1b[m\x1b[Kcontrol reaches end of non-void function [\x1b[01;35m\x1b[K\x1b]8;;https://gcc.gnu.org/onlinedocs/gcc/Warning-Options.html#index-Wreturn-type\x07-Wreturn-type\x1b]8;;\x07\x1b[m\x1b[K]\n'}
[46.991961] (mission_layer_mvibot) StderrLine: {'line': b'  785 | \x1b[01;35m\x1b[K}\x1b[m\x1b[K\n'}
[46.992081] (mission_layer_mvibot) StderrLine: {'line': b'      | \x1b[01;35m\x1b[K^\x1b[m\x1b[K\n'}
[47.010898] (mission_layer_mvibot) StderrLine: {'line': b'\x1b[01m\x1b[K/home/mvibot/floorCleaningRobot_ws/src/mission_layer_mvibot/src/../include/mission_layer_mvibot/mvibot_mission/manage_mission.h:\x1b[m\x1b[K In member function \xe2\x80\x98\x1b[01m\x1b[Kint manage_mission::\x1b[01;32m\x1b[Khandle_content\x1b[m\x1b[K(const json&, const double&, double&, int&, rclcpp::Publisher<std_msgs::msg::String_<std::allocator<void> > >::SharedPtr, rclcpp::Publisher<std_msgs::msg::String_<std::allocator<void> > >::SharedPtr)\x1b[m\x1b[K\xe2\x80\x99:\n'}
[47.011142] (mission_layer_mvibot) StderrLine: {'line': b'\x1b[01m\x1b[K/home/mvibot/floorCleaningRobot_ws/src/mission_layer_mvibot/src/../include/mission_layer_mvibot/mvibot_mission/manage_mission.h:926:1:\x1b[m\x1b[K \x1b[01;35m\x1b[Kwarning: \x1b[m\x1b[Kcontrol reaches end of non-void function [\x1b[01;35m\x1b[K\x1b]8;;https://gcc.gnu.org/onlinedocs/gcc/Warning-Options.html#index-Wreturn-type\x07-Wreturn-type\x1b]8;;\x07\x1b[m\x1b[K]\n'}
[47.011240] (mission_layer_mvibot) StderrLine: {'line': b'  926 | \x1b[01;35m\x1b[K}\x1b[m\x1b[K\n'}
[47.011353] (mission_layer_mvibot) StderrLine: {'line': b'      | \x1b[01;35m\x1b[K^\x1b[m\x1b[K\n'}
[47.017511] (-) TimerEvent: {}
[47.018023] (mission_layer_mvibot) StderrLine: {'line': b'\x1b[01m\x1b[K/home/mvibot/floorCleaningRobot_ws/src/mission_layer_mvibot/src/../include/mission_layer_mvibot/mvibot_mission/manage_mission.h:\x1b[m\x1b[K In member function \xe2\x80\x98\x1b[01m\x1b[Kint manage_mission::\x1b[01;32m\x1b[Kexecute_content\x1b[m\x1b[K(mission&, std::vector<std::__cxx11::basic_string<char>, std::allocator<std::__cxx11::basic_string<char> > >&, std::string&, std::string&, int&)\x1b[m\x1b[K\xe2\x80\x99:\n'}
[47.018215] (mission_layer_mvibot) StderrLine: {'line': b'\x1b[01m\x1b[K/home/mvibot/floorCleaningRobot_ws/src/mission_layer_mvibot/src/../include/mission_layer_mvibot/mvibot_mission/manage_mission.h:1167:1:\x1b[m\x1b[K \x1b[01;35m\x1b[Kwarning: \x1b[m\x1b[Kcontrol reaches end of non-void function [\x1b[01;35m\x1b[K\x1b]8;;https://gcc.gnu.org/onlinedocs/gcc/Warning-Options.html#index-Wreturn-type\x07-Wreturn-type\x1b]8;;\x07\x1b[m\x1b[K]\n'}
[47.018325] (mission_layer_mvibot) StderrLine: {'line': b' 1167 | \x1b[01;35m\x1b[K}\x1b[m\x1b[K\n'}
[47.018414] (mission_layer_mvibot) StderrLine: {'line': b'      | \x1b[01;35m\x1b[K^\x1b[m\x1b[K\n'}
[47.117585] (-) TimerEvent: {}
[47.217855] (-) TimerEvent: {}
[47.318278] (-) TimerEvent: {}
[47.418614] (-) TimerEvent: {}
[47.518899] (-) TimerEvent: {}
[47.619672] (-) TimerEvent: {}
[47.720222] (-) TimerEvent: {}
[47.820505] (-) TimerEvent: {}
[47.852628] (mission_layer_mvibot) StderrLine: {'line': b'\x1b[01m\x1b[K/home/mvibot/floorCleaningRobot_ws/src/mission_layer_mvibot/src/../include/mission_layer_mvibot/mvibot_mission/navigation_function.h:\x1b[m\x1b[K In member function \xe2\x80\x98\x1b[01m\x1b[Kint navigation_function::\x1b[01;32m\x1b[Kaction\x1b[m\x1b[K()\x1b[m\x1b[K\xe2\x80\x99:\n'}
[47.852991] (mission_layer_mvibot) StderrLine: {'line': b'\x1b[01m\x1b[K/home/mvibot/floorCleaningRobot_ws/src/mission_layer_mvibot/src/../include/mission_layer_mvibot/mvibot_mission/navigation_function.h:1135:1:\x1b[m\x1b[K \x1b[01;35m\x1b[Kwarning: \x1b[m\x1b[Kcontrol reaches end of non-void function [\x1b[01;35m\x1b[K\x1b]8;;https://gcc.gnu.org/onlinedocs/gcc/Warning-Options.html#index-Wreturn-type\x07-Wreturn-type\x1b]8;;\x07\x1b[m\x1b[K]\n'}
[47.853095] (mission_layer_mvibot) StderrLine: {'line': b' 1135 | \x1b[01;35m\x1b[K}\x1b[m\x1b[K\n'}
[47.853175] (mission_layer_mvibot) StderrLine: {'line': b'      | \x1b[01;35m\x1b[K^\x1b[m\x1b[K\n'}
[47.920601] (-) TimerEvent: {}
[47.945955] (mission_layer_mvibot) StderrLine: {'line': b'\x1b[01m\x1b[K/home/mvibot/floorCleaningRobot_ws/src/mission_layer_mvibot/src/../include/mission_layer_mvibot/mvibot_mission/marker_function.h:\x1b[m\x1b[K In member function \xe2\x80\x98\x1b[01m\x1b[Kint marker_function::\x1b[01;32m\x1b[Kaction\x1b[m\x1b[K()\x1b[m\x1b[K\xe2\x80\x99:\n'}
[47.946537] (mission_layer_mvibot) StderrLine: {'line': b'\x1b[01m\x1b[K/home/mvibot/floorCleaningRobot_ws/src/mission_layer_mvibot/src/../include/mission_layer_mvibot/mvibot_mission/marker_function.h:586:1:\x1b[m\x1b[K \x1b[01;35m\x1b[Kwarning: \x1b[m\x1b[Kcontrol reaches end of non-void function [\x1b[01;35m\x1b[K\x1b]8;;https://gcc.gnu.org/onlinedocs/gcc/Warning-Options.html#index-Wreturn-type\x07-Wreturn-type\x1b]8;;\x07\x1b[m\x1b[K]\n'}
[47.946715] (mission_layer_mvibot) StderrLine: {'line': b'  586 | \x1b[01;35m\x1b[K}\x1b[m\x1b[K\n'}
[47.946847] (mission_layer_mvibot) StderrLine: {'line': b'      | \x1b[01;35m\x1b[K^\x1b[m\x1b[K\n'}
[47.957296] (mission_layer_mvibot) StderrLine: {'line': b'In file included from \x1b[01m\x1b[K/home/mvibot/floorCleaningRobot_ws/src/mission_layer_mvibot/src/mvibot_mission.cpp:12\x1b[m\x1b[K:\n'}
[47.957529] (mission_layer_mvibot) StderrLine: {'line': b'\x1b[01m\x1b[K/home/mvibot/floorCleaningRobot_ws/src/mission_layer_mvibot/src/../include/mission_layer_mvibot/mvibot_mission/lift_function.h:\x1b[m\x1b[K In member function \xe2\x80\x98\x1b[01m\x1b[Kint lift_function::\x1b[01;32m\x1b[Kaction\x1b[m\x1b[K()\x1b[m\x1b[K\xe2\x80\x99:\n'}
[47.957654] (mission_layer_mvibot) StderrLine: {'line': b'\x1b[01m\x1b[K/home/mvibot/floorCleaningRobot_ws/src/mission_layer_mvibot/src/../include/mission_layer_mvibot/mvibot_mission/lift_function.h:211:1:\x1b[m\x1b[K \x1b[01;35m\x1b[Kwarning: \x1b[m\x1b[Kcontrol reaches end of non-void function [\x1b[01;35m\x1b[K\x1b]8;;https://gcc.gnu.org/onlinedocs/gcc/Warning-Options.html#index-Wreturn-type\x07-Wreturn-type\x1b]8;;\x07\x1b[m\x1b[K]\n'}
[47.957774] (mission_layer_mvibot) StderrLine: {'line': b'  211 | \x1b[01;35m\x1b[K}\x1b[m\x1b[K\n'}
[47.957883] (mission_layer_mvibot) StderrLine: {'line': b'      | \x1b[01;35m\x1b[K^\x1b[m\x1b[K\n'}
[48.020790] (-) TimerEvent: {}
[48.121307] (-) TimerEvent: {}
[48.221571] (-) TimerEvent: {}
[48.321829] (-) TimerEvent: {}
[48.422173] (-) TimerEvent: {}
[48.522412] (-) TimerEvent: {}
[48.622710] (-) TimerEvent: {}
[48.722991] (-) TimerEvent: {}
[48.823278] (-) TimerEvent: {}
[48.923564] (-) TimerEvent: {}
[49.023847] (-) TimerEvent: {}
[49.124123] (-) TimerEvent: {}
[49.224423] (-) TimerEvent: {}
[49.324786] (-) TimerEvent: {}
[49.425171] (-) TimerEvent: {}
[49.525446] (-) TimerEvent: {}
[49.625685] (-) TimerEvent: {}
[49.725920] (-) TimerEvent: {}
[49.826111] (-) TimerEvent: {}
[49.926357] (-) TimerEvent: {}
[50.026627] (-) TimerEvent: {}
[50.126891] (-) TimerEvent: {}
[50.227059] (-) TimerEvent: {}
[50.327322] (-) TimerEvent: {}
[50.427619] (-) TimerEvent: {}
[50.527908] (-) TimerEvent: {}
[50.628147] (-) TimerEvent: {}
[50.728512] (-) TimerEvent: {}
[50.828970] (-) TimerEvent: {}
[50.929624] (-) TimerEvent: {}
[51.030313] (-) TimerEvent: {}
[51.131069] (-) TimerEvent: {}
[51.231840] (-) TimerEvent: {}
[51.332376] (-) TimerEvent: {}
[51.432827] (-) TimerEvent: {}
[51.533159] (-) TimerEvent: {}
[51.633485] (-) TimerEvent: {}
[51.733995] (-) TimerEvent: {}
[51.834393] (-) TimerEvent: {}
[51.934638] (-) TimerEvent: {}
[52.034898] (-) TimerEvent: {}
[52.135161] (-) TimerEvent: {}
[52.235454] (-) TimerEvent: {}
[52.335740] (-) TimerEvent: {}
[52.436132] (-) TimerEvent: {}
[52.536889] (-) TimerEvent: {}
[52.637583] (-) TimerEvent: {}
[52.738217] (-) TimerEvent: {}
[52.838773] (-) TimerEvent: {}
[52.939516] (-) TimerEvent: {}
[53.039907] (-) TimerEvent: {}
[53.140307] (-) TimerEvent: {}
[53.240731] (-) TimerEvent: {}
[53.341099] (-) TimerEvent: {}
[53.441717] (-) TimerEvent: {}
[53.542103] (-) TimerEvent: {}
[53.642552] (-) TimerEvent: {}
[53.742994] (-) TimerEvent: {}
[53.843405] (-) TimerEvent: {}
[53.943808] (-) TimerEvent: {}
[54.044154] (-) TimerEvent: {}
[54.144438] (-) TimerEvent: {}
[54.244728] (-) TimerEvent: {}
[54.345326] (-) TimerEvent: {}
[54.445896] (-) TimerEvent: {}
[54.546705] (-) TimerEvent: {}
[54.647228] (-) TimerEvent: {}
[54.747564] (-) TimerEvent: {}
[54.847872] (-) TimerEvent: {}
[54.948812] (-) TimerEvent: {}
[55.049589] (-) TimerEvent: {}
[55.149857] (-) TimerEvent: {}
[55.250089] (-) TimerEvent: {}
[55.350307] (-) TimerEvent: {}
[55.450538] (-) TimerEvent: {}
[55.550780] (-) TimerEvent: {}
[55.651148] (-) TimerEvent: {}
[55.751532] (-) TimerEvent: {}
[55.851838] (-) TimerEvent: {}
[55.952233] (-) TimerEvent: {}
[56.053202] (-) TimerEvent: {}
[56.153670] (-) TimerEvent: {}
[56.254533] (-) TimerEvent: {}
[56.355015] (-) TimerEvent: {}
[56.455492] (-) TimerEvent: {}
[56.555883] (-) TimerEvent: {}
[56.656331] (-) TimerEvent: {}
[56.756982] (-) TimerEvent: {}
[56.857699] (-) TimerEvent: {}
[56.958110] (-) TimerEvent: {}
[57.058462] (-) TimerEvent: {}
[57.158791] (-) TimerEvent: {}
[57.259148] (-) TimerEvent: {}
[57.359558] (-) TimerEvent: {}
[57.460045] (-) TimerEvent: {}
[57.560662] (-) TimerEvent: {}
[57.661452] (-) TimerEvent: {}
[57.761904] (-) TimerEvent: {}
[57.862589] (-) TimerEvent: {}
[57.963116] (-) TimerEvent: {}
[58.063359] (-) TimerEvent: {}
[58.163713] (-) TimerEvent: {}
[58.264311] (-) TimerEvent: {}
[58.365045] (-) TimerEvent: {}
[58.465432] (-) TimerEvent: {}
[58.565628] (-) TimerEvent: {}
[58.665827] (-) TimerEvent: {}
[58.766033] (-) TimerEvent: {}
[58.866208] (-) TimerEvent: {}
[58.966438] (-) TimerEvent: {}
[59.066624] (-) TimerEvent: {}
[59.166829] (-) TimerEvent: {}
[59.267038] (-) TimerEvent: {}
[59.367275] (-) TimerEvent: {}
[59.467478] (-) TimerEvent: {}
[59.567670] (-) TimerEvent: {}
[59.667867] (-) TimerEvent: {}
[59.768083] (-) TimerEvent: {}
[59.868297] (-) TimerEvent: {}
[59.968510] (-) TimerEvent: {}
[60.068798] (-) TimerEvent: {}
[60.169213] (-) TimerEvent: {}
[60.269583] (-) TimerEvent: {}
[60.369974] (-) TimerEvent: {}
[60.470404] (-) TimerEvent: {}
[60.570817] (-) TimerEvent: {}
[60.671225] (-) TimerEvent: {}
[60.771761] (-) TimerEvent: {}
[60.872348] (-) TimerEvent: {}
[60.972902] (-) TimerEvent: {}
[61.073585] (-) TimerEvent: {}
[61.174277] (-) TimerEvent: {}
[61.274994] (-) TimerEvent: {}
[61.375687] (-) TimerEvent: {}
[61.476322] (-) TimerEvent: {}
[61.577009] (-) TimerEvent: {}
[61.677765] (-) TimerEvent: {}
[61.778247] (-) TimerEvent: {}
[61.879163] (-) TimerEvent: {}
[61.980011] (-) TimerEvent: {}
[62.081026] (-) TimerEvent: {}
[62.182001] (-) TimerEvent: {}
[62.283520] (-) TimerEvent: {}
[62.384069] (-) TimerEvent: {}
[62.486390] (-) TimerEvent: {}
[62.587237] (-) TimerEvent: {}
[62.687589] (-) TimerEvent: {}
[62.788110] (-) TimerEvent: {}
[62.888802] (-) TimerEvent: {}
[62.989189] (-) TimerEvent: {}
[63.089601] (-) TimerEvent: {}
[63.190131] (-) TimerEvent: {}
[63.290920] (-) TimerEvent: {}
[63.391521] (-) TimerEvent: {}
[63.491885] (-) TimerEvent: {}
[63.592343] (-) TimerEvent: {}
[63.693070] (-) TimerEvent: {}
[63.793680] (-) TimerEvent: {}
[63.894132] (-) TimerEvent: {}
[63.994632] (-) TimerEvent: {}
[64.094924] (-) TimerEvent: {}
[64.195199] (-) TimerEvent: {}
[64.295476] (-) TimerEvent: {}
[64.395709] (-) TimerEvent: {}
[64.495955] (-) TimerEvent: {}
[64.596227] (-) TimerEvent: {}
[64.696477] (-) TimerEvent: {}
[64.796707] (-) TimerEvent: {}
[64.896914] (-) TimerEvent: {}
[64.997113] (-) TimerEvent: {}
[65.097301] (-) TimerEvent: {}
[65.197535] (-) TimerEvent: {}
[65.297748] (-) TimerEvent: {}
[65.397967] (-) TimerEvent: {}
[65.498187] (-) TimerEvent: {}
[65.598450] (-) TimerEvent: {}
[65.698662] (-) TimerEvent: {}
[65.798879] (-) TimerEvent: {}
[65.899138] (-) TimerEvent: {}
[65.999361] (-) TimerEvent: {}
[66.099590] (-) TimerEvent: {}
[66.199789] (-) TimerEvent: {}
[66.299991] (-) TimerEvent: {}
[66.400202] (-) TimerEvent: {}
[66.500376] (-) TimerEvent: {}
[66.600579] (-) TimerEvent: {}
[66.700767] (-) TimerEvent: {}
[66.800946] (-) TimerEvent: {}
[66.901119] (-) TimerEvent: {}
[67.001371] (-) TimerEvent: {}
[67.101576] (-) TimerEvent: {}
[67.201796] (-) TimerEvent: {}
[67.301999] (-) TimerEvent: {}
[67.402201] (-) TimerEvent: {}
[67.502527] (-) TimerEvent: {}
[67.603059] (-) TimerEvent: {}
[67.703576] (-) TimerEvent: {}
[67.803926] (-) TimerEvent: {}
[67.904200] (-) TimerEvent: {}
[68.004441] (-) TimerEvent: {}
[68.104681] (-) TimerEvent: {}
[68.204891] (-) TimerEvent: {}
[68.305187] (-) TimerEvent: {}
[68.405413] (-) TimerEvent: {}
[68.505634] (-) TimerEvent: {}
[68.605862] (-) TimerEvent: {}
[68.706098] (-) TimerEvent: {}
[68.806296] (-) TimerEvent: {}
[68.906534] (-) TimerEvent: {}
[69.006846] (-) TimerEvent: {}
[69.107068] (-) TimerEvent: {}
[69.207296] (-) TimerEvent: {}
[69.307519] (-) TimerEvent: {}
[69.407820] (-) TimerEvent: {}
[69.508079] (-) TimerEvent: {}
[69.608306] (-) TimerEvent: {}
[69.708518] (-) TimerEvent: {}
[69.808720] (-) TimerEvent: {}
[69.909050] (-) TimerEvent: {}
[70.009299] (-) TimerEvent: {}
[70.109551] (-) TimerEvent: {}
[70.209798] (-) TimerEvent: {}
[70.310033] (-) TimerEvent: {}
[70.410276] (-) TimerEvent: {}
[70.510501] (-) TimerEvent: {}
[70.610749] (-) TimerEvent: {}
[70.711062] (-) TimerEvent: {}
[70.811321] (-) TimerEvent: {}
[70.911611] (-) TimerEvent: {}
[71.012188] (-) TimerEvent: {}
[71.112823] (-) TimerEvent: {}
[71.213724] (-) TimerEvent: {}
[71.314148] (-) TimerEvent: {}
[71.414544] (-) TimerEvent: {}
[71.515358] (-) TimerEvent: {}
[71.616716] (-) TimerEvent: {}
[71.719392] (-) TimerEvent: {}
[71.820194] (-) TimerEvent: {}
[71.920734] (-) TimerEvent: {}
[72.021394] (-) TimerEvent: {}
[72.122399] (-) TimerEvent: {}
[72.224478] (-) TimerEvent: {}
[72.325262] (-) TimerEvent: {}
[72.425477] (-) TimerEvent: {}
[72.525725] (-) TimerEvent: {}
[72.625961] (-) TimerEvent: {}
[72.726193] (-) TimerEvent: {}
[72.826433] (-) TimerEvent: {}
[72.926716] (-) TimerEvent: {}
[73.027508] (-) TimerEvent: {}
[73.136014] (-) TimerEvent: {}
[73.236549] (-) TimerEvent: {}
[73.336891] (-) TimerEvent: {}
[73.437640] (-) TimerEvent: {}
[73.538022] (-) TimerEvent: {}
[73.638245] (-) TimerEvent: {}
[73.738501] (-) TimerEvent: {}
[73.838796] (-) TimerEvent: {}
[73.939028] (-) TimerEvent: {}
[74.039234] (-) TimerEvent: {}
[74.139485] (-) TimerEvent: {}
[74.239704] (-) TimerEvent: {}
[74.339947] (-) TimerEvent: {}
[74.440182] (-) TimerEvent: {}
[74.540408] (-) TimerEvent: {}
[74.640644] (-) TimerEvent: {}
[74.740848] (-) TimerEvent: {}
[74.841066] (-) TimerEvent: {}
[74.941296] (-) TimerEvent: {}
[75.041541] (-) TimerEvent: {}
[75.141756] (-) TimerEvent: {}
[75.241961] (-) TimerEvent: {}
[75.342172] (-) TimerEvent: {}
[75.442398] (-) TimerEvent: {}
[75.542633] (-) TimerEvent: {}
[75.642845] (-) TimerEvent: {}
[75.743053] (-) TimerEvent: {}
[75.843297] (-) TimerEvent: {}
[75.943529] (-) TimerEvent: {}
[76.043779] (-) TimerEvent: {}
[76.144035] (-) TimerEvent: {}
[76.244264] (-) TimerEvent: {}
[76.344516] (-) TimerEvent: {}
[76.444777] (-) TimerEvent: {}
[76.545058] (-) TimerEvent: {}
[76.645514] (-) TimerEvent: {}
[76.746023] (-) TimerEvent: {}
[76.846563] (-) TimerEvent: {}
[76.947066] (-) TimerEvent: {}
[77.047369] (-) TimerEvent: {}
[77.147971] (-) TimerEvent: {}
[77.248691] (-) TimerEvent: {}
[77.349056] (-) TimerEvent: {}
[77.449605] (-) TimerEvent: {}
[77.549887] (-) TimerEvent: {}
[77.650075] (-) TimerEvent: {}
[77.750379] (-) TimerEvent: {}
[77.850735] (-) TimerEvent: {}
[77.951092] (-) TimerEvent: {}
[78.052738] (-) TimerEvent: {}
[78.156040] (-) TimerEvent: {}
[78.256845] (-) TimerEvent: {}
[78.358381] (-) TimerEvent: {}
[78.458589] (-) TimerEvent: {}
[78.558880] (-) TimerEvent: {}
[78.659119] (-) TimerEvent: {}
[78.759391] (-) TimerEvent: {}
[78.859566] (-) TimerEvent: {}
[78.959832] (-) TimerEvent: {}
[79.060152] (-) TimerEvent: {}
[79.160425] (-) TimerEvent: {}
[79.260681] (-) TimerEvent: {}
[79.361135] (-) TimerEvent: {}
[79.461687] (-) TimerEvent: {}
[79.562213] (-) TimerEvent: {}
[79.662953] (-) TimerEvent: {}
[79.763606] (-) TimerEvent: {}
[79.864211] (-) TimerEvent: {}
[79.965087] (-) TimerEvent: {}
[80.066010] (-) TimerEvent: {}
[80.166682] (-) TimerEvent: {}
[80.266974] (-) TimerEvent: {}
[80.367577] (-) TimerEvent: {}
[80.468324] (-) TimerEvent: {}
[80.569001] (-) TimerEvent: {}
[80.670015] (-) TimerEvent: {}
[80.770619] (-) TimerEvent: {}
[80.871083] (-) TimerEvent: {}
[80.971261] (-) TimerEvent: {}
[81.071488] (-) TimerEvent: {}
[81.171728] (-) TimerEvent: {}
[81.271953] (-) TimerEvent: {}
[81.372199] (-) TimerEvent: {}
[81.472432] (-) TimerEvent: {}
[81.572665] (-) TimerEvent: {}
[81.672874] (-) TimerEvent: {}
[81.773092] (-) TimerEvent: {}
[81.873304] (-) TimerEvent: {}
[81.973541] (-) TimerEvent: {}
[82.073733] (-) TimerEvent: {}
[82.173959] (-) TimerEvent: {}
[82.274172] (-) TimerEvent: {}
[82.374389] (-) TimerEvent: {}
[82.474612] (-) TimerEvent: {}
[82.574840] (-) TimerEvent: {}
[82.675035] (-) TimerEvent: {}
[82.780538] (-) TimerEvent: {}
[82.881235] (-) TimerEvent: {}
[82.981873] (-) TimerEvent: {}
[83.082436] (-) TimerEvent: {}
[83.182767] (-) TimerEvent: {}
[83.283234] (-) TimerEvent: {}
[83.383630] (-) TimerEvent: {}
[83.484402] (-) TimerEvent: {}
[83.585038] (-) TimerEvent: {}
[83.685375] (-) TimerEvent: {}
[83.785816] (-) TimerEvent: {}
[83.886361] (-) TimerEvent: {}
[83.986941] (-) TimerEvent: {}
[84.087162] (-) TimerEvent: {}
[84.187420] (-) TimerEvent: {}
[84.287680] (-) TimerEvent: {}
[84.387918] (-) TimerEvent: {}
[84.488169] (-) TimerEvent: {}
[84.588529] (-) TimerEvent: {}
[84.688744] (-) TimerEvent: {}
[84.788975] (-) TimerEvent: {}
[84.889207] (-) TimerEvent: {}
[84.989504] (-) TimerEvent: {}
[85.089734] (-) TimerEvent: {}
[85.189962] (-) TimerEvent: {}
[85.290212] (-) TimerEvent: {}
[85.390457] (-) TimerEvent: {}
[85.490689] (-) TimerEvent: {}
[85.590986] (-) TimerEvent: {}
[85.691272] (-) TimerEvent: {}
[85.791525] (-) TimerEvent: {}
[85.891767] (-) TimerEvent: {}
[85.992008] (-) TimerEvent: {}
[86.092273] (-) TimerEvent: {}
[86.192510] (-) TimerEvent: {}
[86.292727] (-) TimerEvent: {}
[86.392988] (-) TimerEvent: {}
[86.493280] (-) TimerEvent: {}
[86.593692] (-) TimerEvent: {}
[86.694428] (-) TimerEvent: {}
[86.795099] (-) TimerEvent: {}
[86.895472] (-) TimerEvent: {}
[86.996001] (-) TimerEvent: {}
[87.096614] (-) TimerEvent: {}
[87.197233] (-) TimerEvent: {}
[87.297781] (-) TimerEvent: {}
[87.398314] (-) TimerEvent: {}
[87.499167] (-) TimerEvent: {}
[87.600209] (-) TimerEvent: {}
[87.700943] (-) TimerEvent: {}
[87.801601] (-) TimerEvent: {}
[87.902359] (-) TimerEvent: {}
[88.002835] (-) TimerEvent: {}
[88.103452] (-) TimerEvent: {}
[88.203698] (-) TimerEvent: {}
[88.304161] (-) TimerEvent: {}
[88.404656] (-) TimerEvent: {}
[88.505013] (-) TimerEvent: {}
[88.605646] (-) TimerEvent: {}
[88.706030] (-) TimerEvent: {}
[88.806424] (-) TimerEvent: {}
[88.907057] (-) TimerEvent: {}
[89.007429] (-) TimerEvent: {}
[89.107643] (-) TimerEvent: {}
[89.207850] (-) TimerEvent: {}
[89.308040] (-) TimerEvent: {}
[89.408247] (-) TimerEvent: {}
[89.508496] (-) TimerEvent: {}
[89.608698] (-) TimerEvent: {}
[89.709091] (-) TimerEvent: {}
[89.809358] (-) TimerEvent: {}
[89.909602] (-) TimerEvent: {}
[90.009878] (-) TimerEvent: {}
[90.110175] (-) TimerEvent: {}
[90.210466] (-) TimerEvent: {}
[90.310693] (-) TimerEvent: {}
[90.410924] (-) TimerEvent: {}
[90.511171] (-) TimerEvent: {}
[90.611423] (-) TimerEvent: {}
[90.711802] (-) TimerEvent: {}
[90.812566] (-) TimerEvent: {}
[90.913116] (-) TimerEvent: {}
[91.013624] (-) TimerEvent: {}
[91.114062] (-) TimerEvent: {}
[91.214664] (-) TimerEvent: {}
[91.315595] (-) TimerEvent: {}
[91.416213] (-) TimerEvent: {}
[91.517200] (-) TimerEvent: {}
[91.617585] (-) TimerEvent: {}
[91.717816] (-) TimerEvent: {}
[91.818044] (-) TimerEvent: {}
[91.918289] (-) TimerEvent: {}
[92.018522] (-) TimerEvent: {}
[92.118738] (-) TimerEvent: {}
[92.218968] (-) TimerEvent: {}
[92.319214] (-) TimerEvent: {}
[92.419446] (-) TimerEvent: {}
[92.519755] (-) TimerEvent: {}
[92.620142] (-) TimerEvent: {}
[92.720861] (-) TimerEvent: {}
[92.821246] (-) TimerEvent: {}
[92.921532] (-) TimerEvent: {}
[93.021782] (-) TimerEvent: {}
[93.122073] (-) TimerEvent: {}
[93.222289] (-) TimerEvent: {}
[93.322488] (-) TimerEvent: {}
[93.422721] (-) TimerEvent: {}
[93.522935] (-) TimerEvent: {}
[93.623148] (-) TimerEvent: {}
[93.723388] (-) TimerEvent: {}
[93.823616] (-) TimerEvent: {}
[93.923867] (-) TimerEvent: {}
[94.024075] (-) TimerEvent: {}
[94.124291] (-) TimerEvent: {}
[94.224489] (-) TimerEvent: {}
[94.324699] (-) TimerEvent: {}
[94.424902] (-) TimerEvent: {}
[94.525106] (-) TimerEvent: {}
[94.625293] (-) TimerEvent: {}
[94.725482] (-) TimerEvent: {}
[94.825671] (-) TimerEvent: {}
[94.925881] (-) TimerEvent: {}
[95.026082] (-) TimerEvent: {}
[95.126291] (-) TimerEvent: {}
[95.226476] (-) TimerEvent: {}
[95.326724] (-) TimerEvent: {}
[95.426926] (-) TimerEvent: {}
[95.527218] (-) TimerEvent: {}
[95.627619] (-) TimerEvent: {}
[95.728111] (-) TimerEvent: {}
[95.828526] (-) TimerEvent: {}
[95.928999] (-) TimerEvent: {}
[96.029463] (-) TimerEvent: {}
[96.130329] (-) TimerEvent: {}
[96.231294] (-) TimerEvent: {}
[96.331960] (-) TimerEvent: {}
[96.432584] (-) TimerEvent: {}
[96.533171] (-) TimerEvent: {}
[96.634018] (-) TimerEvent: {}
[96.734315] (-) TimerEvent: {}
[96.834588] (-) TimerEvent: {}
[96.934876] (-) TimerEvent: {}
[97.035329] (-) TimerEvent: {}
[97.136385] (-) TimerEvent: {}
[97.237119] (-) TimerEvent: {}
[97.337588] (-) TimerEvent: {}
[97.437872] (-) TimerEvent: {}
[97.538100] (-) TimerEvent: {}
[97.638515] (-) TimerEvent: {}
[97.738849] (-) TimerEvent: {}
[97.839094] (-) TimerEvent: {}
[97.939300] (-) TimerEvent: {}
[98.039532] (-) TimerEvent: {}
[98.139739] (-) TimerEvent: {}
[98.240025] (-) TimerEvent: {}
[98.340297] (-) TimerEvent: {}
[98.408445] (mission_layer_mvibot) StdoutLine: {'line': b'[100%] \x1b[32m\x1b[1mLinking CXX executable mvibot_mission\x1b[0m\n'}
[98.440435] (-) TimerEvent: {}
[98.540708] (-) TimerEvent: {}
[98.640946] (-) TimerEvent: {}
[98.741179] (-) TimerEvent: {}
[98.841480] (-) TimerEvent: {}
[98.941726] (-) TimerEvent: {}
[99.042051] (-) TimerEvent: {}
[99.142459] (-) TimerEvent: {}
[99.243010] (-) TimerEvent: {}
[99.343639] (-) TimerEvent: {}
[99.444020] (-) TimerEvent: {}
[99.544413] (-) TimerEvent: {}
[99.644752] (-) TimerEvent: {}
[99.745145] (-) TimerEvent: {}
[99.845833] (-) TimerEvent: {}
[99.946473] (-) TimerEvent: {}
[100.046897] (-) TimerEvent: {}
[100.147379] (-) TimerEvent: {}
[100.248130] (-) TimerEvent: {}
[100.348635] (-) TimerEvent: {}
[100.449122] (-) TimerEvent: {}
[100.549430] (-) TimerEvent: {}
[100.649768] (-) TimerEvent: {}
[100.750069] (-) TimerEvent: {}
[100.850392] (-) TimerEvent: {}
[100.951993] (-) TimerEvent: {}
[101.052759] (-) TimerEvent: {}
[101.153681] (-) TimerEvent: {}
[101.254326] (-) TimerEvent: {}
[101.354961] (-) TimerEvent: {}
[101.456935] (-) TimerEvent: {}
[101.560781] (-) TimerEvent: {}
[101.665822] (-) TimerEvent: {}
[101.768657] (-) TimerEvent: {}
[101.869366] (-) TimerEvent: {}
[101.970182] (-) TimerEvent: {}
[102.072128] (-) TimerEvent: {}
[102.173202] (-) TimerEvent: {}
[102.273681] (-) TimerEvent: {}
[102.374170] (-) TimerEvent: {}
[102.474602] (-) TimerEvent: {}
[102.574962] (-) TimerEvent: {}
[102.675314] (-) TimerEvent: {}
[102.775670] (-) TimerEvent: {}
[102.876037] (-) TimerEvent: {}
[102.976377] (-) TimerEvent: {}
[103.076757] (-) TimerEvent: {}
[103.177350] (-) TimerEvent: {}
[103.278017] (-) TimerEvent: {}
[103.378935] (-) TimerEvent: {}
[103.479742] (-) TimerEvent: {}
[103.580231] (-) TimerEvent: {}
[103.683027] (-) TimerEvent: {}
[103.783970] (-) TimerEvent: {}
[103.884695] (-) TimerEvent: {}
[103.985206] (-) TimerEvent: {}
[104.086250] (-) TimerEvent: {}
[104.186779] (-) TimerEvent: {}
[104.287135] (-) TimerEvent: {}
[104.389353] (-) TimerEvent: {}
[104.491490] (-) TimerEvent: {}
[104.592050] (-) TimerEvent: {}
[104.693516] (-) TimerEvent: {}
[104.793960] (-) TimerEvent: {}
[104.894694] (-) TimerEvent: {}
[104.996612] (-) TimerEvent: {}
[105.097246] (-) TimerEvent: {}
[105.197870] (-) TimerEvent: {}
[105.298549] (-) TimerEvent: {}
[105.399073] (-) TimerEvent: {}
[105.499830] (-) TimerEvent: {}
[105.600586] (-) TimerEvent: {}
[105.660201] (mission_layer_mvibot) StdoutLine: {'line': b'[100%] Built target mvibot_mission\n'}
[105.681099] (mission_layer_mvibot) CommandEnded: {'returncode': 0}
[105.683494] (mission_layer_mvibot) JobProgress: {'identifier': 'mission_layer_mvibot', 'progress': 'install'}
[105.698309] (mission_layer_mvibot) Command: {'cmd': ['/usr/bin/cmake', '--install', '/home/mvibot/floorCleaningRobot_ws/build/mission_layer_mvibot'], 'cwd': '/home/mvibot/floorCleaningRobot_ws/build/mission_layer_mvibot', 'env': OrderedDict({'LESSOPEN': '| /usr/bin/lesspipe %s', 'USER': 'mvibot', 'LC_TIME': 'vi_VN', 'GZ_CONFIG_PATH': '/opt/ros/jazzy/opt/gz_sim_vendor/share/gz:/opt/ros/jazzy/opt/sdformat_vendor/share/gz:/opt/ros/jazzy/opt/gz_gui_vendor/share/gz:/opt/ros/jazzy/opt/gz_transport_vendor/share/gz:/opt/ros/jazzy/opt/gz_rendering_vendor/share/gz:/opt/ros/jazzy/opt/gz_plugin_vendor/share/gz:/opt/ros/jazzy/opt/gz_fuel_tools_vendor/share/gz:/opt/ros/jazzy/opt/gz_msgs_vendor/share/gz:/opt/ros/jazzy/opt/gz_common_vendor/share/gz', 'XDG_SESSION_TYPE': 'wayland', 'CLUTTER_DISABLE_MIPMAPPED_TEXT': '1', 'SHLVL': '1', 'LD_LIBRARY_PATH': '/home/mvibot/floorCleaningRobot_ws/install/opennav_coverage_msgs/lib:/home/mvibot/floorCleaningRobot_ws/install/tf2_web_republisher/lib:/home/mvibot/floorCleaningRobot_ws/install/tf2_web_republisher_interfaces/lib:/home/mvibot/floorCleaningRobot_ws/install/realsense2_camera/lib:/home/mvibot/floorCleaningRobot_ws/install/realsense2_camera_msgs/lib:/home/mvibot/floorCleaningRobot_ws/install/pointcloud_to_laserscan/lib:/home/mvibot/floorCleaningRobot_ws/install/opennav_row_coverage/lib:/home/mvibot/floorCleaningRobot_ws/install/opennav_coverage_navigator/lib:/home/mvibot/floorCleaningRobot_ws/install/opennav_coverage_bt/lib:/home/mvibot/floorCleaningRobot_ws/install/opennav_coverage/lib:/home/mvibot/floorCleaningRobot_ws/install/fields2cover/lib:/opt/ros/jazzy/opt/gz_sim_vendor/lib:/opt/ros/jazzy/opt/gz_sensors_vendor/lib:/opt/ros/jazzy/opt/gz_physics_vendor/lib:/opt/ros/jazzy/opt/sdformat_vendor/lib:/opt/ros/jazzy/opt/rviz_ogre_vendor/lib:/opt/ros/jazzy/lib/x86_64-linux-gnu:/opt/ros/jazzy/opt/ortools_vendor/lib:/opt/ros/jazzy/opt/gz_gui_vendor/lib:/opt/ros/jazzy/opt/gz_transport_vendor/lib:/opt/ros/jazzy/opt/gz_rendering_vendor/lib:/opt/ros/jazzy/opt/gz_plugin_vendor/lib:/opt/ros/jazzy/opt/gz_fuel_tools_vendor/lib:/opt/ros/jazzy/opt/gz_msgs_vendor/lib:/opt/ros/jazzy/opt/gz_common_vendor/lib:/opt/ros/jazzy/opt/gz_math_vendor/lib:/opt/ros/jazzy/opt/gz_utils_vendor/lib:/opt/ros/jazzy/opt/gz_tools_vendor/lib:/opt/ros/jazzy/opt/gz_ogre_next_vendor/lib:/opt/ros/jazzy/opt/gz_dartsim_vendor/lib:/opt/ros/jazzy/opt/gz_cmake_vendor/lib:/opt/ros/jazzy/lib', 'HOME': '/home/mvibot', 'OLDPWD': '/home/mvibot', 'DESKTOP_SESSION': 'ubuntu', 'ROS_PYTHON_VERSION': '3', 'GNOME_SHELL_SESSION_MODE': 'ubuntu', 'GTK_MODULES': 'gail:atk-bridge', 'LC_MONETARY': 'vi_VN', 'SYSTEMD_EXEC_PID': '2751', 'GSM_SKIP_SSH_AGENT_WORKAROUND': 'true', 'DBUS_SESSION_BUS_ADDRESS': 'unix:path=/run/user/1001/bus', 'COLORTERM': 'truecolor', 'DEBUGINFOD_URLS': 'https://debuginfod.ubuntu.com', 'IM_CONFIG_PHASE': '1', 'WAYLAND_DISPLAY': 'wayland-0', 'COLCON_PREFIX_PATH': '/home/mvibot/floorCleaningRobot_ws/install', 'ROS_DISTRO': 'jazzy', 'LOGNAME': 'mvibot', '_': '/usr/bin/colcon', 'ROS_VERSION': '2', 'PKG_CONFIG_PATH': '/home/mvibot/floorCleaningRobot_ws/install/fields2cover/lib/x86_64-linux-gnu/pkgconfig:/home/mvibot/floorCleaningRobot_ws/install/fields2cover/lib/pkgconfig', 'MEMORY_PRESSURE_WATCH': '/sys/fs/cgroup/user.slice/user-1001.slice/user@1001.service/session.slice/org.gnome.Shell@wayland.service/memory.pressure', 'XDG_SESSION_CLASS': 'user', 'USERNAME': 'mvibot', 'TERM': 'xterm-256color', 'GNOME_DESKTOP_SESSION_ID': 'this-is-deprecated', 'PATH': '/opt/ros/jazzy/opt/ortools_vendor/bin:/opt/ros/jazzy/opt/gz_msgs_vendor/bin:/opt/ros/jazzy/opt/gz_tools_vendor/bin:/opt/ros/jazzy/opt/gz_ogre_next_vendor/bin:/opt/ros/jazzy/bin:/usr/local/sbin:/usr/local/bin:/usr/sbin:/usr/bin:/sbin:/bin:/usr/games:/usr/local/games:/snap/bin:/snap/bin', 'SESSION_MANAGER': 'local/king-mvibot:@/tmp/.ICE-unix/2719,unix/king-mvibot:/tmp/.ICE-unix/2719', 'XDG_MENU_PREFIX': 'gnome-', 'LC_ADDRESS': 'vi_VN', 'GNOME_TERMINAL_SCREEN': '/org/gnome/Terminal/screen/330651e4_3fd4_4611_8349_099accbb8e25', 'GNOME_SETUP_DISPLAY': ':1', 'XDG_RUNTIME_DIR': '/run/user/1001', 'DISPLAY': ':0', 'LANG': 'en_US.UTF-8', 'XDG_CURRENT_DESKTOP': 'ubuntu:GNOME', 'LC_TELEPHONE': 'vi_VN', 'RMW_IMPLEMENTATION': 'rmw_fastrtps_cpp', 'XMODIFIERS': '@im=ibus', 'XDG_SESSION_DESKTOP': 'ubuntu', 'XAUTHORITY': '/run/user/1001/.mutter-Xwaylandauth.9G55H3', 'LS_COLORS': 'rs=0:di=01;34:ln=01;36:mh=00:pi=40;33:so=01;35:do=01;35:bd=40;33;01:cd=40;33;01:or=40;31;01:mi=00:su=37;41:sg=30;43:ca=00:tw=30;42:ow=34;42:st=37;44:ex=01;32:*.tar=01;31:*.tgz=01;31:*.arc=01;31:*.arj=01;31:*.taz=01;31:*.lha=01;31:*.lz4=01;31:*.lzh=01;31:*.lzma=01;31:*.tlz=01;31:*.txz=01;31:*.tzo=01;31:*.t7z=01;31:*.zip=01;31:*.z=01;31:*.dz=01;31:*.gz=01;31:*.lrz=01;31:*.lz=01;31:*.lzo=01;31:*.xz=01;31:*.zst=01;31:*.tzst=01;31:*.bz2=01;31:*.bz=01;31:*.tbz=01;31:*.tbz2=01;31:*.tz=01;31:*.deb=01;31:*.rpm=01;31:*.jar=01;31:*.war=01;31:*.ear=01;31:*.sar=01;31:*.rar=01;31:*.alz=01;31:*.ace=01;31:*.zoo=01;31:*.cpio=01;31:*.7z=01;31:*.rz=01;31:*.cab=01;31:*.wim=01;31:*.swm=01;31:*.dwm=01;31:*.esd=01;31:*.avif=01;35:*.jpg=01;35:*.jpeg=01;35:*.mjpg=01;35:*.mjpeg=01;35:*.gif=01;35:*.bmp=01;35:*.pbm=01;35:*.pgm=01;35:*.ppm=01;35:*.tga=01;35:*.xbm=01;35:*.xpm=01;35:*.tif=01;35:*.tiff=01;35:*.png=01;35:*.svg=01;35:*.svgz=01;35:*.mng=01;35:*.pcx=01;35:*.mov=01;35:*.mpg=01;35:*.mpeg=01;35:*.m2v=01;35:*.mkv=01;35:*.webm=01;35:*.webp=01;35:*.ogm=01;35:*.mp4=01;35:*.m4v=01;35:*.mp4v=01;35:*.vob=01;35:*.qt=01;35:*.nuv=01;35:*.wmv=01;35:*.asf=01;35:*.rm=01;35:*.rmvb=01;35:*.flc=01;35:*.avi=01;35:*.fli=01;35:*.flv=01;35:*.gl=01;35:*.dl=01;35:*.xcf=01;35:*.xwd=01;35:*.yuv=01;35:*.cgm=01;35:*.emf=01;35:*.ogv=01;35:*.ogx=01;35:*.aac=00;36:*.au=00;36:*.flac=00;36:*.m4a=00;36:*.mid=00;36:*.midi=00;36:*.mka=00;36:*.mp3=00;36:*.mpc=00;36:*.ogg=00;36:*.ra=00;36:*.wav=00;36:*.oga=00;36:*.opus=00;36:*.spx=00;36:*.xspf=00;36:*~=00;90:*#=00;90:*.bak=00;90:*.crdownload=00;90:*.dpkg-dist=00;90:*.dpkg-new=00;90:*.dpkg-old=00;90:*.dpkg-tmp=00;90:*.old=00;90:*.orig=00;90:*.part=00;90:*.rej=00;90:*.rpmnew=00;90:*.rpmorig=00;90:*.rpmsave=00;90:*.swp=00;90:*.tmp=00;90:*.ucf-dist=00;90:*.ucf-new=00;90:*.ucf-old=00;90:', 'GNOME_TERMINAL_SERVICE': ':1.100', 'SSH_AUTH_SOCK': '/run/user/1001/keyring/ssh', 'ROS_DOMAIN_ID': '11', 'AMENT_PREFIX_PATH': '/home/mvibot/floorCleaningRobot_ws/install/tf2_web_republisher:/home/mvibot/floorCleaningRobot_ws/install/tf2_web_republisher_interfaces:/home/mvibot/floorCleaningRobot_ws/install/sllidar_ros2:/home/mvibot/floorCleaningRobot_ws/install/realsense2_description:/home/mvibot/floorCleaningRobot_ws/install/realsense2_camera:/home/mvibot/floorCleaningRobot_ws/install/realsense2_camera_msgs:/home/mvibot/floorCleaningRobot_ws/install/pointcloud_to_laserscan:/home/mvibot/floorCleaningRobot_ws/install/opennav_coverage_demo:/home/mvibot/floorCleaningRobot_ws/install/opennav_row_coverage:/home/mvibot/floorCleaningRobot_ws/install/opennav_coverage_navigator:/home/mvibot/floorCleaningRobot_ws/install/opennav_coverage_bt:/home/mvibot/floorCleaningRobot_ws/install/opennav_coverage:/home/mvibot/floorCleaningRobot_ws/install/mission_layer_mvibot:/home/mvibot/floorCleaningRobot_ws/install/opennav_coverage_msgs:/home/mvibot/floorCleaningRobot_ws/install/lower_layer_mvibot:/home/mvibot/floorCleaningRobot_ws/install/ira_laser_tools:/home/mvibot/floorCleaningRobot_ws/install/higher_layer_mvibot:/opt/ros/jazzy', 'SHELL': '/bin/bash', 'LC_NAME': 'vi_VN', 'QT_ACCESSIBILITY': '1', 'GDMSESSION': 'ubuntu', 'LESSCLOSE': '/usr/bin/lesspipe %s %s', 'LC_MEASUREMENT': 'vi_VN', 'LC_IDENTIFICATION': 'vi_VN', 'ROS_AUTOMATIC_DISCOVERY_RANGE': 'SUBNET', 'QT_IM_MODULE': 'ibus', 'PWD': '/home/mvibot/floorCleaningRobot_ws/build/mission_layer_mvibot', 'LC_ALL': 'en_US.UTF-8', 'XDG_CONFIG_DIRS': '/etc/xdg/xdg-ubuntu:/etc/xdg', 'XDG_DATA_DIRS': '/usr/share/ubuntu:/usr/share/gnome:/usr/local/share/:/usr/share/:/var/lib/snapd/desktop', 'PYTHONPATH': '/home/mvibot/floorCleaningRobot_ws/install/opennav_coverage_msgs/lib/python3.12/site-packages:/home/mvibot/floorCleaningRobot_ws/install/tf2_web_republisher_interfaces/lib/python3.12/site-packages:/home/mvibot/floorCleaningRobot_ws/install/realsense2_camera_msgs/lib/python3.12/site-packages:/home/mvibot/floorCleaningRobot_ws/build/opennav_coverage_demo:/home/mvibot/floorCleaningRobot_ws/install/opennav_coverage_demo/lib/python3.12/site-packages:/opt/ros/jazzy/lib/python3.12/site-packages', 'LC_NUMERIC': 'vi_VN', 'LC_PAPER': 'vi_VN', 'COLCON': '1', 'MEMORY_PRESSURE_WRITE': 'c29tZSAyMDAwMDAgMjAwMDAwMAA=', 'VTE_VERSION': '7600', 'CMAKE_PREFIX_PATH': '/home/mvibot/floorCleaningRobot_ws/install/opennav_coverage_msgs:/home/mvibot/floorCleaningRobot_ws/install/tf2_web_republisher:/home/mvibot/floorCleaningRobot_ws/install/tf2_web_republisher_interfaces:/home/mvibot/floorCleaningRobot_ws/install/sllidar_ros2:/home/mvibot/floorCleaningRobot_ws/install/realsense2_description:/home/mvibot/floorCleaningRobot_ws/install/realsense2_camera:/home/mvibot/floorCleaningRobot_ws/install/realsense2_camera_msgs:/home/mvibot/floorCleaningRobot_ws/install/pointcloud_to_laserscan:/home/mvibot/floorCleaningRobot_ws/install/opennav_row_coverage:/home/mvibot/floorCleaningRobot_ws/install/opennav_coverage_navigator:/home/mvibot/floorCleaningRobot_ws/install/opennav_coverage_bt:/home/mvibot/floorCleaningRobot_ws/install/opennav_coverage:/home/mvibot/floorCleaningRobot_ws/install/mission_layer_mvibot:/home/mvibot/floorCleaningRobot_ws/install/lower_layer_mvibot:/home/mvibot/floorCleaningRobot_ws/install/ira_laser_tools:/home/mvibot/floorCleaningRobot_ws/install/higher_layer_mvibot:/home/mvibot/floorCleaningRobot_ws/install/fields2cover:/opt/ros/jazzy/opt/gz_sim_vendor:/opt/ros/jazzy/opt/gz_sensors_vendor:/opt/ros/jazzy/opt/gz_physics_vendor:/opt/ros/jazzy/opt/sdformat_vendor:/opt/ros/jazzy/opt/gz_gui_vendor:/opt/ros/jazzy/opt/gz_transport_vendor:/opt/ros/jazzy/opt/gz_rendering_vendor:/opt/ros/jazzy/opt/gz_plugin_vendor:/opt/ros/jazzy/opt/gz_fuel_tools_vendor:/opt/ros/jazzy/opt/gz_msgs_vendor:/opt/ros/jazzy/opt/gz_common_vendor:/opt/ros/jazzy/opt/gz_math_vendor:/opt/ros/jazzy/opt/gz_utils_vendor:/opt/ros/jazzy/opt/gz_tools_vendor:/opt/ros/jazzy/opt/gz_ogre_next_vendor:/opt/ros/jazzy/opt/gz_dartsim_vendor:/opt/ros/jazzy/opt/gz_cmake_vendor:/home/mvibot/floorCleaningRobot_ws/install/opennav_coverage_demo:/opt/ros/jazzy'}), 'shell': False}
[105.701272] (-) TimerEvent: {}
[105.718216] (mission_layer_mvibot) StdoutLine: {'line': b'-- Install configuration: ""\n'}
[105.718917] (mission_layer_mvibot) StdoutLine: {'line': b'-- Execute custom install script\n'}
[105.719566] (mission_layer_mvibot) StdoutLine: {'line': b'-- Up-to-date symlink: /home/mvibot/floorCleaningRobot_ws/install/mission_layer_mvibot/share/mission_layer_mvibot//launch/mvibot_amcl_launch.py\n'}
[105.719789] (mission_layer_mvibot) StdoutLine: {'line': b'-- Up-to-date symlink: /home/mvibot/floorCleaningRobot_ws/install/mission_layer_mvibot/share/mission_layer_mvibot//launch/mvibot_behavior_launch.py\n'}
[105.719954] (mission_layer_mvibot) StdoutLine: {'line': b'-- Up-to-date symlink: /home/mvibot/floorCleaningRobot_ws/install/mission_layer_mvibot/share/mission_layer_mvibot//launch/mvibot_bt_navigator_launch.py\n'}
[105.720097] (mission_layer_mvibot) StdoutLine: {'line': b'-- Up-to-date symlink: /home/mvibot/floorCleaningRobot_ws/install/mission_layer_mvibot/share/mission_layer_mvibot//launch/mvibot_collision_monitor_launch.py\n'}
[105.720184] (mission_layer_mvibot) StdoutLine: {'line': b'-- Up-to-date symlink: /home/mvibot/floorCleaningRobot_ws/install/mission_layer_mvibot/share/mission_layer_mvibot//launch/mvibot_controller_launch.py\n'}
[105.720342] (mission_layer_mvibot) StdoutLine: {'line': b'-- Up-to-date symlink: /home/mvibot/floorCleaningRobot_ws/install/mission_layer_mvibot/share/mission_layer_mvibot//launch/mvibot_lifecycle_manager_navigation_launch.py\n'}
[105.720469] (mission_layer_mvibot) StdoutLine: {'line': b'-- Up-to-date symlink: /home/mvibot/floorCleaningRobot_ws/install/mission_layer_mvibot/share/mission_layer_mvibot//launch/mvibot_manage_mission_launch.py\n'}
[105.720593] (mission_layer_mvibot) StdoutLine: {'line': b'-- Up-to-date symlink: /home/mvibot/floorCleaningRobot_ws/install/mission_layer_mvibot/share/mission_layer_mvibot//launch/mvibot_mission_launch.py\n'}
[105.720729] (mission_layer_mvibot) StdoutLine: {'line': b'-- Up-to-date symlink: /home/mvibot/floorCleaningRobot_ws/install/mission_layer_mvibot/share/mission_layer_mvibot//launch/mvibot_navigation_launch.py\n'}
[105.720849] (mission_layer_mvibot) StdoutLine: {'line': b'-- Up-to-date symlink: /home/mvibot/floorCleaningRobot_ws/install/mission_layer_mvibot/share/mission_layer_mvibot//launch/mvibot_opennav_coverage_launch.py\n'}
[105.720984] (mission_layer_mvibot) StdoutLine: {'line': b'-- Up-to-date symlink: /home/mvibot/floorCleaningRobot_ws/install/mission_layer_mvibot/share/mission_layer_mvibot//launch/mvibot_planner_launch.py\n'}
[105.721090] (mission_layer_mvibot) StdoutLine: {'line': b'-- Up-to-date symlink: /home/mvibot/floorCleaningRobot_ws/install/mission_layer_mvibot/share/mission_layer_mvibot//launch/mvibot_smoother_launch.py\n'}
[105.721199] (mission_layer_mvibot) StdoutLine: {'line': b'-- Up-to-date symlink: /home/mvibot/floorCleaningRobot_ws/install/mission_layer_mvibot/share/mission_layer_mvibot//launch/mvibot_velocity_smoother_launch.py\n'}
[105.721368] (mission_layer_mvibot) StdoutLine: {'line': b'-- Up-to-date symlink: /home/mvibot/floorCleaningRobot_ws/install/mission_layer_mvibot/share/mission_layer_mvibot//launch/mvibot_waypoint_follower_launch.py\n'}
[105.721620] (mission_layer_mvibot) StdoutLine: {'line': b'-- Up-to-date symlink: /home/mvibot/floorCleaningRobot_ws/install/mission_layer_mvibot/lib/mission_layer_mvibot/mvibot_mission\n'}
[105.721892] (mission_layer_mvibot) StdoutLine: {'line': b'-- Up-to-date symlink: /home/mvibot/floorCleaningRobot_ws/install/mission_layer_mvibot/share/ament_index/resource_index/package_run_dependencies/mission_layer_mvibot\n'}
[105.722376] (mission_layer_mvibot) StdoutLine: {'line': b'-- Up-to-date symlink: /home/mvibot/floorCleaningRobot_ws/install/mission_layer_mvibot/share/ament_index/resource_index/parent_prefix_path/mission_layer_mvibot\n'}
[105.722511] (mission_layer_mvibot) StdoutLine: {'line': b'-- Up-to-date symlink: /home/mvibot/floorCleaningRobot_ws/install/mission_layer_mvibot/share/mission_layer_mvibot/environment/ament_prefix_path.sh\n'}
[105.723010] (mission_layer_mvibot) StdoutLine: {'line': b'-- Up-to-date symlink: /home/mvibot/floorCleaningRobot_ws/install/mission_layer_mvibot/share/mission_layer_mvibot/environment/ament_prefix_path.dsv\n'}
[105.723121] (mission_layer_mvibot) StdoutLine: {'line': b'-- Up-to-date symlink: /home/mvibot/floorCleaningRobot_ws/install/mission_layer_mvibot/share/mission_layer_mvibot/environment/path.sh\n'}
[105.723290] (mission_layer_mvibot) StdoutLine: {'line': b'-- Up-to-date symlink: /home/mvibot/floorCleaningRobot_ws/install/mission_layer_mvibot/share/mission_layer_mvibot/environment/path.dsv\n'}
[105.723494] (mission_layer_mvibot) StdoutLine: {'line': b'-- Up-to-date symlink: /home/mvibot/floorCleaningRobot_ws/install/mission_layer_mvibot/share/mission_layer_mvibot/local_setup.bash\n'}
[105.723638] (mission_layer_mvibot) StdoutLine: {'line': b'-- Up-to-date symlink: /home/mvibot/floorCleaningRobot_ws/install/mission_layer_mvibot/share/mission_layer_mvibot/local_setup.sh\n'}
[105.723733] (mission_layer_mvibot) StdoutLine: {'line': b'-- Up-to-date symlink: /home/mvibot/floorCleaningRobot_ws/install/mission_layer_mvibot/share/mission_layer_mvibot/local_setup.zsh\n'}
[105.723880] (mission_layer_mvibot) StdoutLine: {'line': b'-- Up-to-date symlink: /home/mvibot/floorCleaningRobot_ws/install/mission_layer_mvibot/share/mission_layer_mvibot/local_setup.dsv\n'}
[105.724135] (mission_layer_mvibot) StdoutLine: {'line': b'-- Symlinking: /home/mvibot/floorCleaningRobot_ws/install/mission_layer_mvibot/share/mission_layer_mvibot/package.dsv\n'}
[105.740680] (mission_layer_mvibot) StdoutLine: {'line': b'-- Up-to-date symlink: /home/mvibot/floorCleaningRobot_ws/install/mission_layer_mvibot/share/ament_index/resource_index/packages/mission_layer_mvibot\n'}
[105.740971] (mission_layer_mvibot) StdoutLine: {'line': b'-- Up-to-date symlink: /home/mvibot/floorCleaningRobot_ws/install/mission_layer_mvibot/share/mission_layer_mvibot/cmake/mission_layer_mvibotConfig.cmake\n'}
[105.741122] (mission_layer_mvibot) StdoutLine: {'line': b'-- Up-to-date symlink: /home/mvibot/floorCleaningRobot_ws/install/mission_layer_mvibot/share/mission_layer_mvibot/cmake/mission_layer_mvibotConfig-version.cmake\n'}
[105.741242] (mission_layer_mvibot) StdoutLine: {'line': b'-- Up-to-date symlink: /home/mvibot/floorCleaningRobot_ws/install/mission_layer_mvibot/share/mission_layer_mvibot/package.xml\n'}
[105.742767] (mission_layer_mvibot) CommandEnded: {'returncode': 0}
[105.769930] (mission_layer_mvibot) JobEnded: {'identifier': 'mission_layer_mvibot', 'rc': 0}
[105.775340] (-) EventReactorShutdown: {}
