[0.000000] (-) TimerEvent: {}
[0.000401] (-) JobUnselected: {'identifier': 'fields2cover'}
[0.000434] (-) JobUnselected: {'identifier': 'higher_layer_mvibot'}
[0.000454] (-) JobUnselected: {'identifier': 'ira_laser_tools'}
[0.000469] (-) JobUnselected: {'identifier': 'lower_layer_mvibot'}
[0.000483] (-) JobUnselected: {'identifier': 'opennav_coverage'}
[0.000496] (-) JobUnselected: {'identifier': 'opennav_coverage_bt'}
[0.000508] (-) JobUnselected: {'identifier': 'opennav_coverage_demo'}
[0.000521] (-) JobUnselected: {'identifier': 'opennav_coverage_msgs'}
[0.000533] (-) JobUnselected: {'identifier': 'opennav_coverage_navigator'}
[0.000545] (-) JobUnselected: {'identifier': 'opennav_row_coverage'}
[0.000556] (-) JobUnselected: {'identifier': 'pointcloud_to_laserscan'}
[0.000569] (-) JobUnselected: {'identifier': 'realsense2_camera'}
[0.000581] (-) JobUnselected: {'identifier': 'realsense2_camera_msgs'}
[0.000593] (-) JobUnselected: {'identifier': 'realsense2_description'}
[0.000605] (-) JobUnselected: {'identifier': 'sllidar_ros2'}
[0.000617] (-) JobUnselected: {'identifier': 'tf2_web_republisher'}
[0.000629] (-) JobUnselected: {'identifier': 'tf2_web_republisher_interfaces'}
[0.000643] (mission_layer_mvibot) JobQueued: {'identifier': 'mission_layer_mvibot', 'dependencies': OrderedDict({'opennav_coverage_msgs': '/home/mvibot/floorCleaningRobot_ws/install/opennav_coverage_msgs'})}
[0.000664] (mission_layer_mvibot) JobStarted: {'identifier': 'mission_layer_mvibot'}
[0.012939] (mission_layer_mvibot) JobProgress: {'identifier': 'mission_layer_mvibot', 'progress': 'cmake'}
[0.013574] (mission_layer_mvibot) JobProgress: {'identifier': 'mission_layer_mvibot', 'progress': 'build'}
[0.014276] (mission_layer_mvibot) Command: {'cmd': ['/usr/bin/cmake', '--build', '/home/mvibot/floorCleaningRobot_ws/build/mission_layer_mvibot', '--', '-j16', '-l16'], 'cwd': '/home/mvibot/floorCleaningRobot_ws/build/mission_layer_mvibot', 'env': OrderedDict({'LESSOPEN': '| /usr/bin/lesspipe %s', 'USER': 'mvibot', 'LC_TIME': 'vi_VN', 'GZ_CONFIG_PATH': '/opt/ros/jazzy/opt/gz_sim_vendor/share/gz:/opt/ros/jazzy/opt/sdformat_vendor/share/gz:/opt/ros/jazzy/opt/gz_gui_vendor/share/gz:/opt/ros/jazzy/opt/gz_transport_vendor/share/gz:/opt/ros/jazzy/opt/gz_rendering_vendor/share/gz:/opt/ros/jazzy/opt/gz_plugin_vendor/share/gz:/opt/ros/jazzy/opt/gz_fuel_tools_vendor/share/gz:/opt/ros/jazzy/opt/gz_msgs_vendor/share/gz:/opt/ros/jazzy/opt/gz_common_vendor/share/gz', 'XDG_SESSION_TYPE': 'wayland', 'CLUTTER_DISABLE_MIPMAPPED_TEXT': '1', 'SHLVL': '1', 'LD_LIBRARY_PATH': '/home/mvibot/floorCleaningRobot_ws/install/opennav_coverage_msgs/lib:/home/mvibot/floorCleaningRobot_ws/install/tf2_web_republisher/lib:/home/mvibot/floorCleaningRobot_ws/install/tf2_web_republisher_interfaces/lib:/home/mvibot/floorCleaningRobot_ws/install/realsense2_camera/lib:/home/mvibot/floorCleaningRobot_ws/install/realsense2_camera_msgs/lib:/home/mvibot/floorCleaningRobot_ws/install/pointcloud_to_laserscan/lib:/home/mvibot/floorCleaningRobot_ws/install/opennav_row_coverage/lib:/home/mvibot/floorCleaningRobot_ws/install/opennav_coverage_navigator/lib:/home/mvibot/floorCleaningRobot_ws/install/opennav_coverage_bt/lib:/home/mvibot/floorCleaningRobot_ws/install/opennav_coverage/lib:/home/mvibot/floorCleaningRobot_ws/install/fields2cover/lib:/opt/ros/jazzy/opt/gz_sim_vendor/lib:/opt/ros/jazzy/opt/gz_sensors_vendor/lib:/opt/ros/jazzy/opt/gz_physics_vendor/lib:/opt/ros/jazzy/opt/sdformat_vendor/lib:/opt/ros/jazzy/opt/rviz_ogre_vendor/lib:/opt/ros/jazzy/lib/x86_64-linux-gnu:/opt/ros/jazzy/opt/ortools_vendor/lib:/opt/ros/jazzy/opt/gz_gui_vendor/lib:/opt/ros/jazzy/opt/gz_transport_vendor/lib:/opt/ros/jazzy/opt/gz_rendering_vendor/lib:/opt/ros/jazzy/opt/gz_plugin_vendor/lib:/opt/ros/jazzy/opt/gz_fuel_tools_vendor/lib:/opt/ros/jazzy/opt/gz_msgs_vendor/lib:/opt/ros/jazzy/opt/gz_common_vendor/lib:/opt/ros/jazzy/opt/gz_math_vendor/lib:/opt/ros/jazzy/opt/gz_utils_vendor/lib:/opt/ros/jazzy/opt/gz_tools_vendor/lib:/opt/ros/jazzy/opt/gz_ogre_next_vendor/lib:/opt/ros/jazzy/opt/gz_dartsim_vendor/lib:/opt/ros/jazzy/opt/gz_cmake_vendor/lib:/opt/ros/jazzy/lib', 'HOME': '/home/mvibot', 'DESKTOP_SESSION': 'ubuntu', 'ROS_PYTHON_VERSION': '3', 'GNOME_SHELL_SESSION_MODE': 'ubuntu', 'GTK_MODULES': 'gail:atk-bridge', 'LC_MONETARY': 'vi_VN', 'SYSTEMD_EXEC_PID': '2828', 'GSM_SKIP_SSH_AGENT_WORKAROUND': 'true', 'DBUS_SESSION_BUS_ADDRESS': 'unix:path=/run/user/1001/bus', 'COLORTERM': 'truecolor', 'DEBUGINFOD_URLS': 'https://debuginfod.ubuntu.com', 'IM_CONFIG_PHASE': '1', 'WAYLAND_DISPLAY': 'wayland-0', 'COLCON_PREFIX_PATH': '/home/mvibot/floorCleaningRobot_ws/install', 'ROS_DISTRO': 'jazzy', 'LOGNAME': 'mvibot', '_': '/usr/bin/colcon', 'ROS_VERSION': '2', 'PKG_CONFIG_PATH': '/home/mvibot/floorCleaningRobot_ws/install/fields2cover/lib/x86_64-linux-gnu/pkgconfig:/home/mvibot/floorCleaningRobot_ws/install/fields2cover/lib/pkgconfig', 'MEMORY_PRESSURE_WATCH': '/sys/fs/cgroup/user.slice/user-1001.slice/user@1001.service/session.slice/org.gnome.Shell@wayland.service/memory.pressure', 'XDG_SESSION_CLASS': 'user', 'USERNAME': 'mvibot', 'TERM': 'xterm-256color', 'GNOME_DESKTOP_SESSION_ID': 'this-is-deprecated', 'PATH': '/opt/ros/jazzy/opt/ortools_vendor/bin:/opt/ros/jazzy/opt/gz_msgs_vendor/bin:/opt/ros/jazzy/opt/gz_tools_vendor/bin:/opt/ros/jazzy/opt/gz_ogre_next_vendor/bin:/opt/ros/jazzy/bin:/usr/local/sbin:/usr/local/bin:/usr/sbin:/usr/bin:/sbin:/bin:/usr/games:/usr/local/games:/snap/bin:/snap/bin', 'SESSION_MANAGER': 'local/king-mvibot:@/tmp/.ICE-unix/2790,unix/king-mvibot:/tmp/.ICE-unix/2790', 'XDG_MENU_PREFIX': 'gnome-', 'LC_ADDRESS': 'vi_VN', 'GNOME_TERMINAL_SCREEN': '/org/gnome/Terminal/screen/7ed79b37_a9ad_4e3a_bdf4_c072c79e5e12', 'GNOME_SETUP_DISPLAY': ':1', 'XDG_RUNTIME_DIR': '/run/user/1001', 'DISPLAY': ':0', 'LANG': 'en_US.UTF-8', 'XDG_CURRENT_DESKTOP': 'ubuntu:GNOME', 'LC_TELEPHONE': 'vi_VN', 'RMW_IMPLEMENTATION': 'rmw_fastrtps_cpp', 'XMODIFIERS': '@im=ibus', 'XDG_SESSION_DESKTOP': 'ubuntu', 'XAUTHORITY': '/run/user/1001/.mutter-Xwaylandauth.IC3WF3', 'LS_COLORS': 'rs=0:di=01;34:ln=01;36:mh=00:pi=40;33:so=01;35:do=01;35:bd=40;33;01:cd=40;33;01:or=40;31;01:mi=00:su=37;41:sg=30;43:ca=00:tw=30;42:ow=34;42:st=37;44:ex=01;32:*.tar=01;31:*.tgz=01;31:*.arc=01;31:*.arj=01;31:*.taz=01;31:*.lha=01;31:*.lz4=01;31:*.lzh=01;31:*.lzma=01;31:*.tlz=01;31:*.txz=01;31:*.tzo=01;31:*.t7z=01;31:*.zip=01;31:*.z=01;31:*.dz=01;31:*.gz=01;31:*.lrz=01;31:*.lz=01;31:*.lzo=01;31:*.xz=01;31:*.zst=01;31:*.tzst=01;31:*.bz2=01;31:*.bz=01;31:*.tbz=01;31:*.tbz2=01;31:*.tz=01;31:*.deb=01;31:*.rpm=01;31:*.jar=01;31:*.war=01;31:*.ear=01;31:*.sar=01;31:*.rar=01;31:*.alz=01;31:*.ace=01;31:*.zoo=01;31:*.cpio=01;31:*.7z=01;31:*.rz=01;31:*.cab=01;31:*.wim=01;31:*.swm=01;31:*.dwm=01;31:*.esd=01;31:*.avif=01;35:*.jpg=01;35:*.jpeg=01;35:*.mjpg=01;35:*.mjpeg=01;35:*.gif=01;35:*.bmp=01;35:*.pbm=01;35:*.pgm=01;35:*.ppm=01;35:*.tga=01;35:*.xbm=01;35:*.xpm=01;35:*.tif=01;35:*.tiff=01;35:*.png=01;35:*.svg=01;35:*.svgz=01;35:*.mng=01;35:*.pcx=01;35:*.mov=01;35:*.mpg=01;35:*.mpeg=01;35:*.m2v=01;35:*.mkv=01;35:*.webm=01;35:*.webp=01;35:*.ogm=01;35:*.mp4=01;35:*.m4v=01;35:*.mp4v=01;35:*.vob=01;35:*.qt=01;35:*.nuv=01;35:*.wmv=01;35:*.asf=01;35:*.rm=01;35:*.rmvb=01;35:*.flc=01;35:*.avi=01;35:*.fli=01;35:*.flv=01;35:*.gl=01;35:*.dl=01;35:*.xcf=01;35:*.xwd=01;35:*.yuv=01;35:*.cgm=01;35:*.emf=01;35:*.ogv=01;35:*.ogx=01;35:*.aac=00;36:*.au=00;36:*.flac=00;36:*.m4a=00;36:*.mid=00;36:*.midi=00;36:*.mka=00;36:*.mp3=00;36:*.mpc=00;36:*.ogg=00;36:*.ra=00;36:*.wav=00;36:*.oga=00;36:*.opus=00;36:*.spx=00;36:*.xspf=00;36:*~=00;90:*#=00;90:*.bak=00;90:*.crdownload=00;90:*.dpkg-dist=00;90:*.dpkg-new=00;90:*.dpkg-old=00;90:*.dpkg-tmp=00;90:*.old=00;90:*.orig=00;90:*.part=00;90:*.rej=00;90:*.rpmnew=00;90:*.rpmorig=00;90:*.rpmsave=00;90:*.swp=00;90:*.tmp=00;90:*.ucf-dist=00;90:*.ucf-new=00;90:*.ucf-old=00;90:', 'GNOME_TERMINAL_SERVICE': ':1.138', 'SSH_AUTH_SOCK': '/run/user/1001/keyring/ssh', 'ROS_DOMAIN_ID': '11', 'AMENT_PREFIX_PATH': '/home/mvibot/floorCleaningRobot_ws/install/tf2_web_republisher:/home/mvibot/floorCleaningRobot_ws/install/tf2_web_republisher_interfaces:/home/mvibot/floorCleaningRobot_ws/install/sllidar_ros2:/home/mvibot/floorCleaningRobot_ws/install/realsense2_description:/home/mvibot/floorCleaningRobot_ws/install/realsense2_camera:/home/mvibot/floorCleaningRobot_ws/install/realsense2_camera_msgs:/home/mvibot/floorCleaningRobot_ws/install/pointcloud_to_laserscan:/home/mvibot/floorCleaningRobot_ws/install/opennav_coverage_demo:/home/mvibot/floorCleaningRobot_ws/install/opennav_row_coverage:/home/mvibot/floorCleaningRobot_ws/install/opennav_coverage_navigator:/home/mvibot/floorCleaningRobot_ws/install/opennav_coverage_bt:/home/mvibot/floorCleaningRobot_ws/install/opennav_coverage:/home/mvibot/floorCleaningRobot_ws/install/mission_layer_mvibot:/home/mvibot/floorCleaningRobot_ws/install/opennav_coverage_msgs:/home/mvibot/floorCleaningRobot_ws/install/lower_layer_mvibot:/home/mvibot/floorCleaningRobot_ws/install/ira_laser_tools:/home/mvibot/floorCleaningRobot_ws/install/higher_layer_mvibot:/opt/ros/jazzy', 'SHELL': '/bin/bash', 'LC_NAME': 'vi_VN', 'QT_ACCESSIBILITY': '1', 'GDMSESSION': 'ubuntu', 'LESSCLOSE': '/usr/bin/lesspipe %s %s', 'LC_MEASUREMENT': 'vi_VN', 'LC_IDENTIFICATION': 'vi_VN', 'ROS_AUTOMATIC_DISCOVERY_RANGE': 'SUBNET', 'QT_IM_MODULE': 'ibus', 'PWD': '/home/mvibot/floorCleaningRobot_ws/build/mission_layer_mvibot', 'LC_ALL': 'en_US.UTF-8', 'XDG_CONFIG_DIRS': '/etc/xdg/xdg-ubuntu:/etc/xdg', 'XDG_DATA_DIRS': '/usr/share/ubuntu:/usr/share/gnome:/usr/local/share/:/usr/share/:/var/lib/snapd/desktop', 'PYTHONPATH': '/home/mvibot/floorCleaningRobot_ws/install/opennav_coverage_msgs/lib/python3.12/site-packages:/home/mvibot/floorCleaningRobot_ws/install/tf2_web_republisher_interfaces/lib/python3.12/site-packages:/home/mvibot/floorCleaningRobot_ws/install/realsense2_camera_msgs/lib/python3.12/site-packages:/home/mvibot/floorCleaningRobot_ws/build/opennav_coverage_demo:/home/mvibot/floorCleaningRobot_ws/install/opennav_coverage_demo/lib/python3.12/site-packages:/opt/ros/jazzy/lib/python3.12/site-packages', 'LC_NUMERIC': 'vi_VN', 'LC_PAPER': 'vi_VN', 'COLCON': '1', 'MEMORY_PRESSURE_WRITE': 'c29tZSAyMDAwMDAgMjAwMDAwMAA=', 'VTE_VERSION': '7600', 'CMAKE_PREFIX_PATH': '/home/mvibot/floorCleaningRobot_ws/install/opennav_coverage_msgs:/home/mvibot/floorCleaningRobot_ws/install/tf2_web_republisher:/home/mvibot/floorCleaningRobot_ws/install/tf2_web_republisher_interfaces:/home/mvibot/floorCleaningRobot_ws/install/sllidar_ros2:/home/mvibot/floorCleaningRobot_ws/install/realsense2_description:/home/mvibot/floorCleaningRobot_ws/install/realsense2_camera:/home/mvibot/floorCleaningRobot_ws/install/realsense2_camera_msgs:/home/mvibot/floorCleaningRobot_ws/install/pointcloud_to_laserscan:/home/mvibot/floorCleaningRobot_ws/install/opennav_row_coverage:/home/mvibot/floorCleaningRobot_ws/install/opennav_coverage_navigator:/home/mvibot/floorCleaningRobot_ws/install/opennav_coverage_bt:/home/mvibot/floorCleaningRobot_ws/install/opennav_coverage:/home/mvibot/floorCleaningRobot_ws/install/mission_layer_mvibot:/home/mvibot/floorCleaningRobot_ws/install/lower_layer_mvibot:/home/mvibot/floorCleaningRobot_ws/install/ira_laser_tools:/home/mvibot/floorCleaningRobot_ws/install/higher_layer_mvibot:/home/mvibot/floorCleaningRobot_ws/install/fields2cover:/opt/ros/jazzy/opt/gz_sim_vendor:/opt/ros/jazzy/opt/gz_sensors_vendor:/opt/ros/jazzy/opt/gz_physics_vendor:/opt/ros/jazzy/opt/sdformat_vendor:/opt/ros/jazzy/opt/gz_gui_vendor:/opt/ros/jazzy/opt/gz_transport_vendor:/opt/ros/jazzy/opt/gz_rendering_vendor:/opt/ros/jazzy/opt/gz_plugin_vendor:/opt/ros/jazzy/opt/gz_fuel_tools_vendor:/opt/ros/jazzy/opt/gz_msgs_vendor:/opt/ros/jazzy/opt/gz_common_vendor:/opt/ros/jazzy/opt/gz_math_vendor:/opt/ros/jazzy/opt/gz_utils_vendor:/opt/ros/jazzy/opt/gz_tools_vendor:/opt/ros/jazzy/opt/gz_ogre_next_vendor:/opt/ros/jazzy/opt/gz_dartsim_vendor:/opt/ros/jazzy/opt/gz_cmake_vendor:/home/mvibot/floorCleaningRobot_ws/install/opennav_coverage_demo:/opt/ros/jazzy'}), 'shell': False}
[0.099801] (-) TimerEvent: {}
[0.111510] (mission_layer_mvibot) StdoutLine: {'line': b'[ 50%] \x1b[32mBuilding CXX object CMakeFiles/mvibot_mission.dir/src/mvibot_mission.cpp.o\x1b[0m\n'}
[0.199893] (-) TimerEvent: {}
[0.300164] (-) TimerEvent: {}
[0.400429] (-) TimerEvent: {}
[0.500697] (-) TimerEvent: {}
[0.600977] (-) TimerEvent: {}
[0.701232] (-) TimerEvent: {}
[0.801507] (-) TimerEvent: {}
[0.901764] (-) TimerEvent: {}
[1.002084] (-) TimerEvent: {}
[1.102345] (-) TimerEvent: {}
[1.202622] (-) TimerEvent: {}
[1.302906] (-) TimerEvent: {}
[1.403179] (-) TimerEvent: {}
[1.503415] (-) TimerEvent: {}
[1.603615] (-) TimerEvent: {}
[1.703826] (-) TimerEvent: {}
[1.804053] (-) TimerEvent: {}
[1.904281] (-) TimerEvent: {}
[2.004506] (-) TimerEvent: {}
[2.104711] (-) TimerEvent: {}
[2.204886] (-) TimerEvent: {}
[2.305122] (-) TimerEvent: {}
[2.405317] (-) TimerEvent: {}
[2.505541] (-) TimerEvent: {}
[2.605739] (-) TimerEvent: {}
[2.705969] (-) TimerEvent: {}
[2.806162] (-) TimerEvent: {}
[2.906394] (-) TimerEvent: {}
[3.006650] (-) TimerEvent: {}
[3.106881] (-) TimerEvent: {}
[3.207138] (-) TimerEvent: {}
[3.307348] (-) TimerEvent: {}
[3.407647] (-) TimerEvent: {}
[3.507861] (-) TimerEvent: {}
[3.608169] (-) TimerEvent: {}
[3.708436] (-) TimerEvent: {}
[3.808700] (-) TimerEvent: {}
[3.908883] (-) TimerEvent: {}
[4.009082] (-) TimerEvent: {}
[4.109326] (-) TimerEvent: {}
[4.209564] (-) TimerEvent: {}
[4.309787] (-) TimerEvent: {}
[4.410023] (-) TimerEvent: {}
[4.510252] (-) TimerEvent: {}
[4.610471] (-) TimerEvent: {}
[4.710699] (-) TimerEvent: {}
[4.810956] (-) TimerEvent: {}
[4.911159] (-) TimerEvent: {}
[5.011367] (-) TimerEvent: {}
[5.111577] (-) TimerEvent: {}
[5.211790] (-) TimerEvent: {}
[5.312008] (-) TimerEvent: {}
[5.412226] (-) TimerEvent: {}
[5.512453] (-) TimerEvent: {}
[5.612692] (-) TimerEvent: {}
[5.712883] (-) TimerEvent: {}
[5.813098] (-) TimerEvent: {}
[5.913307] (-) TimerEvent: {}
[6.013555] (-) TimerEvent: {}
[6.113835] (-) TimerEvent: {}
[6.214121] (-) TimerEvent: {}
[6.314388] (-) TimerEvent: {}
[6.414642] (-) TimerEvent: {}
[6.514890] (-) TimerEvent: {}
[6.615153] (-) TimerEvent: {}
[6.677088] (mission_layer_mvibot) StderrLine: {'line': b'In file included from \x1b[01m\x1b[K/home/mvibot/floorCleaningRobot_ws/src/mission_layer_mvibot/src/mvibot_mission.cpp:3\x1b[m\x1b[K:\n'}
[6.677353] (mission_layer_mvibot) StderrLine: {'line': b'\x1b[01m\x1b[K/home/mvibot/floorCleaningRobot_ws/src/mission_layer_mvibot/src/../include/mission_layer_mvibot/mvibot_mission/manage_mission.h:\x1b[m\x1b[K In lambda function:\n'}
[6.677498] (mission_layer_mvibot) StderrLine: {'line': b'\x1b[01m\x1b[K/home/mvibot/floorCleaningRobot_ws/src/mission_layer_mvibot/src/../include/mission_layer_mvibot/mvibot_mission/manage_mission.h:356:30:\x1b[m\x1b[K \x1b[01;35m\x1b[Kwarning: \x1b[m\x1b[Kcomparison of integer expressions of different signedness: \xe2\x80\x98\x1b[01m\x1b[Kint\x1b[m\x1b[K\xe2\x80\x99 and \xe2\x80\x98\x1b[01m\x1b[Kstd::vector<std::__cxx11::basic_string<char>, std::allocator<std::__cxx11::basic_string<char> > >::size_type\x1b[m\x1b[K\xe2\x80\x99 {aka \xe2\x80\x98\x1b[01m\x1b[Klong unsigned int\x1b[m\x1b[K\xe2\x80\x99} [\x1b[01;35m\x1b[K\x1b]8;;https://gcc.gnu.org/onlinedocs/gcc/Warning-Options.html#index-Wsign-compare\x07-Wsign-compare\x1b]8;;\x07\x1b[m\x1b[K]\n'}
[6.677632] (mission_layer_mvibot) StderrLine: {'line': b'  356 |                 for(int i=0;\x1b[01;35m\x1b[Ki<data.data1.size()\x1b[m\x1b[K;i++){\n'}
[6.677754] (mission_layer_mvibot) StderrLine: {'line': b'      |                             \x1b[01;35m\x1b[K~^~~~~~~~~~~~~~~~~~\x1b[m\x1b[K\n'}
[6.678390] (mission_layer_mvibot) StderrLine: {'line': b'\x1b[01m\x1b[K/home/mvibot/floorCleaningRobot_ws/src/mission_layer_mvibot/src/../include/mission_layer_mvibot/mvibot_mission/manage_mission.h:352:28:\x1b[m\x1b[K \x1b[01;35m\x1b[Kwarning: \x1b[m\x1b[Kvariable \xe2\x80\x98\x1b[01m\x1b[Kis_ready\x1b[m\x1b[K\xe2\x80\x99 set but not used [\x1b[01;35m\x1b[K\x1b]8;;https://gcc.gnu.org/onlinedocs/gcc/Warning-Options.html#index-Wunused-but-set-variable\x07-Wunused-but-set-variable\x1b]8;;\x07\x1b[m\x1b[K]\n'}
[6.678582] (mission_layer_mvibot) StderrLine: {'line': b'  352 |                 static int \x1b[01;35m\x1b[Kis_ready\x1b[m\x1b[K;\n'}
[6.678708] (mission_layer_mvibot) StderrLine: {'line': b'      |                            \x1b[01;35m\x1b[K^~~~~~~~\x1b[m\x1b[K\n'}
[6.678847] (mission_layer_mvibot) StderrLine: {'line': b'\x1b[01m\x1b[K/home/mvibot/floorCleaningRobot_ws/src/mission_layer_mvibot/src/../include/mission_layer_mvibot/mvibot_mission/manage_mission.h:353:36:\x1b[m\x1b[K \x1b[01;35m\x1b[Kwarning: \x1b[m\x1b[Kunused variable \xe2\x80\x98\x1b[01m\x1b[Klive_f\x1b[m\x1b[K\xe2\x80\x99 [\x1b[01;35m\x1b[K\x1b]8;;https://gcc.gnu.org/onlinedocs/gcc/Warning-Options.html#index-Wunused-variable\x07-Wunused-variable\x1b]8;;\x07\x1b[m\x1b[K]\n'}
[6.678983] (mission_layer_mvibot) StderrLine: {'line': b'  353 |                 static int live=-1,\x1b[01;35m\x1b[Klive_f\x1b[m\x1b[K=-1,brake=-1,brake_f=-1,enable=-1,enable_f=-1,error=-1,error_f=-1;\n'}
[6.679107] (mission_layer_mvibot) StderrLine: {'line': b'      |                                    \x1b[01;35m\x1b[K^~~~~~\x1b[m\x1b[K\n'}
[6.679228] (mission_layer_mvibot) StderrLine: {'line': b'\x1b[01m\x1b[K/home/mvibot/floorCleaningRobot_ws/src/mission_layer_mvibot/src/../include/mission_layer_mvibot/mvibot_mission/manage_mission.h:353:55:\x1b[m\x1b[K \x1b[01;35m\x1b[Kwarning: \x1b[m\x1b[Kunused variable \xe2\x80\x98\x1b[01m\x1b[Kbrake_f\x1b[m\x1b[K\xe2\x80\x99 [\x1b[01;35m\x1b[K\x1b]8;;https://gcc.gnu.org/onlinedocs/gcc/Warning-Options.html#index-Wunused-variable\x07-Wunused-variable\x1b]8;;\x07\x1b[m\x1b[K]\n'}
[6.679385] (mission_layer_mvibot) StderrLine: {'line': b'  353 |                 static int live=-1,live_f=-1,brake=-1,\x1b[01;35m\x1b[Kbrake_f\x1b[m\x1b[K=-1,enable=-1,enable_f=-1,error=-1,error_f=-1;\n'}
[6.679507] (mission_layer_mvibot) StderrLine: {'line': b'      |                                                       \x1b[01;35m\x1b[K^~~~~~~\x1b[m\x1b[K\n'}
[6.679626] (mission_layer_mvibot) StderrLine: {'line': b'\x1b[01m\x1b[K/home/mvibot/floorCleaningRobot_ws/src/mission_layer_mvibot/src/../include/mission_layer_mvibot/mvibot_mission/manage_mission.h:353:76:\x1b[m\x1b[K \x1b[01;35m\x1b[Kwarning: \x1b[m\x1b[Kunused variable \xe2\x80\x98\x1b[01m\x1b[Kenable_f\x1b[m\x1b[K\xe2\x80\x99 [\x1b[01;35m\x1b[K\x1b]8;;https://gcc.gnu.org/onlinedocs/gcc/Warning-Options.html#index-Wunused-variable\x07-Wunused-variable\x1b]8;;\x07\x1b[m\x1b[K]\n'}
[6.679750] (mission_layer_mvibot) StderrLine: {'line': b'  353 |                 static int live=-1,live_f=-1,brake=-1,brake_f=-1,enable=-1,\x1b[01;35m\x1b[Kenable_f\x1b[m\x1b[K=-1,error=-1,error_f=-1;\n'}
[6.679880] (mission_layer_mvibot) StderrLine: {'line': b'      |                                                                            \x1b[01;35m\x1b[K^~~~~~~~\x1b[m\x1b[K\n'}
[6.680006] (mission_layer_mvibot) StderrLine: {'line': b'\x1b[01m\x1b[K/home/mvibot/floorCleaningRobot_ws/src/mission_layer_mvibot/src/../include/mission_layer_mvibot/mvibot_mission/manage_mission.h:353:88:\x1b[m\x1b[K \x1b[01;35m\x1b[Kwarning: \x1b[m\x1b[Kvariable \xe2\x80\x98\x1b[01m\x1b[Kerror\x1b[m\x1b[K\xe2\x80\x99 set but not used [\x1b[01;35m\x1b[K\x1b]8;;https://gcc.gnu.org/onlinedocs/gcc/Warning-Options.html#index-Wunused-but-set-variable\x07-Wunused-but-set-variable\x1b]8;;\x07\x1b[m\x1b[K]\n'}
[6.680131] (mission_layer_mvibot) StderrLine: {'line': b'  353 |                 static int live=-1,live_f=-1,brake=-1,brake_f=-1,enable=-1,enable_f=-1,\x1b[01;35m\x1b[Kerror\x1b[m\x1b[K=-1,error_f=-1;\n'}
[6.680252] (mission_layer_mvibot) StderrLine: {'line': b'      |                                                                                        \x1b[01;35m\x1b[K^~~~~\x1b[m\x1b[K\n'}
[6.680450] (mission_layer_mvibot) StderrLine: {'line': b'\x1b[01m\x1b[K/home/mvibot/floorCleaningRobot_ws/src/mission_layer_mvibot/src/../include/mission_layer_mvibot/mvibot_mission/manage_mission.h:353:97:\x1b[m\x1b[K \x1b[01;35m\x1b[Kwarning: \x1b[m\x1b[Kunused variable \xe2\x80\x98\x1b[01m\x1b[Kerror_f\x1b[m\x1b[K\xe2\x80\x99 [\x1b[01;35m\x1b[K\x1b]8;;https://gcc.gnu.org/onlinedocs/gcc/Warning-Options.html#index-Wunused-variable\x07-Wunused-variable\x1b]8;;\x07\x1b[m\x1b[K]\n'}
[6.680593] (mission_layer_mvibot) StderrLine: {'line': b'  353 |                 static int live=-1,live_f=-1,brake=-1,brake_f=-1,enable=-1,enable_f=-1,error=-1,\x1b[01;35m\x1b[Kerror_f\x1b[m\x1b[K=-1;\n'}
[6.680716] (mission_layer_mvibot) StderrLine: {'line': b'      |                                                                                                 \x1b[01;35m\x1b[K^~~~~~~\x1b[m\x1b[K\n'}
[6.680833] (mission_layer_mvibot) StderrLine: {'line': b'\x1b[01m\x1b[K/home/mvibot/floorCleaningRobot_ws/src/mission_layer_mvibot/src/../include/mission_layer_mvibot/mvibot_mission/manage_mission.h:\x1b[m\x1b[K In lambda function:\n'}
[6.680963] (mission_layer_mvibot) StderrLine: {'line': b'\x1b[01m\x1b[K/home/mvibot/floorCleaningRobot_ws/src/mission_layer_mvibot/src/../include/mission_layer_mvibot/mvibot_mission/manage_mission.h:386:30:\x1b[m\x1b[K \x1b[01;35m\x1b[Kwarning: \x1b[m\x1b[Kcomparison of integer expressions of different signedness: \xe2\x80\x98\x1b[01m\x1b[Kint\x1b[m\x1b[K\xe2\x80\x99 and \xe2\x80\x98\x1b[01m\x1b[Kstd::vector<std::__cxx11::basic_string<char>, std::allocator<std::__cxx11::basic_string<char> > >::size_type\x1b[m\x1b[K\xe2\x80\x99 {aka \xe2\x80\x98\x1b[01m\x1b[Klong unsigned int\x1b[m\x1b[K\xe2\x80\x99} [\x1b[01;35m\x1b[K\x1b]8;;https://gcc.gnu.org/onlinedocs/gcc/Warning-Options.html#index-Wsign-compare\x07-Wsign-compare\x1b]8;;\x07\x1b[m\x1b[K]\n'}
[6.681090] (mission_layer_mvibot) StderrLine: {'line': b'  386 |                 for(int i=0;\x1b[01;35m\x1b[Ki<data.data1.size()\x1b[m\x1b[K;i++){\n'}
[6.681236] (mission_layer_mvibot) StderrLine: {'line': b'      |                             \x1b[01;35m\x1b[K~^~~~~~~~~~~~~~~~~~\x1b[m\x1b[K\n'}
[6.681351] (mission_layer_mvibot) StderrLine: {'line': b'\x1b[01m\x1b[K/home/mvibot/floorCleaningRobot_ws/src/mission_layer_mvibot/src/../include/mission_layer_mvibot/mvibot_mission/manage_mission.h:382:36:\x1b[m\x1b[K \x1b[01;35m\x1b[Kwarning: \x1b[m\x1b[Kunused variable \xe2\x80\x98\x1b[01m\x1b[Klive_f\x1b[m\x1b[K\xe2\x80\x99 [\x1b[01;35m\x1b[K\x1b]8;;https://gcc.gnu.org/onlinedocs/gcc/Warning-Options.html#index-Wunused-variable\x07-Wunused-variable\x1b]8;;\x07\x1b[m\x1b[K]\n'}
[6.681471] (mission_layer_mvibot) StderrLine: {'line': b'  382 |                 static int live=-1,\x1b[01;35m\x1b[Klive_f\x1b[m\x1b[K=-1,brake=-1,brake_f=-1,enable=-1,enable_f=-1,error=-1,error_f=-1;\n'}
[6.681587] (mission_layer_mvibot) StderrLine: {'line': b'      |                                    \x1b[01;35m\x1b[K^~~~~~\x1b[m\x1b[K\n'}
[6.681702] (mission_layer_mvibot) StderrLine: {'line': b'\x1b[01m\x1b[K/home/mvibot/floorCleaningRobot_ws/src/mission_layer_mvibot/src/../include/mission_layer_mvibot/mvibot_mission/manage_mission.h:382:55:\x1b[m\x1b[K \x1b[01;35m\x1b[Kwarning: \x1b[m\x1b[Kunused variable \xe2\x80\x98\x1b[01m\x1b[Kbrake_f\x1b[m\x1b[K\xe2\x80\x99 [\x1b[01;35m\x1b[K\x1b]8;;https://gcc.gnu.org/onlinedocs/gcc/Warning-Options.html#index-Wunused-variable\x07-Wunused-variable\x1b]8;;\x07\x1b[m\x1b[K]\n'}
[6.681822] (mission_layer_mvibot) StderrLine: {'line': b'  382 |                 static int live=-1,live_f=-1,brake=-1,\x1b[01;35m\x1b[Kbrake_f\x1b[m\x1b[K=-1,enable=-1,enable_f=-1,error=-1,error_f=-1;\n'}
[6.681954] (mission_layer_mvibot) StderrLine: {'line': b'      |                                                       \x1b[01;35m\x1b[K^~~~~~~\x1b[m\x1b[K\n'}
[6.682073] (mission_layer_mvibot) StderrLine: {'line': b'\x1b[01m\x1b[K/home/mvibot/floorCleaningRobot_ws/src/mission_layer_mvibot/src/../include/mission_layer_mvibot/mvibot_mission/manage_mission.h:382:76:\x1b[m\x1b[K \x1b[01;35m\x1b[Kwarning: \x1b[m\x1b[Kunused variable \xe2\x80\x98\x1b[01m\x1b[Kenable_f\x1b[m\x1b[K\xe2\x80\x99 [\x1b[01;35m\x1b[K\x1b]8;;https://gcc.gnu.org/onlinedocs/gcc/Warning-Options.html#index-Wunused-variable\x07-Wunused-variable\x1b]8;;\x07\x1b[m\x1b[K]\n'}
[6.682192] (mission_layer_mvibot) StderrLine: {'line': b'  382 |                 static int live=-1,live_f=-1,brake=-1,brake_f=-1,enable=-1,\x1b[01;35m\x1b[Kenable_f\x1b[m\x1b[K=-1,error=-1,error_f=-1;\n'}
[6.682308] (mission_layer_mvibot) StderrLine: {'line': b'      |                                                                            \x1b[01;35m\x1b[K^~~~~~~~\x1b[m\x1b[K\n'}
[6.682437] (mission_layer_mvibot) StderrLine: {'line': b'\x1b[01m\x1b[K/home/mvibot/floorCleaningRobot_ws/src/mission_layer_mvibot/src/../include/mission_layer_mvibot/mvibot_mission/manage_mission.h:382:88:\x1b[m\x1b[K \x1b[01;35m\x1b[Kwarning: \x1b[m\x1b[Kvariable \xe2\x80\x98\x1b[01m\x1b[Kerror\x1b[m\x1b[K\xe2\x80\x99 set but not used [\x1b[01;35m\x1b[K\x1b]8;;https://gcc.gnu.org/onlinedocs/gcc/Warning-Options.html#index-Wunused-but-set-variable\x07-Wunused-but-set-variable\x1b]8;;\x07\x1b[m\x1b[K]\n'}
[6.682557] (mission_layer_mvibot) StderrLine: {'line': b'  382 |                 static int live=-1,live_f=-1,brake=-1,brake_f=-1,enable=-1,enable_f=-1,\x1b[01;35m\x1b[Kerror\x1b[m\x1b[K=-1,error_f=-1;\n'}
[6.682674] (mission_layer_mvibot) StderrLine: {'line': b'      |                                                                                        \x1b[01;35m\x1b[K^~~~~\x1b[m\x1b[K\n'}
[6.682790] (mission_layer_mvibot) StderrLine: {'line': b'\x1b[01m\x1b[K/home/mvibot/floorCleaningRobot_ws/src/mission_layer_mvibot/src/../include/mission_layer_mvibot/mvibot_mission/manage_mission.h:382:97:\x1b[m\x1b[K \x1b[01;35m\x1b[Kwarning: \x1b[m\x1b[Kunused variable \xe2\x80\x98\x1b[01m\x1b[Kerror_f\x1b[m\x1b[K\xe2\x80\x99 [\x1b[01;35m\x1b[K\x1b]8;;https://gcc.gnu.org/onlinedocs/gcc/Warning-Options.html#index-Wunused-variable\x07-Wunused-variable\x1b]8;;\x07\x1b[m\x1b[K]\n'}
[6.682937] (mission_layer_mvibot) StderrLine: {'line': b'  382 |                 static int live=-1,live_f=-1,brake=-1,brake_f=-1,enable=-1,enable_f=-1,error=-1,\x1b[01;35m\x1b[Kerror_f\x1b[m\x1b[K=-1;\n'}
[6.683067] (mission_layer_mvibot) StderrLine: {'line': b'      |                                                                                                 \x1b[01;35m\x1b[K^~~~~~~\x1b[m\x1b[K\n'}
[6.683190] (mission_layer_mvibot) StderrLine: {'line': b'\x1b[01m\x1b[K/home/mvibot/floorCleaningRobot_ws/src/mission_layer_mvibot/src/../include/mission_layer_mvibot/mvibot_mission/manage_mission.h:383:28:\x1b[m\x1b[K \x1b[01;35m\x1b[Kwarning: \x1b[m\x1b[Kvariable \xe2\x80\x98\x1b[01m\x1b[Kis_ready\x1b[m\x1b[K\xe2\x80\x99 set but not used [\x1b[01;35m\x1b[K\x1b]8;;https://gcc.gnu.org/onlinedocs/gcc/Warning-Options.html#index-Wunused-but-set-variable\x07-Wunused-but-set-variable\x1b]8;;\x07\x1b[m\x1b[K]\n'}
[6.683311] (mission_layer_mvibot) StderrLine: {'line': b'  383 |                 static int \x1b[01;35m\x1b[Kis_ready\x1b[m\x1b[K;\n'}
[6.683427] (mission_layer_mvibot) StderrLine: {'line': b'      |                            \x1b[01;35m\x1b[K^~~~~~~~\x1b[m\x1b[K\n'}
[6.683543] (mission_layer_mvibot) StderrLine: {'line': b'\x1b[01m\x1b[K/home/mvibot/floorCleaningRobot_ws/src/mission_layer_mvibot/src/../include/mission_layer_mvibot/mvibot_mission/manage_mission.h:\x1b[m\x1b[K In lambda function:\n'}
[6.683659] (mission_layer_mvibot) StderrLine: {'line': b'\x1b[01m\x1b[K/home/mvibot/floorCleaningRobot_ws/src/mission_layer_mvibot/src/../include/mission_layer_mvibot/mvibot_mission/manage_mission.h:415:34:\x1b[m\x1b[K \x1b[01;35m\x1b[Kwarning: \x1b[m\x1b[Kcomparison of integer expressions of different signedness: \xe2\x80\x98\x1b[01m\x1b[Kint\x1b[m\x1b[K\xe2\x80\x99 and \xe2\x80\x98\x1b[01m\x1b[Kstd::vector<std::__cxx11::basic_string<char>, std::allocator<std::__cxx11::basic_string<char> > >::size_type\x1b[m\x1b[K\xe2\x80\x99 {aka \xe2\x80\x98\x1b[01m\x1b[Klong unsigned int\x1b[m\x1b[K\xe2\x80\x99} [\x1b[01;35m\x1b[K\x1b]8;;https://gcc.gnu.org/onlinedocs/gcc/Warning-Options.html#index-Wsign-compare\x07-Wsign-compare\x1b]8;;\x07\x1b[m\x1b[K]\n'}
[6.683787] (mission_layer_mvibot) StderrLine: {'line': b'  415 |                     for(int i=1;\x1b[01;35m\x1b[Ki<data.data1.size()\x1b[m\x1b[K;i++){\n'}
[6.683916] (mission_layer_mvibot) StderrLine: {'line': b'      |                                 \x1b[01;35m\x1b[K~^~~~~~~~~~~~~~~~~~\x1b[m\x1b[K\n'}
[6.715250] (-) TimerEvent: {}
[6.815497] (-) TimerEvent: {}
[6.915698] (-) TimerEvent: {}
[7.015887] (-) TimerEvent: {}
[7.048192] (mission_layer_mvibot) StderrLine: {'line': b'\x1b[01m\x1b[K/home/mvibot/floorCleaningRobot_ws/src/mission_layer_mvibot/src/../include/mission_layer_mvibot/mvibot_mission/manage_mission.h:\x1b[m\x1b[K In member function \xe2\x80\x98\x1b[01m\x1b[Kint manage_mission::\x1b[01;32m\x1b[Kexecute_content\x1b[m\x1b[K(mission&, std::vector<std::__cxx11::basic_string<char>, std::allocator<std::__cxx11::basic_string<char> > >&, std::string&, std::string&, int&)\x1b[m\x1b[K\xe2\x80\x99:\n'}
[7.048374] (mission_layer_mvibot) StderrLine: {'line': b'\x1b[01m\x1b[K/home/mvibot/floorCleaningRobot_ws/src/mission_layer_mvibot/src/../include/mission_layer_mvibot/mvibot_mission/manage_mission.h:1063:14:\x1b[m\x1b[K \x1b[01;35m\x1b[Kwarning: \x1b[m\x1b[Kcomparison of integer expressions of different signedness: \xe2\x80\x98\x1b[01m\x1b[Kint\x1b[m\x1b[K\xe2\x80\x99 and \xe2\x80\x98\x1b[01m\x1b[Kstd::vector<std::__cxx11::basic_string<char>, std::allocator<std::__cxx11::basic_string<char> > >::size_type\x1b[m\x1b[K\xe2\x80\x99 {aka \xe2\x80\x98\x1b[01m\x1b[Klong unsigned int\x1b[m\x1b[K\xe2\x80\x99} [\x1b[01;35m\x1b[K\x1b]8;;https://gcc.gnu.org/onlinedocs/gcc/Warning-Options.html#index-Wsign-compare\x07-Wsign-compare\x1b]8;;\x07\x1b[m\x1b[K]\n'}
[7.048455] (mission_layer_mvibot) StderrLine: {'line': b' 1063 |         if(\x1b[01;35m\x1b[Ki == and_contents_list.size()\x1b[m\x1b[K){\n'}
[7.048523] (mission_layer_mvibot) StderrLine: {'line': b'      |            \x1b[01;35m\x1b[K~~^~~~~~~~~~~~~~~~~~~~~~~~~~~\x1b[m\x1b[K\n'}
[7.050279] (mission_layer_mvibot) StderrLine: {'line': b'\x1b[01m\x1b[K/home/mvibot/floorCleaningRobot_ws/src/mission_layer_mvibot/src/../include/mission_layer_mvibot/mvibot_mission/manage_mission.h:1088:14:\x1b[m\x1b[K \x1b[01;35m\x1b[Kwarning: \x1b[m\x1b[Kcomparison of integer expressions of different signedness: \xe2\x80\x98\x1b[01m\x1b[Kint\x1b[m\x1b[K\xe2\x80\x99 and \xe2\x80\x98\x1b[01m\x1b[Kstd::vector<std::__cxx11::basic_string<char>, std::allocator<std::__cxx11::basic_string<char> > >::size_type\x1b[m\x1b[K\xe2\x80\x99 {aka \xe2\x80\x98\x1b[01m\x1b[Klong unsigned int\x1b[m\x1b[K\xe2\x80\x99} [\x1b[01;35m\x1b[K\x1b]8;;https://gcc.gnu.org/onlinedocs/gcc/Warning-Options.html#index-Wsign-compare\x07-Wsign-compare\x1b]8;;\x07\x1b[m\x1b[K]\n'}
[7.050376] (mission_layer_mvibot) StderrLine: {'line': b' 1088 |         if(\x1b[01;35m\x1b[Ki == or_contents_list.size()\x1b[m\x1b[K){\n'}
[7.050441] (mission_layer_mvibot) StderrLine: {'line': b'      |            \x1b[01;35m\x1b[K~~^~~~~~~~~~~~~~~~~~~~~~~~~~\x1b[m\x1b[K\n'}
[7.115968] (-) TimerEvent: {}
[7.216171] (-) TimerEvent: {}
[7.316383] (-) TimerEvent: {}
[7.416587] (-) TimerEvent: {}
[7.516797] (-) TimerEvent: {}
[7.617010] (-) TimerEvent: {}
[7.717211] (-) TimerEvent: {}
[7.817389] (-) TimerEvent: {}
[7.917606] (-) TimerEvent: {}
[8.017800] (-) TimerEvent: {}
[8.118021] (-) TimerEvent: {}
[8.218219] (-) TimerEvent: {}
[8.318424] (-) TimerEvent: {}
[8.418634] (-) TimerEvent: {}
[8.518852] (-) TimerEvent: {}
[8.619028] (-) TimerEvent: {}
[8.719279] (-) TimerEvent: {}
[8.819536] (-) TimerEvent: {}
[8.919806] (-) TimerEvent: {}
[9.020061] (-) TimerEvent: {}
[9.120360] (-) TimerEvent: {}
[9.220622] (-) TimerEvent: {}
[9.320796] (-) TimerEvent: {}
[9.421090] (-) TimerEvent: {}
[9.495452] (mission_layer_mvibot) StderrLine: {'line': b'In file included from \x1b[01m\x1b[K/home/mvibot/floorCleaningRobot_ws/src/mission_layer_mvibot/src/mvibot_mission.cpp:4\x1b[m\x1b[K:\n'}
[9.495631] (mission_layer_mvibot) StderrLine: {'line': b'\x1b[01m\x1b[K/home/mvibot/floorCleaningRobot_ws/src/mission_layer_mvibot/src/../include/mission_layer_mvibot/mvibot_mission/navigation_function.h:\x1b[m\x1b[K In member function \xe2\x80\x98\x1b[01m\x1b[Kdouble* navigation_function::\x1b[01;32m\x1b[Kget_position_tf\x1b[m\x1b[K(std::string, std::string)\x1b[m\x1b[K\xe2\x80\x99:\n'}
[9.495731] (mission_layer_mvibot) StderrLine: {'line': b'\x1b[01m\x1b[K/home/mvibot/floorCleaningRobot_ws/src/mission_layer_mvibot/src/../include/mission_layer_mvibot/mvibot_mission/navigation_function.h:245:23:\x1b[m\x1b[K \x1b[01;35m\x1b[Kwarning: \x1b[m\x1b[Kvariable \xe2\x80\x98\x1b[01m\x1b[Kz\x1b[m\x1b[K\xe2\x80\x99 set but not used [\x1b[01;35m\x1b[K\x1b]8;;https://gcc.gnu.org/onlinedocs/gcc/Warning-Options.html#index-Wunused-but-set-variable\x07-Wunused-but-set-variable\x1b]8;;\x07\x1b[m\x1b[K]\n'}
[9.495810] (mission_layer_mvibot) StderrLine: {'line': b'  245 |     static double x,y,\x1b[01;35m\x1b[Kz\x1b[m\x1b[K,thz,thw;\n'}
[9.495901] (mission_layer_mvibot) StderrLine: {'line': b'      |                       \x1b[01;35m\x1b[K^\x1b[m\x1b[K\n'}
[9.521195] (-) TimerEvent: {}
[9.534763] (mission_layer_mvibot) StderrLine: {'line': b'\x1b[01m\x1b[K/home/mvibot/floorCleaningRobot_ws/src/mission_layer_mvibot/src/../include/mission_layer_mvibot/mvibot_mission/navigation_function.h:\x1b[m\x1b[K In member function \xe2\x80\x98\x1b[01m\x1b[Kvoid navigation_function::\x1b[01;32m\x1b[Kupdate_polygon\x1b[m\x1b[K()\x1b[m\x1b[K\xe2\x80\x99:\n'}
[9.534957] (mission_layer_mvibot) StderrLine: {'line': b'\x1b[01m\x1b[K/home/mvibot/floorCleaningRobot_ws/src/mission_layer_mvibot/src/../include/mission_layer_mvibot/mvibot_mission/navigation_function.h:448:19:\x1b[m\x1b[K \x1b[01;35m\x1b[Kwarning: \x1b[m\x1b[Kcomparison of integer expressions of different signedness: \xe2\x80\x98\x1b[01m\x1b[Kint\x1b[m\x1b[K\xe2\x80\x99 and \xe2\x80\x98\x1b[01m\x1b[Kstd::vector<geometry_msgs::msg::Point32_<std::allocator<void> >, std::allocator<geometry_msgs::msg::Point32_<std::allocator<void> > > >::size_type\x1b[m\x1b[K\xe2\x80\x99 {aka \xe2\x80\x98\x1b[01m\x1b[Klong unsigned int\x1b[m\x1b[K\xe2\x80\x99} [\x1b[01;35m\x1b[K\x1b]8;;https://gcc.gnu.org/onlinedocs/gcc/Warning-Options.html#index-Wsign-compare\x07-Wsign-compare\x1b]8;;\x07\x1b[m\x1b[K]\n'}
[9.535056] (mission_layer_mvibot) StderrLine: {'line': b'  448 |     for(int i=0; \x1b[01;35m\x1b[Ki<polygons[0].points.size()\x1b[m\x1b[K;i++){\n'}
[9.535130] (mission_layer_mvibot) StderrLine: {'line': b'      |                  \x1b[01;35m\x1b[K~^~~~~~~~~~~~~~~~~~~~~~~~~~\x1b[m\x1b[K\n'}
[9.621284] (-) TimerEvent: {}
[9.702860] (mission_layer_mvibot) StderrLine: {'line': b'In file included from \x1b[01m\x1b[K/home/mvibot/floorCleaningRobot_ws/src/mission_layer_mvibot/src/mvibot_mission.cpp:7\x1b[m\x1b[K:\n'}
[9.703048] (mission_layer_mvibot) StderrLine: {'line': b'\x1b[01m\x1b[K/home/mvibot/floorCleaningRobot_ws/src/mission_layer_mvibot/src/../include/mission_layer_mvibot/mvibot_mission/marker_function.h:\x1b[m\x1b[K In member function \xe2\x80\x98\x1b[01m\x1b[Kvoid marker::\x1b[01;32m\x1b[Kmarker_scale\x1b[m\x1b[K(visualization_msgs::msg::MarkerArray&, int, float, float, float)\x1b[m\x1b[K\xe2\x80\x99:\n'}
[9.703135] (mission_layer_mvibot) StderrLine: {'line': b'\x1b[01m\x1b[K/home/mvibot/floorCleaningRobot_ws/src/mission_layer_mvibot/src/../include/mission_layer_mvibot/mvibot_mission/marker_function.h:650:11:\x1b[m\x1b[K \x1b[01;35m\x1b[Kwarning: \x1b[m\x1b[Ksuggest parentheses around comparison in operand of \xe2\x80\x98\x1b[01m\x1b[K&\x1b[m\x1b[K\xe2\x80\x99 [\x1b[01;35m\x1b[K\x1b]8;;https://gcc.gnu.org/onlinedocs/gcc/Warning-Options.html#index-Wparentheses\x07-Wparentheses\x1b]8;;\x07\x1b[m\x1b[K]\n'}
[9.703221] (mission_layer_mvibot) StderrLine: {'line': b'  650 |     if(\x1b[01;35m\x1b[Knum<size\x1b[m\x1b[K & num >=0){\n'}
[9.703300] (mission_layer_mvibot) StderrLine: {'line': b'      |        \x1b[01;35m\x1b[K~~~^~~~~\x1b[m\x1b[K\n'}
[9.703375] (mission_layer_mvibot) StderrLine: {'line': b'\x1b[01m\x1b[K/home/mvibot/floorCleaningRobot_ws/src/mission_layer_mvibot/src/../include/mission_layer_mvibot/mvibot_mission/marker_function.h:\x1b[m\x1b[K In member function \xe2\x80\x98\x1b[01m\x1b[Kvoid marker::\x1b[01;32m\x1b[Kmarker_position\x1b[m\x1b[K(visualization_msgs::msg::MarkerArray&, int, float, float, float)\x1b[m\x1b[K\xe2\x80\x99:\n'}
[9.703451] (mission_layer_mvibot) StderrLine: {'line': b'\x1b[01m\x1b[K/home/mvibot/floorCleaningRobot_ws/src/mission_layer_mvibot/src/../include/mission_layer_mvibot/mvibot_mission/marker_function.h:659:11:\x1b[m\x1b[K \x1b[01;35m\x1b[Kwarning: \x1b[m\x1b[Ksuggest parentheses around comparison in operand of \xe2\x80\x98\x1b[01m\x1b[K&\x1b[m\x1b[K\xe2\x80\x99 [\x1b[01;35m\x1b[K\x1b]8;;https://gcc.gnu.org/onlinedocs/gcc/Warning-Options.html#index-Wparentheses\x07-Wparentheses\x1b]8;;\x07\x1b[m\x1b[K]\n'}
[9.703618] (mission_layer_mvibot) StderrLine: {'line': b'  659 |     if(\x1b[01;35m\x1b[Knum<size\x1b[m\x1b[K & num >=0){\n'}
[9.703722] (mission_layer_mvibot) StderrLine: {'line': b'      |        \x1b[01;35m\x1b[K~~~^~~~~\x1b[m\x1b[K\n'}
[9.703822] (mission_layer_mvibot) StderrLine: {'line': b'\x1b[01m\x1b[K/home/mvibot/floorCleaningRobot_ws/src/mission_layer_mvibot/src/../include/mission_layer_mvibot/mvibot_mission/marker_function.h:\x1b[m\x1b[K In member function \xe2\x80\x98\x1b[01m\x1b[Kvoid marker::\x1b[01;32m\x1b[Kmarker_orientation\x1b[m\x1b[K(visualization_msgs::msg::MarkerArray&, int, float, float, float, float)\x1b[m\x1b[K\xe2\x80\x99:\n'}
[9.704008] (mission_layer_mvibot) StderrLine: {'line': b'\x1b[01m\x1b[K/home/mvibot/floorCleaningRobot_ws/src/mission_layer_mvibot/src/../include/mission_layer_mvibot/mvibot_mission/marker_function.h:668:11:\x1b[m\x1b[K \x1b[01;35m\x1b[Kwarning: \x1b[m\x1b[Ksuggest parentheses around comparison in operand of \xe2\x80\x98\x1b[01m\x1b[K&\x1b[m\x1b[K\xe2\x80\x99 [\x1b[01;35m\x1b[K\x1b]8;;https://gcc.gnu.org/onlinedocs/gcc/Warning-Options.html#index-Wparentheses\x07-Wparentheses\x1b]8;;\x07\x1b[m\x1b[K]\n'}
[9.704119] (mission_layer_mvibot) StderrLine: {'line': b'  668 |     if(\x1b[01;35m\x1b[Knum<size\x1b[m\x1b[K & num >=0){\n'}
[9.704254] (mission_layer_mvibot) StderrLine: {'line': b'      |        \x1b[01;35m\x1b[K~~~^~~~~\x1b[m\x1b[K\n'}
[9.704322] (mission_layer_mvibot) StderrLine: {'line': b'\x1b[01m\x1b[K/home/mvibot/floorCleaningRobot_ws/src/mission_layer_mvibot/src/../include/mission_layer_mvibot/mvibot_mission/marker_function.h:\x1b[m\x1b[K In member function \xe2\x80\x98\x1b[01m\x1b[Kvoid marker::\x1b[01;32m\x1b[Kmarker_color\x1b[m\x1b[K(visualization_msgs::msg::MarkerArray&, int, float, float, float)\x1b[m\x1b[K\xe2\x80\x99:\n'}
[9.704392] (mission_layer_mvibot) StderrLine: {'line': b'\x1b[01m\x1b[K/home/mvibot/floorCleaningRobot_ws/src/mission_layer_mvibot/src/../include/mission_layer_mvibot/mvibot_mission/marker_function.h:678:11:\x1b[m\x1b[K \x1b[01;35m\x1b[Kwarning: \x1b[m\x1b[Ksuggest parentheses around comparison in operand of \xe2\x80\x98\x1b[01m\x1b[K&\x1b[m\x1b[K\xe2\x80\x99 [\x1b[01;35m\x1b[K\x1b]8;;https://gcc.gnu.org/onlinedocs/gcc/Warning-Options.html#index-Wparentheses\x07-Wparentheses\x1b]8;;\x07\x1b[m\x1b[K]\n'}
[9.704505] (mission_layer_mvibot) StderrLine: {'line': b'  678 |     if(\x1b[01;35m\x1b[Knum<size\x1b[m\x1b[K & num >=0){\n'}
[9.704592] (mission_layer_mvibot) StderrLine: {'line': b'      |        \x1b[01;35m\x1b[K~~~^~~~~\x1b[m\x1b[K\n'}
[9.704659] (mission_layer_mvibot) StderrLine: {'line': b'\x1b[01m\x1b[K/home/mvibot/floorCleaningRobot_ws/src/mission_layer_mvibot/src/../include/mission_layer_mvibot/mvibot_mission/marker_function.h:\x1b[m\x1b[K In member function \xe2\x80\x98\x1b[01m\x1b[Kvoid marker::\x1b[01;32m\x1b[Kpub_marker\x1b[m\x1b[K()\x1b[m\x1b[K\xe2\x80\x99:\n'}
[9.704731] (mission_layer_mvibot) StderrLine: {'line': b'\x1b[01m\x1b[K/home/mvibot/floorCleaningRobot_ws/src/mission_layer_mvibot/src/../include/mission_layer_mvibot/mvibot_mission/marker_function.h:689:19:\x1b[m\x1b[K \x1b[01;35m\x1b[Kwarning: \x1b[m\x1b[Kcomparison of integer expressions of different signedness: \xe2\x80\x98\x1b[01m\x1b[Kint\x1b[m\x1b[K\xe2\x80\x99 and \xe2\x80\x98\x1b[01m\x1b[Kstd::vector<visualization_msgs::msg::Marker_<std::allocator<void> >, std::allocator<visualization_msgs::msg::Marker_<std::allocator<void> > > >::size_type\x1b[m\x1b[K\xe2\x80\x99 {aka \xe2\x80\x98\x1b[01m\x1b[Klong unsigned int\x1b[m\x1b[K\xe2\x80\x99} [\x1b[01;35m\x1b[K\x1b]8;;https://gcc.gnu.org/onlinedocs/gcc/Warning-Options.html#index-Wsign-compare\x07-Wsign-compare\x1b]8;;\x07\x1b[m\x1b[K]\n'}
[9.704816] (mission_layer_mvibot) StderrLine: {'line': b'  689 |     for(int i=0; \x1b[01;35m\x1b[Ki<marker.markers.size()\x1b[m\x1b[K;i++){\n'}
[9.704985] (mission_layer_mvibot) StderrLine: {'line': b'      |                  \x1b[01;35m\x1b[K~^~~~~~~~~~~~~~~~~~~~~~\x1b[m\x1b[K\n'}
[9.705078] (mission_layer_mvibot) StderrLine: {'line': b'\x1b[01m\x1b[K/home/mvibot/floorCleaningRobot_ws/src/mission_layer_mvibot/src/../include/mission_layer_mvibot/mvibot_mission/marker_function.h:697:19:\x1b[m\x1b[K \x1b[01;35m\x1b[Kwarning: \x1b[m\x1b[Kcomparison of integer expressions of different signedness: \xe2\x80\x98\x1b[01m\x1b[Kint\x1b[m\x1b[K\xe2\x80\x99 and \xe2\x80\x98\x1b[01m\x1b[Kstd::vector<point>::size_type\x1b[m\x1b[K\xe2\x80\x99 {aka \xe2\x80\x98\x1b[01m\x1b[Klong unsigned int\x1b[m\x1b[K\xe2\x80\x99} [\x1b[01;35m\x1b[K\x1b]8;;https://gcc.gnu.org/onlinedocs/gcc/Warning-Options.html#index-Wsign-compare\x07-Wsign-compare\x1b]8;;\x07\x1b[m\x1b[K]\n'}
[9.705211] (mission_layer_mvibot) StderrLine: {'line': b'  697 |     for(int i=0; \x1b[01;35m\x1b[Ki<my_data.my_points.size()\x1b[m\x1b[K;i++){\n'}
[9.705308] (mission_layer_mvibot) StderrLine: {'line': b'      |                  \x1b[01;35m\x1b[K~^~~~~~~~~~~~~~~~~~~~~~~~~\x1b[m\x1b[K\n'}
[9.705403] (mission_layer_mvibot) StderrLine: {'line': b'\x1b[01m\x1b[K/home/mvibot/floorCleaningRobot_ws/src/mission_layer_mvibot/src/../include/mission_layer_mvibot/mvibot_mission/marker_function.h:707:18:\x1b[m\x1b[K \x1b[01;35m\x1b[Kwarning: \x1b[m\x1b[Kcomparison of integer expressions of different signedness: \xe2\x80\x98\x1b[01m\x1b[Kint\x1b[m\x1b[K\xe2\x80\x99 and \xe2\x80\x98\x1b[01m\x1b[Kstd::vector<points>::size_type\x1b[m\x1b[K\xe2\x80\x99 {aka \xe2\x80\x98\x1b[01m\x1b[Klong unsigned int\x1b[m\x1b[K\xe2\x80\x99} [\x1b[01;35m\x1b[K\x1b]8;;https://gcc.gnu.org/onlinedocs/gcc/Warning-Options.html#index-Wsign-compare\x07-Wsign-compare\x1b]8;;\x07\x1b[m\x1b[K]\n'}
[9.705502] (mission_layer_mvibot) StderrLine: {'line': b'  707 |     for(int i=0;\x1b[01;35m\x1b[Ki<my_data.my_group.size()\x1b[m\x1b[K;i++){\n'}
[9.705596] (mission_layer_mvibot) StderrLine: {'line': b'      |                 \x1b[01;35m\x1b[K~^~~~~~~~~~~~~~~~~~~~~~~~\x1b[m\x1b[K\n'}
[9.705690] (mission_layer_mvibot) StderrLine: {'line': b'\x1b[01m\x1b[K/home/mvibot/floorCleaningRobot_ws/src/mission_layer_mvibot/src/../include/mission_layer_mvibot/mvibot_mission/marker_function.h:717:22:\x1b[m\x1b[K \x1b[01;35m\x1b[Kwarning: \x1b[m\x1b[Kcomparison of integer expressions of different signedness: \xe2\x80\x98\x1b[01m\x1b[Kint\x1b[m\x1b[K\xe2\x80\x99 and \xe2\x80\x98\x1b[01m\x1b[Kstd::vector<visualization_msgs::msg::Marker_<std::allocator<void> >, std::allocator<visualization_msgs::msg::Marker_<std::allocator<void> > > >::size_type\x1b[m\x1b[K\xe2\x80\x99 {aka \xe2\x80\x98\x1b[01m\x1b[Klong unsigned int\x1b[m\x1b[K\xe2\x80\x99} [\x1b[01;35m\x1b[K\x1b]8;;https://gcc.gnu.org/onlinedocs/gcc/Warning-Options.html#index-Wsign-compare\x07-Wsign-compare\x1b]8;;\x07\x1b[m\x1b[K]\n'}
[9.705795] (mission_layer_mvibot) StderrLine: {'line': b'  717 |         for(int j=k;\x1b[01;35m\x1b[Kj<marker.markers.size()\x1b[m\x1b[K;j++){\n'}
[9.705919] (mission_layer_mvibot) StderrLine: {'line': b'      |                     \x1b[01;35m\x1b[K~^~~~~~~~~~~~~~~~~~~~~~\x1b[m\x1b[K\n'}
[9.706021] (mission_layer_mvibot) StderrLine: {'line': b'\x1b[01m\x1b[K/home/mvibot/floorCleaningRobot_ws/src/mission_layer_mvibot/src/../include/mission_layer_mvibot/mvibot_mission/marker_function.h:728:18:\x1b[m\x1b[K \x1b[01;35m\x1b[Kwarning: \x1b[m\x1b[Kcomparison of integer expressions of different signedness: \xe2\x80\x98\x1b[01m\x1b[Kint\x1b[m\x1b[K\xe2\x80\x99 and \xe2\x80\x98\x1b[01m\x1b[Kstd::vector<points>::size_type\x1b[m\x1b[K\xe2\x80\x99 {aka \xe2\x80\x98\x1b[01m\x1b[Klong unsigned int\x1b[m\x1b[K\xe2\x80\x99} [\x1b[01;35m\x1b[K\x1b]8;;https://gcc.gnu.org/onlinedocs/gcc/Warning-Options.html#index-Wsign-compare\x07-Wsign-compare\x1b]8;;\x07\x1b[m\x1b[K]\n'}
[9.706203] (mission_layer_mvibot) StderrLine: {'line': b'  728 |     for(int i=0;\x1b[01;35m\x1b[Ki<my_data.my_group3.size()\x1b[m\x1b[K;i++){\n'}
[9.706302] (mission_layer_mvibot) StderrLine: {'line': b'      |                 \x1b[01;35m\x1b[K~^~~~~~~~~~~~~~~~~~~~~~~~~\x1b[m\x1b[K\n'}
[9.706409] (mission_layer_mvibot) StderrLine: {'line': b'\x1b[01m\x1b[K/home/mvibot/floorCleaningRobot_ws/src/mission_layer_mvibot/src/../include/mission_layer_mvibot/mvibot_mission/marker_function.h:738:22:\x1b[m\x1b[K \x1b[01;35m\x1b[Kwarning: \x1b[m\x1b[Kcomparison of integer expressions of different signedness: \xe2\x80\x98\x1b[01m\x1b[Kint\x1b[m\x1b[K\xe2\x80\x99 and \xe2\x80\x98\x1b[01m\x1b[Kstd::vector<visualization_msgs::msg::Marker_<std::allocator<void> >, std::allocator<visualization_msgs::msg::Marker_<std::allocator<void> > > >::size_type\x1b[m\x1b[K\xe2\x80\x99 {aka \xe2\x80\x98\x1b[01m\x1b[Klong unsigned int\x1b[m\x1b[K\xe2\x80\x99} [\x1b[01;35m\x1b[K\x1b]8;;https://gcc.gnu.org/onlinedocs/gcc/Warning-Options.html#index-Wsign-compare\x07-Wsign-compare\x1b]8;;\x07\x1b[m\x1b[K]\n'}
[9.706523] (mission_layer_mvibot) StderrLine: {'line': b'  738 |         for(int j=k;\x1b[01;35m\x1b[Kj<marker.markers.size()\x1b[m\x1b[K;j++){\n'}
[9.706615] (mission_layer_mvibot) StderrLine: {'line': b'      |                     \x1b[01;35m\x1b[K~^~~~~~~~~~~~~~~~~~~~~~\x1b[m\x1b[K\n'}
[9.706708] (mission_layer_mvibot) StderrLine: {'line': b'\x1b[01m\x1b[K/home/mvibot/floorCleaningRobot_ws/src/mission_layer_mvibot/src/../include/mission_layer_mvibot/mvibot_mission/marker_function.h:749:18:\x1b[m\x1b[K \x1b[01;35m\x1b[Kwarning: \x1b[m\x1b[Kcomparison of integer expressions of different signedness: \xe2\x80\x98\x1b[01m\x1b[Kint\x1b[m\x1b[K\xe2\x80\x99 and \xe2\x80\x98\x1b[01m\x1b[Kstd::vector<std::vector<line> >::size_type\x1b[m\x1b[K\xe2\x80\x99 {aka \xe2\x80\x98\x1b[01m\x1b[Klong unsigned int\x1b[m\x1b[K\xe2\x80\x99} [\x1b[01;35m\x1b[K\x1b]8;;https://gcc.gnu.org/onlinedocs/gcc/Warning-Options.html#index-Wsign-compare\x07-Wsign-compare\x1b]8;;\x07\x1b[m\x1b[K]\n'}
[9.706805] (mission_layer_mvibot) StderrLine: {'line': b'  749 |     for(int n=0;\x1b[01;35m\x1b[Kn<my_data.my_lines2.size()\x1b[m\x1b[K;n++){\n'}
[9.706909] (mission_layer_mvibot) StderrLine: {'line': b'      |                 \x1b[01;35m\x1b[K~^~~~~~~~~~~~~~~~~~~~~~~~~\x1b[m\x1b[K\n'}
[9.707004] (mission_layer_mvibot) StderrLine: {'line': b'\x1b[01m\x1b[K/home/mvibot/floorCleaningRobot_ws/src/mission_layer_mvibot/src/../include/mission_layer_mvibot/mvibot_mission/marker_function.h:750:22:\x1b[m\x1b[K \x1b[01;35m\x1b[Kwarning: \x1b[m\x1b[Kcomparison of integer expressions of different signedness: \xe2\x80\x98\x1b[01m\x1b[Kint\x1b[m\x1b[K\xe2\x80\x99 and \xe2\x80\x98\x1b[01m\x1b[Kstd::vector<line>::size_type\x1b[m\x1b[K\xe2\x80\x99 {aka \xe2\x80\x98\x1b[01m\x1b[Klong unsigned int\x1b[m\x1b[K\xe2\x80\x99} [\x1b[01;35m\x1b[K\x1b]8;;https://gcc.gnu.org/onlinedocs/gcc/Warning-Options.html#index-Wsign-compare\x07-Wsign-compare\x1b]8;;\x07\x1b[m\x1b[K]\n'}
[9.707101] (mission_layer_mvibot) StderrLine: {'line': b'  750 |         for(int i=0;\x1b[01;35m\x1b[Ki<my_data.my_lines2[n].size()\x1b[m\x1b[K;i++){\n'}
[9.707195] (mission_layer_mvibot) StderrLine: {'line': b'      |                     \x1b[01;35m\x1b[K~^~~~~~~~~~~~~~~~~~~~~~~~~~~~\x1b[m\x1b[K\n'}
[9.707287] (mission_layer_mvibot) StderrLine: {'line': b'\x1b[01m\x1b[K/home/mvibot/floorCleaningRobot_ws/src/mission_layer_mvibot/src/../include/mission_layer_mvibot/mvibot_mission/marker_function.h:760:26:\x1b[m\x1b[K \x1b[01;35m\x1b[Kwarning: \x1b[m\x1b[Kcomparison of integer expressions of different signedness: \xe2\x80\x98\x1b[01m\x1b[Kint\x1b[m\x1b[K\xe2\x80\x99 and \xe2\x80\x98\x1b[01m\x1b[Kstd::vector<visualization_msgs::msg::Marker_<std::allocator<void> >, std::allocator<visualization_msgs::msg::Marker_<std::allocator<void> > > >::size_type\x1b[m\x1b[K\xe2\x80\x99 {aka \xe2\x80\x98\x1b[01m\x1b[Klong unsigned int\x1b[m\x1b[K\xe2\x80\x99} [\x1b[01;35m\x1b[K\x1b]8;;https://gcc.gnu.org/onlinedocs/gcc/Warning-Options.html#index-Wsign-compare\x07-Wsign-compare\x1b]8;;\x07\x1b[m\x1b[K]\n'}
[9.707391] (mission_layer_mvibot) StderrLine: {'line': b'  760 |             for(int j=k;\x1b[01;35m\x1b[Kj<marker.markers.size()\x1b[m\x1b[K;j++){\n'}
[9.707484] (mission_layer_mvibot) StderrLine: {'line': b'      |                         \x1b[01;35m\x1b[K~^~~~~~~~~~~~~~~~~~~~~~\x1b[m\x1b[K\n'}
[9.707583] (mission_layer_mvibot) StderrLine: {'line': b'\x1b[01m\x1b[K/home/mvibot/floorCleaningRobot_ws/src/mission_layer_mvibot/src/../include/mission_layer_mvibot/mvibot_mission/marker_function.h:775:18:\x1b[m\x1b[K \x1b[01;35m\x1b[Kwarning: \x1b[m\x1b[Kcomparison of integer expressions of different signedness: \xe2\x80\x98\x1b[01m\x1b[Kint\x1b[m\x1b[K\xe2\x80\x99 and \xe2\x80\x98\x1b[01m\x1b[Kstd::vector<visualization_msgs::msg::Marker_<std::allocator<void> >, std::allocator<visualization_msgs::msg::Marker_<std::allocator<void> > > >::size_type\x1b[m\x1b[K\xe2\x80\x99 {aka \xe2\x80\x98\x1b[01m\x1b[Klong unsigned int\x1b[m\x1b[K\xe2\x80\x99} [\x1b[01;35m\x1b[K\x1b]8;;https://gcc.gnu.org/onlinedocs/gcc/Warning-Options.html#index-Wsign-compare\x07-Wsign-compare\x1b]8;;\x07\x1b[m\x1b[K]\n'}
[9.707680] (mission_layer_mvibot) StderrLine: {'line': b'  775 |     for(int i=k;\x1b[01;35m\x1b[Ki<marker.markers.size()\x1b[m\x1b[K;i++){\n'}
[9.707773] (mission_layer_mvibot) StderrLine: {'line': b'      |                 \x1b[01;35m\x1b[K~^~~~~~~~~~~~~~~~~~~~~~\x1b[m\x1b[K\n'}
[9.707898] (mission_layer_mvibot) StderrLine: {'line': b'\x1b[01m\x1b[K/home/mvibot/floorCleaningRobot_ws/src/mission_layer_mvibot/src/../include/mission_layer_mvibot/mvibot_mission/marker_function.h:793:18:\x1b[m\x1b[K \x1b[01;35m\x1b[Kwarning: \x1b[m\x1b[Kcomparison of integer expressions of different signedness: \xe2\x80\x98\x1b[01m\x1b[Kint\x1b[m\x1b[K\xe2\x80\x99 and \xe2\x80\x98\x1b[01m\x1b[Kstd::vector<visualization_msgs::msg::Marker_<std::allocator<void> >, std::allocator<visualization_msgs::msg::Marker_<std::allocator<void> > > >::size_type\x1b[m\x1b[K\xe2\x80\x99 {aka \xe2\x80\x98\x1b[01m\x1b[Klong unsigned int\x1b[m\x1b[K\xe2\x80\x99} [\x1b[01;35m\x1b[K\x1b]8;;https://gcc.gnu.org/onlinedocs/gcc/Warning-Options.html#index-Wsign-compare\x07-Wsign-compare\x1b]8;;\x07\x1b[m\x1b[K]\n'}
[9.708085] (mission_layer_mvibot) StderrLine: {'line': b'  793 |     for(int i=k;\x1b[01;35m\x1b[Ki<marker.markers.size()\x1b[m\x1b[K;i++){\n'}
[9.708188] (mission_layer_mvibot) StderrLine: {'line': b'      |                 \x1b[01;35m\x1b[K~^~~~~~~~~~~~~~~~~~~~~~\x1b[m\x1b[K\n'}
[9.710995] (mission_layer_mvibot) StderrLine: {'line': b'\x1b[01m\x1b[K/home/mvibot/floorCleaningRobot_ws/src/mission_layer_mvibot/src/../include/mission_layer_mvibot/mvibot_mission/marker_function.h:\x1b[m\x1b[K In member function \xe2\x80\x98\x1b[01m\x1b[Kint marker::\x1b[01;32m\x1b[Kcaculate_transforms_ofset\x1b[m\x1b[K()\x1b[m\x1b[K\xe2\x80\x99:\n'}
[9.711169] (mission_layer_mvibot) StderrLine: {'line': b'\x1b[01m\x1b[K/home/mvibot/floorCleaningRobot_ws/src/mission_layer_mvibot/src/../include/mission_layer_mvibot/mvibot_mission/marker_function.h:865:23:\x1b[m\x1b[K \x1b[01;35m\x1b[Kwarning: \x1b[m\x1b[Kvariable \xe2\x80\x98\x1b[01m\x1b[Ktheta\x1b[m\x1b[K\xe2\x80\x99 set but not used [\x1b[01;35m\x1b[K\x1b]8;;https://gcc.gnu.org/onlinedocs/gcc/Warning-Options.html#index-Wunused-but-set-variable\x07-Wunused-but-set-variable\x1b]8;;\x07\x1b[m\x1b[K]\n'}
[9.711270] (mission_layer_mvibot) StderrLine: {'line': b'  865 |         static double \x1b[01;35m\x1b[Ktheta\x1b[m\x1b[K;\n'}
[9.711405] (mission_layer_mvibot) StderrLine: {'line': b'      |                       \x1b[01;35m\x1b[K^~~~~\x1b[m\x1b[K\n'}
[9.711474] (mission_layer_mvibot) StderrLine: {'line': b'\x1b[01m\x1b[K/home/mvibot/floorCleaningRobot_ws/src/mission_layer_mvibot/src/../include/mission_layer_mvibot/mvibot_mission/marker_function.h:874:31:\x1b[m\x1b[K \x1b[01;35m\x1b[Kwarning: \x1b[m\x1b[Kunused variable \xe2\x80\x98\x1b[01m\x1b[Ktheta1\x1b[m\x1b[K\xe2\x80\x99 [\x1b[01;35m\x1b[K\x1b]8;;https://gcc.gnu.org/onlinedocs/gcc/Warning-Options.html#index-Wunused-variable\x07-Wunused-variable\x1b]8;;\x07\x1b[m\x1b[K]\n'}
[9.711553] (mission_layer_mvibot) StderrLine: {'line': b'  874 |         static double theta0, \x1b[01;35m\x1b[Ktheta1\x1b[m\x1b[K;\n'}
[9.711653] (mission_layer_mvibot) StderrLine: {'line': b'      |                               \x1b[01;35m\x1b[K^~~~~~\x1b[m\x1b[K\n'}
[9.713606] (mission_layer_mvibot) StderrLine: {'line': b'\x1b[01m\x1b[K/home/mvibot/floorCleaningRobot_ws/src/mission_layer_mvibot/src/../include/mission_layer_mvibot/mvibot_mission/marker_function.h:\x1b[m\x1b[K In member function \xe2\x80\x98\x1b[01m\x1b[Kdouble* marker::\x1b[01;32m\x1b[Kget_position\x1b[m\x1b[K(std::string, std::string)\x1b[m\x1b[K\xe2\x80\x99:\n'}
[9.713712] (mission_layer_mvibot) StderrLine: {'line': b'\x1b[01m\x1b[K/home/mvibot/floorCleaningRobot_ws/src/mission_layer_mvibot/src/../include/mission_layer_mvibot/mvibot_mission/marker_function.h:913:23:\x1b[m\x1b[K \x1b[01;35m\x1b[Kwarning: \x1b[m\x1b[Kvariable \xe2\x80\x98\x1b[01m\x1b[Kz\x1b[m\x1b[K\xe2\x80\x99 set but not used [\x1b[01;35m\x1b[K\x1b]8;;https://gcc.gnu.org/onlinedocs/gcc/Warning-Options.html#index-Wunused-but-set-variable\x07-Wunused-but-set-variable\x1b]8;;\x07\x1b[m\x1b[K]\n'}
[9.713784] (mission_layer_mvibot) StderrLine: {'line': b'  913 |     static double x,y,\x1b[01;35m\x1b[Kz\x1b[m\x1b[K,thz,thw;\n'}
[9.713857] (mission_layer_mvibot) StderrLine: {'line': b'      |                       \x1b[01;35m\x1b[K^\x1b[m\x1b[K\n'}
[9.721352] (-) TimerEvent: {}
[9.726320] (mission_layer_mvibot) StderrLine: {'line': b'\x1b[01m\x1b[K/home/mvibot/floorCleaningRobot_ws/src/mission_layer_mvibot/src/../include/mission_layer_mvibot/mvibot_mission/marker_function.h:\x1b[m\x1b[K In member function \xe2\x80\x98\x1b[01m\x1b[Kint marker::\x1b[01;32m\x1b[Kmove_to_orientation_pose_n\x1b[m\x1b[K()\x1b[m\x1b[K\xe2\x80\x99:\n'}
[9.726632] (mission_layer_mvibot) StderrLine: {'line': b'\x1b[01m\x1b[K/home/mvibot/floorCleaningRobot_ws/src/mission_layer_mvibot/src/../include/mission_layer_mvibot/mvibot_mission/marker_function.h:1215:19:\x1b[m\x1b[K \x1b[01;35m\x1b[Kwarning: \x1b[m\x1b[Kunused variable \xe2\x80\x98\x1b[01m\x1b[Kdis\x1b[m\x1b[K\xe2\x80\x99 [\x1b[01;35m\x1b[K\x1b]8;;https://gcc.gnu.org/onlinedocs/gcc/Warning-Options.html#index-Wunused-variable\x07-Wunused-variable\x1b]8;;\x07\x1b[m\x1b[K]\n'}
[9.726720] (mission_layer_mvibot) StderrLine: {'line': b' 1215 |     static double \x1b[01;35m\x1b[Kdis\x1b[m\x1b[K,angle;\n'}
[9.726786] (mission_layer_mvibot) StderrLine: {'line': b'      |                   \x1b[01;35m\x1b[K^~~\x1b[m\x1b[K\n'}
[9.730590] (mission_layer_mvibot) StderrLine: {'line': b'\x1b[01m\x1b[K/home/mvibot/floorCleaningRobot_ws/src/mission_layer_mvibot/src/../include/mission_layer_mvibot/mvibot_mission/marker_function.h:\x1b[m\x1b[K In member function \xe2\x80\x98\x1b[01m\x1b[Kint marker::\x1b[01;32m\x1b[Kdetect_bar\x1b[m\x1b[K(float)\x1b[m\x1b[K\xe2\x80\x99:\n'}
[9.730737] (mission_layer_mvibot) StderrLine: {'line': b'\x1b[01m\x1b[K/home/mvibot/floorCleaningRobot_ws/src/mission_layer_mvibot/src/../include/mission_layer_mvibot/mvibot_mission/marker_function.h:1396:18:\x1b[m\x1b[K \x1b[01;35m\x1b[Kwarning: \x1b[m\x1b[Kcomparison of integer expressions of different signedness: \xe2\x80\x98\x1b[01m\x1b[Kint\x1b[m\x1b[K\xe2\x80\x99 and \xe2\x80\x98\x1b[01m\x1b[Kstd::vector<std::vector<line> >::size_type\x1b[m\x1b[K\xe2\x80\x99 {aka \xe2\x80\x98\x1b[01m\x1b[Klong unsigned int\x1b[m\x1b[K\xe2\x80\x99} [\x1b[01;35m\x1b[K\x1b]8;;https://gcc.gnu.org/onlinedocs/gcc/Warning-Options.html#index-Wsign-compare\x07-Wsign-compare\x1b]8;;\x07\x1b[m\x1b[K]\n'}
[9.730871] (mission_layer_mvibot) StderrLine: {'line': b' 1396 |     for(int i=0;\x1b[01;35m\x1b[Ki<my_data.my_lines2.size()\x1b[m\x1b[K;i++){\n'}
[9.730965] (mission_layer_mvibot) StderrLine: {'line': b'      |                 \x1b[01;35m\x1b[K~^~~~~~~~~~~~~~~~~~~~~~~~~\x1b[m\x1b[K\n'}
[9.731044] (mission_layer_mvibot) StderrLine: {'line': b'\x1b[01m\x1b[K/home/mvibot/floorCleaningRobot_ws/src/mission_layer_mvibot/src/../include/mission_layer_mvibot/mvibot_mission/marker_function.h:1397:22:\x1b[m\x1b[K \x1b[01;35m\x1b[Kwarning: \x1b[m\x1b[Kcomparison of integer expressions of different signedness: \xe2\x80\x98\x1b[01m\x1b[Kint\x1b[m\x1b[K\xe2\x80\x99 and \xe2\x80\x98\x1b[01m\x1b[Kstd::vector<line>::size_type\x1b[m\x1b[K\xe2\x80\x99 {aka \xe2\x80\x98\x1b[01m\x1b[Klong unsigned int\x1b[m\x1b[K\xe2\x80\x99} [\x1b[01;35m\x1b[K\x1b]8;;https://gcc.gnu.org/onlinedocs/gcc/Warning-Options.html#index-Wsign-compare\x07-Wsign-compare\x1b]8;;\x07\x1b[m\x1b[K]\n'}
[9.731233] (mission_layer_mvibot) StderrLine: {'line': b' 1397 |         for(int j=0;\x1b[01;35m\x1b[Kj<my_data.my_lines2[i].size()\x1b[m\x1b[K;j++){\n'}
[9.731319] (mission_layer_mvibot) StderrLine: {'line': b'      |                     \x1b[01;35m\x1b[K~^~~~~~~~~~~~~~~~~~~~~~~~~~~~\x1b[m\x1b[K\n'}
[9.731383] (mission_layer_mvibot) StderrLine: {'line': b'\x1b[01m\x1b[K/home/mvibot/floorCleaningRobot_ws/src/mission_layer_mvibot/src/../include/mission_layer_mvibot/mvibot_mission/marker_function.h:1398:28:\x1b[m\x1b[K \x1b[01;35m\x1b[Kwarning: \x1b[m\x1b[Kcomparison of integer expressions of different signedness: \xe2\x80\x98\x1b[01m\x1b[Kint\x1b[m\x1b[K\xe2\x80\x99 and \xe2\x80\x98\x1b[01m\x1b[Kstd::vector<std::vector<line> >::size_type\x1b[m\x1b[K\xe2\x80\x99 {aka \xe2\x80\x98\x1b[01m\x1b[Klong unsigned int\x1b[m\x1b[K\xe2\x80\x99} [\x1b[01;35m\x1b[K\x1b]8;;https://gcc.gnu.org/onlinedocs/gcc/Warning-Options.html#index-Wsign-compare\x07-Wsign-compare\x1b]8;;\x07\x1b[m\x1b[K]\n'}
[9.731459] (mission_layer_mvibot) StderrLine: {'line': b' 1398 |             for(int k=i+1;\x1b[01;35m\x1b[Kk<my_data.my_lines2.size()\x1b[m\x1b[K;k++){\n'}
[9.731520] (mission_layer_mvibot) StderrLine: {'line': b'      |                           \x1b[01;35m\x1b[K~^~~~~~~~~~~~~~~~~~~~~~~~~\x1b[m\x1b[K\n'}
[9.731580] (mission_layer_mvibot) StderrLine: {'line': b'\x1b[01m\x1b[K/home/mvibot/floorCleaningRobot_ws/src/mission_layer_mvibot/src/../include/mission_layer_mvibot/mvibot_mission/marker_function.h:1399:30:\x1b[m\x1b[K \x1b[01;35m\x1b[Kwarning: \x1b[m\x1b[Kcomparison of integer expressions of different signedness: \xe2\x80\x98\x1b[01m\x1b[Kint\x1b[m\x1b[K\xe2\x80\x99 and \xe2\x80\x98\x1b[01m\x1b[Kstd::vector<line>::size_type\x1b[m\x1b[K\xe2\x80\x99 {aka \xe2\x80\x98\x1b[01m\x1b[Klong unsigned int\x1b[m\x1b[K\xe2\x80\x99} [\x1b[01;35m\x1b[K\x1b]8;;https://gcc.gnu.org/onlinedocs/gcc/Warning-Options.html#index-Wsign-compare\x07-Wsign-compare\x1b]8;;\x07\x1b[m\x1b[K]\n'}
[9.731648] (mission_layer_mvibot) StderrLine: {'line': b' 1399 |                 for(int h=0;\x1b[01;35m\x1b[Kh<my_data.my_lines2[k].size()\x1b[m\x1b[K;h++){\n'}
[9.731709] (mission_layer_mvibot) StderrLine: {'line': b'      |                             \x1b[01;35m\x1b[K~^~~~~~~~~~~~~~~~~~~~~~~~~~~~\x1b[m\x1b[K\n'}
[9.731767] (mission_layer_mvibot) StderrLine: {'line': b'\x1b[01m\x1b[K/home/mvibot/floorCleaningRobot_ws/src/mission_layer_mvibot/src/../include/mission_layer_mvibot/mvibot_mission/marker_function.h:1410:33:\x1b[m\x1b[K \x1b[01;35m\x1b[Kwarning: \x1b[m\x1b[Ksuggest parentheses around comparison in operand of \xe2\x80\x98\x1b[01m\x1b[K|\x1b[m\x1b[K\xe2\x80\x99 [\x1b[01;35m\x1b[K\x1b]8;;https://gcc.gnu.org/onlinedocs/gcc/Warning-Options.html#index-Wparentheses\x07-Wparentheses\x1b]8;;\x07\x1b[m\x1b[K]\n'}
[9.731853] (mission_layer_mvibot) StderrLine: {'line': b' 1410 |                         if((\x1b[01;35m\x1b[Kdis1>=0.5\x1b[m\x1b[K | dis2>=0.5) & dis1 >=0.15 & dis2 >=0.15){\n'}
[9.732017] (mission_layer_mvibot) StderrLine: {'line': b'      |                             \x1b[01;35m\x1b[K~~~~^~~~~\x1b[m\x1b[K\n'}
[9.732114] (mission_layer_mvibot) StderrLine: {'line': b'\x1b[01m\x1b[K/home/mvibot/floorCleaningRobot_ws/src/mission_layer_mvibot/src/../include/mission_layer_mvibot/mvibot_mission/marker_function.h:1410:59:\x1b[m\x1b[K \x1b[01;35m\x1b[Kwarning: \x1b[m\x1b[Ksuggest parentheses around comparison in operand of \xe2\x80\x98\x1b[01m\x1b[K&\x1b[m\x1b[K\xe2\x80\x99 [\x1b[01;35m\x1b[K\x1b]8;;https://gcc.gnu.org/onlinedocs/gcc/Warning-Options.html#index-Wparentheses\x07-Wparentheses\x1b]8;;\x07\x1b[m\x1b[K]\n'}
[9.732220] (mission_layer_mvibot) StderrLine: {'line': b' 1410 |                         if((dis1>=0.5 | dis2>=0.5) & \x1b[01;35m\x1b[Kdis1 >=0.15\x1b[m\x1b[K & dis2 >=0.15){\n'}
[9.732428] (mission_layer_mvibot) StderrLine: {'line': b'      |                                                      \x1b[01;35m\x1b[K~~~~~^~~~~~\x1b[m\x1b[K\n'}
[9.732574] (mission_layer_mvibot) StderrLine: {'line': b'\x1b[01m\x1b[K/home/mvibot/floorCleaningRobot_ws/src/mission_layer_mvibot/src/../include/mission_layer_mvibot/mvibot_mission/marker_function.h:1410:73:\x1b[m\x1b[K \x1b[01;35m\x1b[Kwarning: \x1b[m\x1b[Ksuggest parentheses around comparison in operand of \xe2\x80\x98\x1b[01m\x1b[K&\x1b[m\x1b[K\xe2\x80\x99 [\x1b[01;35m\x1b[K\x1b]8;;https://gcc.gnu.org/onlinedocs/gcc/Warning-Options.html#index-Wparentheses\x07-Wparentheses\x1b]8;;\x07\x1b[m\x1b[K]\n'}
[9.732749] (mission_layer_mvibot) StderrLine: {'line': b' 1410 |                         if((dis1>=0.5 | dis2>=0.5) & dis1 >=0.15 & \x1b[01;35m\x1b[Kdis2 >=0.15\x1b[m\x1b[K){\n'}
[9.732924] (mission_layer_mvibot) StderrLine: {'line': b'      |                                                                    \x1b[01;35m\x1b[K~~~~~^~~~~~\x1b[m\x1b[K\n'}
[9.733080] (mission_layer_mvibot) StderrLine: {'line': b'\x1b[01m\x1b[K/home/mvibot/floorCleaningRobot_ws/src/mission_layer_mvibot/src/../include/mission_layer_mvibot/mvibot_mission/marker_function.h:1426:18:\x1b[m\x1b[K \x1b[01;35m\x1b[Kwarning: \x1b[m\x1b[Kcomparison of integer expressions of different signedness: \xe2\x80\x98\x1b[01m\x1b[Kint\x1b[m\x1b[K\xe2\x80\x99 and \xe2\x80\x98\x1b[01m\x1b[Kstd::vector<std::vector<line> >::size_type\x1b[m\x1b[K\xe2\x80\x99 {aka \xe2\x80\x98\x1b[01m\x1b[Klong unsigned int\x1b[m\x1b[K\xe2\x80\x99} [\x1b[01;35m\x1b[K\x1b]8;;https://gcc.gnu.org/onlinedocs/gcc/Warning-Options.html#index-Wsign-compare\x07-Wsign-compare\x1b]8;;\x07\x1b[m\x1b[K]\n'}
[9.733256] (mission_layer_mvibot) StderrLine: {'line': b' 1426 |     for(int k=0;\x1b[01;35m\x1b[Kk<my_lines_group_memory.size()\x1b[m\x1b[K;k++){\n'}
[9.733376] (mission_layer_mvibot) StderrLine: {'line': b'      |                 \x1b[01;35m\x1b[K~^~~~~~~~~~~~~~~~~~~~~~~~~~~~~\x1b[m\x1b[K\n'}
[9.733516] (mission_layer_mvibot) StderrLine: {'line': b'\x1b[01m\x1b[K/home/mvibot/floorCleaningRobot_ws/src/mission_layer_mvibot/src/../include/mission_layer_mvibot/mvibot_mission/marker_function.h:1429:22:\x1b[m\x1b[K \x1b[01;35m\x1b[Kwarning: \x1b[m\x1b[Kcomparison of integer expressions of different signedness: \xe2\x80\x98\x1b[01m\x1b[Kint\x1b[m\x1b[K\xe2\x80\x99 and \xe2\x80\x98\x1b[01m\x1b[Kstd::vector<point>::size_type\x1b[m\x1b[K\xe2\x80\x99 {aka \xe2\x80\x98\x1b[01m\x1b[Klong unsigned int\x1b[m\x1b[K\xe2\x80\x99} [\x1b[01;35m\x1b[K\x1b]8;;https://gcc.gnu.org/onlinedocs/gcc/Warning-Options.html#index-Wsign-compare\x07-Wsign-compare\x1b]8;;\x07\x1b[m\x1b[K]\n'}
[9.733639] (mission_layer_mvibot) StderrLine: {'line': b' 1429 |         for(int i=0;\x1b[01;35m\x1b[Ki<my_lines_group_memory[k][0].points.size()\x1b[m\x1b[K;i++){\n'}
[9.733759] (mission_layer_mvibot) StderrLine: {'line': b'      |                     \x1b[01;35m\x1b[K~^~~~~~~~~~~~~~~~~~~~~~~~~~~~~~~~~~~~~~~~~~\x1b[m\x1b[K\n'}
[9.733887] (mission_layer_mvibot) StderrLine: {'line': b'\x1b[01m\x1b[K/home/mvibot/floorCleaningRobot_ws/src/mission_layer_mvibot/src/../include/mission_layer_mvibot/mvibot_mission/marker_function.h:1438:22:\x1b[m\x1b[K \x1b[01;35m\x1b[Kwarning: \x1b[m\x1b[Kcomparison of integer expressions of different signedness: \xe2\x80\x98\x1b[01m\x1b[Kint\x1b[m\x1b[K\xe2\x80\x99 and \xe2\x80\x98\x1b[01m\x1b[Kstd::vector<point>::size_type\x1b[m\x1b[K\xe2\x80\x99 {aka \xe2\x80\x98\x1b[01m\x1b[Klong unsigned int\x1b[m\x1b[K\xe2\x80\x99} [\x1b[01;35m\x1b[K\x1b]8;;https://gcc.gnu.org/onlinedocs/gcc/Warning-Options.html#index-Wsign-compare\x07-Wsign-compare\x1b]8;;\x07\x1b[m\x1b[K]\n'}
[9.734056] (mission_layer_mvibot) StderrLine: {'line': b' 1438 |         for(int i=0;\x1b[01;35m\x1b[Ki<my_lines_group_memory[k][1].points.size()\x1b[m\x1b[K;i++){\n'}
[9.734176] (mission_layer_mvibot) StderrLine: {'line': b'      |                     \x1b[01;35m\x1b[K~^~~~~~~~~~~~~~~~~~~~~~~~~~~~~~~~~~~~~~~~~~\x1b[m\x1b[K\n'}
[9.734322] (mission_layer_mvibot) StderrLine: {'line': b'\x1b[01m\x1b[K/home/mvibot/floorCleaningRobot_ws/src/mission_layer_mvibot/src/../include/mission_layer_mvibot/mvibot_mission/marker_function.h:1448:35:\x1b[m\x1b[K \x1b[01;35m\x1b[Kwarning: \x1b[m\x1b[Ksuggest parentheses around comparison in operand of \xe2\x80\x98\x1b[01m\x1b[K&\x1b[m\x1b[K\xe2\x80\x99 [\x1b[01;35m\x1b[K\x1b]8;;https://gcc.gnu.org/onlinedocs/gcc/Warning-Options.html#index-Wparentheses\x07-Wparentheses\x1b]8;;\x07\x1b[m\x1b[K]\n'}
[9.734470] (mission_layer_mvibot) StderrLine: {'line': b' 1448 |         if(\x1b[01;35m\x1b[Kfabs(dis1-bar_distance)<=0.05\x1b[m\x1b[K & fabs(dis2-bar_distance)<=0.05){\n'}
[9.734591] (mission_layer_mvibot) StderrLine: {'line': b'      |            \x1b[01;35m\x1b[K~~~~~~~~~~~~~~~~~~~~~~~^~~~~~\x1b[m\x1b[K\n'}
[9.734709] (mission_layer_mvibot) StderrLine: {'line': b'\x1b[01m\x1b[K/home/mvibot/floorCleaningRobot_ws/src/mission_layer_mvibot/src/../include/mission_layer_mvibot/mvibot_mission/marker_function.h:1456:30:\x1b[m\x1b[K \x1b[01;35m\x1b[Kwarning: \x1b[m\x1b[Ksuggest parentheses around comparison in operand of \xe2\x80\x98\x1b[01m\x1b[K&\x1b[m\x1b[K\xe2\x80\x99 [\x1b[01;35m\x1b[K\x1b]8;;https://gcc.gnu.org/onlinedocs/gcc/Warning-Options.html#index-Wparentheses\x07-Wparentheses\x1b]8;;\x07\x1b[m\x1b[K]\n'}
[9.734832] (mission_layer_mvibot) StderrLine: {'line': b' 1456 |     if(\x1b[01;35m\x1b[Kmy_lines_memory.size()!=0\x1b[m\x1b[K & num_bar_pass==1){\n'}
[9.735003] (mission_layer_mvibot) StderrLine: {'line': b'      |        \x1b[01;35m\x1b[K~~~~~~~~~~~~~~~~~~~~~~^~~\x1b[m\x1b[K\n'}
[9.735127] (mission_layer_mvibot) StderrLine: {'line': b'\x1b[01m\x1b[K/home/mvibot/floorCleaningRobot_ws/src/mission_layer_mvibot/src/../include/mission_layer_mvibot/mvibot_mission/marker_function.h:1459:26:\x1b[m\x1b[K \x1b[01;35m\x1b[Kwarning: \x1b[m\x1b[Kcomparison of integer expressions of different signedness: \xe2\x80\x98\x1b[01m\x1b[Kint\x1b[m\x1b[K\xe2\x80\x99 and \xe2\x80\x98\x1b[01m\x1b[Kstd::vector<point>::size_type\x1b[m\x1b[K\xe2\x80\x99 {aka \xe2\x80\x98\x1b[01m\x1b[Klong unsigned int\x1b[m\x1b[K\xe2\x80\x99} [\x1b[01;35m\x1b[K\x1b]8;;https://gcc.gnu.org/onlinedocs/gcc/Warning-Options.html#index-Wsign-compare\x07-Wsign-compare\x1b]8;;\x07\x1b[m\x1b[K]\n'}
[9.735254] (mission_layer_mvibot) StderrLine: {'line': b' 1459 |             for(int i=0;\x1b[01;35m\x1b[Ki<my_data.my_points.size()\x1b[m\x1b[K;i++){\n'}
[9.735374] (mission_layer_mvibot) StderrLine: {'line': b'      |                         \x1b[01;35m\x1b[K~^~~~~~~~~~~~~~~~~~~~~~~~~\x1b[m\x1b[K\n'}
[9.735495] (mission_layer_mvibot) StderrLine: {'line': b'\x1b[01m\x1b[K/home/mvibot/floorCleaningRobot_ws/src/mission_layer_mvibot/src/../include/mission_layer_mvibot/mvibot_mission/marker_function.h:1477:26:\x1b[m\x1b[K \x1b[01;35m\x1b[Kwarning: \x1b[m\x1b[Kcomparison of integer expressions of different signedness: \xe2\x80\x98\x1b[01m\x1b[Kint\x1b[m\x1b[K\xe2\x80\x99 and \xe2\x80\x98\x1b[01m\x1b[Kstd::vector<point>::size_type\x1b[m\x1b[K\xe2\x80\x99 {aka \xe2\x80\x98\x1b[01m\x1b[Klong unsigned int\x1b[m\x1b[K\xe2\x80\x99} [\x1b[01;35m\x1b[K\x1b]8;;https://gcc.gnu.org/onlinedocs/gcc/Warning-Options.html#index-Wsign-compare\x07-Wsign-compare\x1b]8;;\x07\x1b[m\x1b[K]\n'}
[9.735676] (mission_layer_mvibot) StderrLine: {'line': b' 1477 |             for(int i=0;\x1b[01;35m\x1b[Ki<my_lines_memory[0].points.size()\x1b[m\x1b[K;i++){\n'}
[9.735801] (mission_layer_mvibot) StderrLine: {'line': b'      |                         \x1b[01;35m\x1b[K~^~~~~~~~~~~~~~~~~~~~~~~~~~~~~~~~~\x1b[m\x1b[K\n'}
[9.735939] (mission_layer_mvibot) StderrLine: {'line': b'\x1b[01m\x1b[K/home/mvibot/floorCleaningRobot_ws/src/mission_layer_mvibot/src/../include/mission_layer_mvibot/mvibot_mission/marker_function.h:1498:26:\x1b[m\x1b[K \x1b[01;35m\x1b[Kwarning: \x1b[m\x1b[Kcomparison of integer expressions of different signedness: \xe2\x80\x98\x1b[01m\x1b[Kint\x1b[m\x1b[K\xe2\x80\x99 and \xe2\x80\x98\x1b[01m\x1b[Kstd::vector<point>::size_type\x1b[m\x1b[K\xe2\x80\x99 {aka \xe2\x80\x98\x1b[01m\x1b[Klong unsigned int\x1b[m\x1b[K\xe2\x80\x99} [\x1b[01;35m\x1b[K\x1b]8;;https://gcc.gnu.org/onlinedocs/gcc/Warning-Options.html#index-Wsign-compare\x07-Wsign-compare\x1b]8;;\x07\x1b[m\x1b[K]\n'}
[9.736108] (mission_layer_mvibot) StderrLine: {'line': b' 1498 |             for(int i=0;\x1b[01;35m\x1b[Ki<my_lines_memory[1].points.size()\x1b[m\x1b[K;i++){\n'}
[9.736244] (mission_layer_mvibot) StderrLine: {'line': b'      |                         \x1b[01;35m\x1b[K~^~~~~~~~~~~~~~~~~~~~~~~~~~~~~~~~~\x1b[m\x1b[K\n'}
[9.736834] (mission_layer_mvibot) StderrLine: {'line': b'\x1b[01m\x1b[K/home/mvibot/floorCleaningRobot_ws/src/mission_layer_mvibot/src/../include/mission_layer_mvibot/mvibot_mission/marker_function.h:\x1b[m\x1b[K In member function \xe2\x80\x98\x1b[01m\x1b[Kint marker::\x1b[01;32m\x1b[Kdetect_l\x1b[m\x1b[K()\x1b[m\x1b[K\xe2\x80\x99:\n'}
[9.736983] (mission_layer_mvibot) StderrLine: {'line': b'\x1b[01m\x1b[K/home/mvibot/floorCleaningRobot_ws/src/mission_layer_mvibot/src/../include/mission_layer_mvibot/mvibot_mission/marker_function.h:1615:18:\x1b[m\x1b[K \x1b[01;35m\x1b[Kwarning: \x1b[m\x1b[Kcomparison of integer expressions of different signedness: \xe2\x80\x98\x1b[01m\x1b[Kint\x1b[m\x1b[K\xe2\x80\x99 and \xe2\x80\x98\x1b[01m\x1b[Kstd::vector<std::vector<line> >::size_type\x1b[m\x1b[K\xe2\x80\x99 {aka \xe2\x80\x98\x1b[01m\x1b[Klong unsigned int\x1b[m\x1b[K\xe2\x80\x99} [\x1b[01;35m\x1b[K\x1b]8;;https://gcc.gnu.org/onlinedocs/gcc/Warning-Options.html#index-Wsign-compare\x07-Wsign-compare\x1b]8;;\x07\x1b[m\x1b[K]\n'}
[9.737083] (mission_layer_mvibot) StderrLine: {'line': b' 1615 |     for(int i=0;\x1b[01;35m\x1b[Ki<my_data.my_lines2.size()\x1b[m\x1b[K;i++){\n'}
[9.737158] (mission_layer_mvibot) StderrLine: {'line': b'      |                 \x1b[01;35m\x1b[K~^~~~~~~~~~~~~~~~~~~~~~~~~\x1b[m\x1b[K\n'}
[9.737231] (mission_layer_mvibot) StderrLine: {'line': b'\x1b[01m\x1b[K/home/mvibot/floorCleaningRobot_ws/src/mission_layer_mvibot/src/../include/mission_layer_mvibot/mvibot_mission/marker_function.h:1616:22:\x1b[m\x1b[K \x1b[01;35m\x1b[Kwarning: \x1b[m\x1b[Kcomparison of integer expressions of different signedness: \xe2\x80\x98\x1b[01m\x1b[Kint\x1b[m\x1b[K\xe2\x80\x99 and \xe2\x80\x98\x1b[01m\x1b[Kstd::vector<line>::size_type\x1b[m\x1b[K\xe2\x80\x99 {aka \xe2\x80\x98\x1b[01m\x1b[Klong unsigned int\x1b[m\x1b[K\xe2\x80\x99} [\x1b[01;35m\x1b[K\x1b]8;;https://gcc.gnu.org/onlinedocs/gcc/Warning-Options.html#index-Wsign-compare\x07-Wsign-compare\x1b]8;;\x07\x1b[m\x1b[K]\n'}
[9.737318] (mission_layer_mvibot) StderrLine: {'line': b' 1616 |         for(int j=1;\x1b[01;35m\x1b[Kj<my_data.my_lines2[i].size()\x1b[m\x1b[K;j++){\n'}
[9.737414] (mission_layer_mvibot) StderrLine: {'line': b'      |                     \x1b[01;35m\x1b[K~^~~~~~~~~~~~~~~~~~~~~~~~~~~~\x1b[m\x1b[K\n'}
[9.737797] (mission_layer_mvibot) StderrLine: {'line': b'\x1b[01m\x1b[K/home/mvibot/floorCleaningRobot_ws/src/mission_layer_mvibot/src/../include/mission_layer_mvibot/mvibot_mission/marker_function.h:1628:29:\x1b[m\x1b[K \x1b[01;35m\x1b[Kwarning: \x1b[m\x1b[Ksuggest parentheses around comparison in operand of \xe2\x80\x98\x1b[01m\x1b[K&\x1b[m\x1b[K\xe2\x80\x99 [\x1b[01;35m\x1b[K\x1b]8;;https://gcc.gnu.org/onlinedocs/gcc/Warning-Options.html#index-Wparentheses\x07-Wparentheses\x1b]8;;\x07\x1b[m\x1b[K]\n'}
[9.737930] (mission_layer_mvibot) StderrLine: {'line': b' 1628 |                     if(\x1b[01;35m\x1b[Kdis1 < 0.4+0.05\x1b[m\x1b[K & dis1 > 0.4 -0.05 & dis2 <0.6+0.05 & dis2 > 0.6-0.05){\n'}
[9.738001] (mission_layer_mvibot) StderrLine: {'line': b'      |                        \x1b[01;35m\x1b[K~~~~~^~~~~~~~~~\x1b[m\x1b[K\n'}
[9.738115] (mission_layer_mvibot) StderrLine: {'line': b'\x1b[01m\x1b[K/home/mvibot/floorCleaningRobot_ws/src/mission_layer_mvibot/src/../include/mission_layer_mvibot/mvibot_mission/marker_function.h:1628:66:\x1b[m\x1b[K \x1b[01;35m\x1b[Kwarning: \x1b[m\x1b[Ksuggest parentheses around comparison in operand of \xe2\x80\x98\x1b[01m\x1b[K&\x1b[m\x1b[K\xe2\x80\x99 [\x1b[01;35m\x1b[K\x1b]8;;https://gcc.gnu.org/onlinedocs/gcc/Warning-Options.html#index-Wparentheses\x07-Wparentheses\x1b]8;;\x07\x1b[m\x1b[K]\n'}
[9.738192] (mission_layer_mvibot) StderrLine: {'line': b' 1628 |                     if(dis1 < 0.4+0.05 & dis1 > 0.4 -0.05 & \x1b[01;35m\x1b[Kdis2 <0.6+0.05\x1b[m\x1b[K & dis2 > 0.6-0.05){\n'}
[9.738272] (mission_layer_mvibot) StderrLine: {'line': b'      |                                                             \x1b[01;35m\x1b[K~~~~~^~~~~~~~~\x1b[m\x1b[K\n'}
[9.738344] (mission_layer_mvibot) StderrLine: {'line': b'\x1b[01m\x1b[K/home/mvibot/floorCleaningRobot_ws/src/mission_layer_mvibot/src/../include/mission_layer_mvibot/mvibot_mission/marker_function.h:1628:83:\x1b[m\x1b[K \x1b[01;35m\x1b[Kwarning: \x1b[m\x1b[Ksuggest parentheses around comparison in operand of \xe2\x80\x98\x1b[01m\x1b[K&\x1b[m\x1b[K\xe2\x80\x99 [\x1b[01;35m\x1b[K\x1b]8;;https://gcc.gnu.org/onlinedocs/gcc/Warning-Options.html#index-Wparentheses\x07-Wparentheses\x1b]8;;\x07\x1b[m\x1b[K]\n'}
[9.738428] (mission_layer_mvibot) StderrLine: {'line': b' 1628 |                     if(dis1 < 0.4+0.05 & dis1 > 0.4 -0.05 & dis2 <0.6+0.05 & \x1b[01;35m\x1b[Kdis2 > 0.6-0.05\x1b[m\x1b[K){\n'}
[9.738501] (mission_layer_mvibot) StderrLine: {'line': b'      |                                                                              \x1b[01;35m\x1b[K~~~~~^~~~~~~~~~\x1b[m\x1b[K\n'}
[9.738572] (mission_layer_mvibot) StderrLine: {'line': b'\x1b[01m\x1b[K/home/mvibot/floorCleaningRobot_ws/src/mission_layer_mvibot/src/../include/mission_layer_mvibot/mvibot_mission/marker_function.h:1617:41:\x1b[m\x1b[K \x1b[01;35m\x1b[Kwarning: \x1b[m\x1b[Kunused variable \xe2\x80\x98\x1b[01m\x1b[Kdelta\x1b[m\x1b[K\xe2\x80\x99 [\x1b[01;35m\x1b[K\x1b]8;;https://gcc.gnu.org/onlinedocs/gcc/Warning-Options.html#index-Wunused-variable\x07-Wunused-variable\x1b]8;;\x07\x1b[m\x1b[K]\n'}
[9.738647] (mission_layer_mvibot) StderrLine: {'line': b' 1617 |                 static float ampha,beta,\x1b[01;35m\x1b[Kdelta\x1b[m\x1b[K;\n'}
[9.738716] (mission_layer_mvibot) StderrLine: {'line': b'      |                                         \x1b[01;35m\x1b[K^~~~~\x1b[m\x1b[K\n'}
[9.738784] (mission_layer_mvibot) StderrLine: {'line': b'\x1b[01m\x1b[K/home/mvibot/floorCleaningRobot_ws/src/mission_layer_mvibot/src/../include/mission_layer_mvibot/mvibot_mission/marker_function.h:1621:40:\x1b[m\x1b[K \x1b[01;35m\x1b[Kwarning: \x1b[m\x1b[Kunused variable \xe2\x80\x98\x1b[01m\x1b[Kdis3\x1b[m\x1b[K\xe2\x80\x99 [\x1b[01;35m\x1b[K\x1b]8;;https://gcc.gnu.org/onlinedocs/gcc/Warning-Options.html#index-Wunused-variable\x07-Wunused-variable\x1b]8;;\x07\x1b[m\x1b[K]\n'}
[9.738868] (mission_layer_mvibot) StderrLine: {'line': b' 1621 |                 static float dis1,dis2,\x1b[01;35m\x1b[Kdis3\x1b[m\x1b[K;\n'}
[9.738946] (mission_layer_mvibot) StderrLine: {'line': b'      |                                        \x1b[01;35m\x1b[K^~~~\x1b[m\x1b[K\n'}
[9.739042] (mission_layer_mvibot) StderrLine: {'line': b'\x1b[01m\x1b[K/home/mvibot/floorCleaningRobot_ws/src/mission_layer_mvibot/src/../include/mission_layer_mvibot/mvibot_mission/marker_function.h:1642:22:\x1b[m\x1b[K \x1b[01;35m\x1b[Kwarning: \x1b[m\x1b[Kunused variable \xe2\x80\x98\x1b[01m\x1b[Kx\x1b[m\x1b[K\xe2\x80\x99 [\x1b[01;35m\x1b[K\x1b]8;;https://gcc.gnu.org/onlinedocs/gcc/Warning-Options.html#index-Wunused-variable\x07-Wunused-variable\x1b]8;;\x07\x1b[m\x1b[K]\n'}
[9.739139] (mission_layer_mvibot) StderrLine: {'line': b' 1642 |         static float \x1b[01;35m\x1b[Kx\x1b[m\x1b[K,y;\n'}
[9.739212] (mission_layer_mvibot) StderrLine: {'line': b'      |                      \x1b[01;35m\x1b[K^\x1b[m\x1b[K\n'}
[9.739293] (mission_layer_mvibot) StderrLine: {'line': b'\x1b[01m\x1b[K/home/mvibot/floorCleaningRobot_ws/src/mission_layer_mvibot/src/../include/mission_layer_mvibot/mvibot_mission/marker_function.h:1642:24:\x1b[m\x1b[K \x1b[01;35m\x1b[Kwarning: \x1b[m\x1b[Kunused variable \xe2\x80\x98\x1b[01m\x1b[Ky\x1b[m\x1b[K\xe2\x80\x99 [\x1b[01;35m\x1b[K\x1b]8;;https://gcc.gnu.org/onlinedocs/gcc/Warning-Options.html#index-Wunused-variable\x07-Wunused-variable\x1b]8;;\x07\x1b[m\x1b[K]\n'}
[9.739367] (mission_layer_mvibot) StderrLine: {'line': b' 1642 |         static float x,\x1b[01;35m\x1b[Ky\x1b[m\x1b[K;\n'}
[9.739438] (mission_layer_mvibot) StderrLine: {'line': b'      |                        \x1b[01;35m\x1b[K^\x1b[m\x1b[K\n'}
[9.739585] (mission_layer_mvibot) StderrLine: {'line': b'\x1b[01m\x1b[K/home/mvibot/floorCleaningRobot_ws/src/mission_layer_mvibot/src/../include/mission_layer_mvibot/mvibot_mission/marker_function.h:\x1b[m\x1b[K In member function \xe2\x80\x98\x1b[01m\x1b[Kint marker::\x1b[01;32m\x1b[Kdetect_vl\x1b[m\x1b[K()\x1b[m\x1b[K\xe2\x80\x99:\n'}
[9.739664] (mission_layer_mvibot) StderrLine: {'line': b'\x1b[01m\x1b[K/home/mvibot/floorCleaningRobot_ws/src/mission_layer_mvibot/src/../include/mission_layer_mvibot/mvibot_mission/marker_function.h:1687:18:\x1b[m\x1b[K \x1b[01;35m\x1b[Kwarning: \x1b[m\x1b[Kcomparison of integer expressions of different signedness: \xe2\x80\x98\x1b[01m\x1b[Kint\x1b[m\x1b[K\xe2\x80\x99 and \xe2\x80\x98\x1b[01m\x1b[Kstd::vector<std::vector<line> >::size_type\x1b[m\x1b[K\xe2\x80\x99 {aka \xe2\x80\x98\x1b[01m\x1b[Klong unsigned int\x1b[m\x1b[K\xe2\x80\x99} [\x1b[01;35m\x1b[K\x1b]8;;https://gcc.gnu.org/onlinedocs/gcc/Warning-Options.html#index-Wsign-compare\x07-Wsign-compare\x1b]8;;\x07\x1b[m\x1b[K]\n'}
[9.739743] (mission_layer_mvibot) StderrLine: {'line': b' 1687 |     for(int i=0;\x1b[01;35m\x1b[Ki<my_data.my_lines2.size()\x1b[m\x1b[K;i++){\n'}
[9.739814] (mission_layer_mvibot) StderrLine: {'line': b'      |                 \x1b[01;35m\x1b[K~^~~~~~~~~~~~~~~~~~~~~~~~~\x1b[m\x1b[K\n'}
[9.739920] (mission_layer_mvibot) StderrLine: {'line': b'\x1b[01m\x1b[K/home/mvibot/floorCleaningRobot_ws/src/mission_layer_mvibot/src/../include/mission_layer_mvibot/mvibot_mission/marker_function.h:1688:22:\x1b[m\x1b[K \x1b[01;35m\x1b[Kwarning: \x1b[m\x1b[Kcomparison of integer expressions of different signedness: \xe2\x80\x98\x1b[01m\x1b[Kint\x1b[m\x1b[K\xe2\x80\x99 and \xe2\x80\x98\x1b[01m\x1b[Kstd::vector<line>::size_type\x1b[m\x1b[K\xe2\x80\x99 {aka \xe2\x80\x98\x1b[01m\x1b[Klong unsigned int\x1b[m\x1b[K\xe2\x80\x99} [\x1b[01;35m\x1b[K\x1b]8;;https://gcc.gnu.org/onlinedocs/gcc/Warning-Options.html#index-Wsign-compare\x07-Wsign-compare\x1b]8;;\x07\x1b[m\x1b[K]\n'}
[9.740001] (mission_layer_mvibot) StderrLine: {'line': b' 1688 |         for(int j=1;\x1b[01;35m\x1b[Kj<my_data.my_lines2[i].size()-1\x1b[m\x1b[K;j++){\n'}
[9.740074] (mission_layer_mvibot) StderrLine: {'line': b'      |                     \x1b[01;35m\x1b[K~^~~~~~~~~~~~~~~~~~~~~~~~~~~~~~\x1b[m\x1b[K\n'}
[9.740147] (mission_layer_mvibot) StderrLine: {'line': b'\x1b[01m\x1b[K/home/mvibot/floorCleaningRobot_ws/src/mission_layer_mvibot/src/../include/mission_layer_mvibot/mvibot_mission/marker_function.h:1698:51:\x1b[m\x1b[K \x1b[01;35m\x1b[Kwarning: \x1b[m\x1b[Ksuggest parentheses around comparison in operand of \xe2\x80\x98\x1b[01m\x1b[K|\x1b[m\x1b[K\xe2\x80\x99 [\x1b[01;35m\x1b[K\x1b]8;;https://gcc.gnu.org/onlinedocs/gcc/Warning-Options.html#index-Wparentheses\x07-Wparentheses\x1b]8;;\x07\x1b[m\x1b[K]\n'}
[9.740272] (mission_layer_mvibot) StderrLine: {'line': b' 1698 |                 if(\x1b[01;35m\x1b[Kfabs(fabs(delta-beta)-2*M_PI/3)<=M_PI/180*10\x1b[m\x1b[K | fabs(fabs(delta-beta)-M_PI/3)<=M_PI/180*10)\n'}
[9.740354] (mission_layer_mvibot) StderrLine: {'line': b'      |                    \x1b[01;35m\x1b[K~~~~~~~~~~~~~~~~~~~~~~~~~~~~~~~^~~~~~~~~~~~~\x1b[m\x1b[K\n'}
[9.740429] (mission_layer_mvibot) StderrLine: {'line': b'\x1b[01m\x1b[K/home/mvibot/floorCleaningRobot_ws/src/mission_layer_mvibot/src/../include/mission_layer_mvibot/mvibot_mission/marker_function.h:1700:55:\x1b[m\x1b[K \x1b[01;35m\x1b[Kwarning: \x1b[m\x1b[Ksuggest parentheses around comparison in operand of \xe2\x80\x98\x1b[01m\x1b[K|\x1b[m\x1b[K\xe2\x80\x99 [\x1b[01;35m\x1b[K\x1b]8;;https://gcc.gnu.org/onlinedocs/gcc/Warning-Options.html#index-Wparentheses\x07-Wparentheses\x1b]8;;\x07\x1b[m\x1b[K]\n'}
[9.740509] (mission_layer_mvibot) StderrLine: {'line': b' 1700 |                     if(\x1b[01;35m\x1b[Kfabs(fabs(beta-ampha)-5*M_PI/6)< M_PI/180*10\x1b[m\x1b[K | fabs(fabs(beta-ampha)-1*M_PI/6)< M_PI/180*10){\n'}
[9.740584] (mission_layer_mvibot) StderrLine: {'line': b'      |                        \x1b[01;35m\x1b[K~~~~~~~~~~~~~~~~~~~~~~~~~~~~~~~^~~~~~~~~~~~~\x1b[m\x1b[K\n'}
[9.740689] (mission_layer_mvibot) StderrLine: {'line': b'\x1b[01m\x1b[K/home/mvibot/floorCleaningRobot_ws/src/mission_layer_mvibot/src/../include/mission_layer_mvibot/mvibot_mission/marker_function.h:1701:32:\x1b[m\x1b[K \x1b[01;35m\x1b[Kwarning: \x1b[m\x1b[Ksuggest parentheses around comparison in operand of \xe2\x80\x98\x1b[01m\x1b[K&\x1b[m\x1b[K\xe2\x80\x99 [\x1b[01;35m\x1b[K\x1b]8;;https://gcc.gnu.org/onlinedocs/gcc/Warning-Options.html#index-Wparentheses\x07-Wparentheses\x1b]8;;\x07\x1b[m\x1b[K]\n'}
[9.740761] (mission_layer_mvibot) StderrLine: {'line': b' 1701 |                         if(\x1b[01;35m\x1b[Kdis1>=0.35\x1b[m\x1b[K &  dis2 >=0.15 & dis2 <=0.2 &  dis3>=0.15 & dis3 <=0.2){\n'}
[9.740831] (mission_layer_mvibot) StderrLine: {'line': b'      |                            \x1b[01;35m\x1b[K~~~~^~~~~~\x1b[m\x1b[K\n'}
[9.740933] (mission_layer_mvibot) StderrLine: {'line': b'\x1b[01m\x1b[K/home/mvibot/floorCleaningRobot_ws/src/mission_layer_mvibot/src/../include/mission_layer_mvibot/mvibot_mission/marker_function.h:1701:61:\x1b[m\x1b[K \x1b[01;35m\x1b[Kwarning: \x1b[m\x1b[Ksuggest parentheses around comparison in operand of \xe2\x80\x98\x1b[01m\x1b[K&\x1b[m\x1b[K\xe2\x80\x99 [\x1b[01;35m\x1b[K\x1b]8;;https://gcc.gnu.org/onlinedocs/gcc/Warning-Options.html#index-Wparentheses\x07-Wparentheses\x1b]8;;\x07\x1b[m\x1b[K]\n'}
[9.741019] (mission_layer_mvibot) StderrLine: {'line': b' 1701 |                         if(dis1>=0.35 &  dis2 >=0.15 & \x1b[01;35m\x1b[Kdis2 <=0.2\x1b[m\x1b[K &  dis3>=0.15 & dis3 <=0.2){\n'}
[9.741124] (mission_layer_mvibot) StderrLine: {'line': b'      |                                                        \x1b[01;35m\x1b[K~~~~~^~~~~\x1b[m\x1b[K\n'}
[9.741198] (mission_layer_mvibot) StderrLine: {'line': b'\x1b[01m\x1b[K/home/mvibot/floorCleaningRobot_ws/src/mission_layer_mvibot/src/../include/mission_layer_mvibot/mvibot_mission/marker_function.h:1701:74:\x1b[m\x1b[K \x1b[01;35m\x1b[Kwarning: \x1b[m\x1b[Ksuggest parentheses around comparison in operand of \xe2\x80\x98\x1b[01m\x1b[K&\x1b[m\x1b[K\xe2\x80\x99 [\x1b[01;35m\x1b[K\x1b]8;;https://gcc.gnu.org/onlinedocs/gcc/Warning-Options.html#index-Wparentheses\x07-Wparentheses\x1b]8;;\x07\x1b[m\x1b[K]\n'}
[9.741285] (mission_layer_mvibot) StderrLine: {'line': b' 1701 |                         if(dis1>=0.35 &  dis2 >=0.15 & dis2 <=0.2 &  \x1b[01;35m\x1b[Kdis3>=0.15\x1b[m\x1b[K & dis3 <=0.2){\n'}
[9.741375] (mission_layer_mvibot) StderrLine: {'line': b'      |                                                                      \x1b[01;35m\x1b[K~~~~^~~~~~\x1b[m\x1b[K\n'}
[9.741463] (mission_layer_mvibot) StderrLine: {'line': b'\x1b[01m\x1b[K/home/mvibot/floorCleaningRobot_ws/src/mission_layer_mvibot/src/../include/mission_layer_mvibot/mvibot_mission/marker_function.h:1701:88:\x1b[m\x1b[K \x1b[01;35m\x1b[Kwarning: \x1b[m\x1b[Ksuggest parentheses around comparison in operand of \xe2\x80\x98\x1b[01m\x1b[K&\x1b[m\x1b[K\xe2\x80\x99 [\x1b[01;35m\x1b[K\x1b]8;;https://gcc.gnu.org/onlinedocs/gcc/Warning-Options.html#index-Wparentheses\x07-Wparentheses\x1b]8;;\x07\x1b[m\x1b[K]\n'}
[9.741551] (mission_layer_mvibot) StderrLine: {'line': b' 1701 |                         if(dis1>=0.35 &  dis2 >=0.15 & dis2 <=0.2 &  dis3>=0.15 & \x1b[01;35m\x1b[Kdis3 <=0.2\x1b[m\x1b[K){\n'}
[9.741638] (mission_layer_mvibot) StderrLine: {'line': b'      |                                                                                   \x1b[01;35m\x1b[K~~~~~^~~~~\x1b[m\x1b[K\n'}
[9.741726] (mission_layer_mvibot) StderrLine: {'line': b'\x1b[01m\x1b[K/home/mvibot/floorCleaningRobot_ws/src/mission_layer_mvibot/src/../include/mission_layer_mvibot/mvibot_mission/marker_function.h:1712:42:\x1b[m\x1b[K \x1b[01;35m\x1b[Kwarning: \x1b[m\x1b[Kcomparison of integer expressions of different signedness: \xe2\x80\x98\x1b[01m\x1b[Kint\x1b[m\x1b[K\xe2\x80\x99 and \xe2\x80\x98\x1b[01m\x1b[Kstd::vector<point>::size_type\x1b[m\x1b[K\xe2\x80\x99 {aka \xe2\x80\x98\x1b[01m\x1b[Klong unsigned int\x1b[m\x1b[K\xe2\x80\x99} [\x1b[01;35m\x1b[K\x1b]8;;https://gcc.gnu.org/onlinedocs/gcc/Warning-Options.html#index-Wsign-compare\x07-Wsign-compare\x1b]8;;\x07\x1b[m\x1b[K]\n'}
[9.741909] (mission_layer_mvibot) StderrLine: {'line': b' 1712 |                             for(int k=0;\x1b[01;35m\x1b[Kk<my_data.my_group3[i].points.size()\x1b[m\x1b[K;k++){\n'}
[9.741990] (mission_layer_mvibot) StderrLine: {'line': b'      |                                         \x1b[01;35m\x1b[K~^~~~~~~~~~~~~~~~~~~~~~~~~~~~~~~~~~~\x1b[m\x1b[K\n'}
[9.742082] (mission_layer_mvibot) StderrLine: {'line': b'\x1b[01m\x1b[K/home/mvibot/floorCleaningRobot_ws/src/mission_layer_mvibot/src/../include/mission_layer_mvibot/mvibot_mission/marker_function.h:1730:22:\x1b[m\x1b[K \x1b[01;35m\x1b[Kwarning: \x1b[m\x1b[Kcomparison of integer expressions of different signedness: \xe2\x80\x98\x1b[01m\x1b[Kint\x1b[m\x1b[K\xe2\x80\x99 and \xe2\x80\x98\x1b[01m\x1b[Kstd::vector<point>::size_type\x1b[m\x1b[K\xe2\x80\x99 {aka \xe2\x80\x98\x1b[01m\x1b[Klong unsigned int\x1b[m\x1b[K\xe2\x80\x99} [\x1b[01;35m\x1b[K\x1b]8;;https://gcc.gnu.org/onlinedocs/gcc/Warning-Options.html#index-Wsign-compare\x07-Wsign-compare\x1b]8;;\x07\x1b[m\x1b[K]\n'}
[9.742174] (mission_layer_mvibot) StderrLine: {'line': b' 1730 |         for(int i=0;\x1b[01;35m\x1b[Ki<line1.points.size()\x1b[m\x1b[K;i++){\n'}
[9.742262] (mission_layer_mvibot) StderrLine: {'line': b'      |                     \x1b[01;35m\x1b[K~^~~~~~~~~~~~~~~~~~~~\x1b[m\x1b[K\n'}
[9.742348] (mission_layer_mvibot) StderrLine: {'line': b'\x1b[01m\x1b[K/home/mvibot/floorCleaningRobot_ws/src/mission_layer_mvibot/src/../include/mission_layer_mvibot/mvibot_mission/marker_function.h:1738:22:\x1b[m\x1b[K \x1b[01;35m\x1b[Kwarning: \x1b[m\x1b[Kcomparison of integer expressions of different signedness: \xe2\x80\x98\x1b[01m\x1b[Kint\x1b[m\x1b[K\xe2\x80\x99 and \xe2\x80\x98\x1b[01m\x1b[Kstd::vector<point>::size_type\x1b[m\x1b[K\xe2\x80\x99 {aka \xe2\x80\x98\x1b[01m\x1b[Klong unsigned int\x1b[m\x1b[K\xe2\x80\x99} [\x1b[01;35m\x1b[K\x1b]8;;https://gcc.gnu.org/onlinedocs/gcc/Warning-Options.html#index-Wsign-compare\x07-Wsign-compare\x1b]8;;\x07\x1b[m\x1b[K]\n'}
[9.742439] (mission_layer_mvibot) StderrLine: {'line': b' 1738 |         for(int i=0;\x1b[01;35m\x1b[Ki<line1.points.size()\x1b[m\x1b[K;i++){\n'}
[9.742526] (mission_layer_mvibot) StderrLine: {'line': b'      |                     \x1b[01;35m\x1b[K~^~~~~~~~~~~~~~~~~~~~\x1b[m\x1b[K\n'}
[9.742615] (mission_layer_mvibot) StderrLine: {'line': b'\x1b[01m\x1b[K/home/mvibot/floorCleaningRobot_ws/src/mission_layer_mvibot/src/../include/mission_layer_mvibot/mvibot_mission/marker_function.h:1748:22:\x1b[m\x1b[K \x1b[01;35m\x1b[Kwarning: \x1b[m\x1b[Kcomparison of integer expressions of different signedness: \xe2\x80\x98\x1b[01m\x1b[Kint\x1b[m\x1b[K\xe2\x80\x99 and \xe2\x80\x98\x1b[01m\x1b[Kstd::vector<point>::size_type\x1b[m\x1b[K\xe2\x80\x99 {aka \xe2\x80\x98\x1b[01m\x1b[Klong unsigned int\x1b[m\x1b[K\xe2\x80\x99} [\x1b[01;35m\x1b[K\x1b]8;;https://gcc.gnu.org/onlinedocs/gcc/Warning-Options.html#index-Wsign-compare\x07-Wsign-compare\x1b]8;;\x07\x1b[m\x1b[K]\n'}
[9.742707] (mission_layer_mvibot) StderrLine: {'line': b' 1748 |         for(int i=0;\x1b[01;35m\x1b[Ki<line2.points.size()\x1b[m\x1b[K;i++){\n'}
[9.742796] (mission_layer_mvibot) StderrLine: {'line': b'      |                     \x1b[01;35m\x1b[K~^~~~~~~~~~~~~~~~~~~~\x1b[m\x1b[K\n'}
[9.742923] (mission_layer_mvibot) StderrLine: {'line': b'\x1b[01m\x1b[K/home/mvibot/floorCleaningRobot_ws/src/mission_layer_mvibot/src/../include/mission_layer_mvibot/mvibot_mission/marker_function.h:1756:22:\x1b[m\x1b[K \x1b[01;35m\x1b[Kwarning: \x1b[m\x1b[Kcomparison of integer expressions of different signedness: \xe2\x80\x98\x1b[01m\x1b[Kint\x1b[m\x1b[K\xe2\x80\x99 and \xe2\x80\x98\x1b[01m\x1b[Kstd::vector<point>::size_type\x1b[m\x1b[K\xe2\x80\x99 {aka \xe2\x80\x98\x1b[01m\x1b[Klong unsigned int\x1b[m\x1b[K\xe2\x80\x99} [\x1b[01;35m\x1b[K\x1b]8;;https://gcc.gnu.org/onlinedocs/gcc/Warning-Options.html#index-Wsign-compare\x07-Wsign-compare\x1b]8;;\x07\x1b[m\x1b[K]\n'}
[9.743010] (mission_layer_mvibot) StderrLine: {'line': b' 1756 |         for(int i=0;\x1b[01;35m\x1b[Ki<line2.points.size()\x1b[m\x1b[K;i++){\n'}
[9.743081] (mission_layer_mvibot) StderrLine: {'line': b'      |                     \x1b[01;35m\x1b[K~^~~~~~~~~~~~~~~~~~~~\x1b[m\x1b[K\n'}
[9.743146] (mission_layer_mvibot) StderrLine: {'line': b'\x1b[01m\x1b[K/home/mvibot/floorCleaningRobot_ws/src/mission_layer_mvibot/src/../include/mission_layer_mvibot/mvibot_mission/marker_function.h:1766:22:\x1b[m\x1b[K \x1b[01;35m\x1b[Kwarning: \x1b[m\x1b[Kcomparison of integer expressions of different signedness: \xe2\x80\x98\x1b[01m\x1b[Kint\x1b[m\x1b[K\xe2\x80\x99 and \xe2\x80\x98\x1b[01m\x1b[Kstd::vector<point>::size_type\x1b[m\x1b[K\xe2\x80\x99 {aka \xe2\x80\x98\x1b[01m\x1b[Klong unsigned int\x1b[m\x1b[K\xe2\x80\x99} [\x1b[01;35m\x1b[K\x1b]8;;https://gcc.gnu.org/onlinedocs/gcc/Warning-Options.html#index-Wsign-compare\x07-Wsign-compare\x1b]8;;\x07\x1b[m\x1b[K]\n'}
[9.743215] (mission_layer_mvibot) StderrLine: {'line': b' 1766 |         for(int i=0;\x1b[01;35m\x1b[Ki<line3.points.size()\x1b[m\x1b[K;i++){\n'}
[9.743280] (mission_layer_mvibot) StderrLine: {'line': b'      |                     \x1b[01;35m\x1b[K~^~~~~~~~~~~~~~~~~~~~\x1b[m\x1b[K\n'}
[9.743352] (mission_layer_mvibot) StderrLine: {'line': b'\x1b[01m\x1b[K/home/mvibot/floorCleaningRobot_ws/src/mission_layer_mvibot/src/../include/mission_layer_mvibot/mvibot_mission/marker_function.h:1774:22:\x1b[m\x1b[K \x1b[01;35m\x1b[Kwarning: \x1b[m\x1b[Kcomparison of integer expressions of different signedness: \xe2\x80\x98\x1b[01m\x1b[Kint\x1b[m\x1b[K\xe2\x80\x99 and \xe2\x80\x98\x1b[01m\x1b[Kstd::vector<point>::size_type\x1b[m\x1b[K\xe2\x80\x99 {aka \xe2\x80\x98\x1b[01m\x1b[Klong unsigned int\x1b[m\x1b[K\xe2\x80\x99} [\x1b[01;35m\x1b[K\x1b]8;;https://gcc.gnu.org/onlinedocs/gcc/Warning-Options.html#index-Wsign-compare\x07-Wsign-compare\x1b]8;;\x07\x1b[m\x1b[K]\n'}
[9.743429] (mission_layer_mvibot) StderrLine: {'line': b' 1774 |         for(int i=0;\x1b[01;35m\x1b[Ki<line3.points.size()\x1b[m\x1b[K;i++){\n'}
[9.743517] (mission_layer_mvibot) StderrLine: {'line': b'      |                     \x1b[01;35m\x1b[K~^~~~~~~~~~~~~~~~~~~~\x1b[m\x1b[K\n'}
[9.752614] (mission_layer_mvibot) StderrLine: {'line': b'In file included from \x1b[01m\x1b[K/home/mvibot/floorCleaningRobot_ws/src/mission_layer_mvibot/src/mvibot_mission.cpp:8\x1b[m\x1b[K:\n'}
[9.752811] (mission_layer_mvibot) StderrLine: {'line': b'\x1b[01m\x1b[K/home/mvibot/floorCleaningRobot_ws/src/mission_layer_mvibot/src/../include/mission_layer_mvibot/mvibot_mission/variable_function.h:\x1b[m\x1b[K In member function \xe2\x80\x98\x1b[01m\x1b[Kvoid multiple_variable_local::\x1b[01;32m\x1b[Kadd_var\x1b[m\x1b[K(variable_local)\x1b[m\x1b[K\xe2\x80\x99:\n'}
[9.752910] (mission_layer_mvibot) StderrLine: {'line': b'\x1b[01m\x1b[K/home/mvibot/floorCleaningRobot_ws/src/mission_layer_mvibot/src/../include/mission_layer_mvibot/mvibot_mission/variable_function.h:31:18:\x1b[m\x1b[K \x1b[01;35m\x1b[Kwarning: \x1b[m\x1b[Kcomparison of integer expressions of different signedness: \xe2\x80\x98\x1b[01m\x1b[Kint\x1b[m\x1b[K\xe2\x80\x99 and \xe2\x80\x98\x1b[01m\x1b[Kstd::vector<variable_local>::size_type\x1b[m\x1b[K\xe2\x80\x99 {aka \xe2\x80\x98\x1b[01m\x1b[Klong unsigned int\x1b[m\x1b[K\xe2\x80\x99} [\x1b[01;35m\x1b[K\x1b]8;;https://gcc.gnu.org/onlinedocs/gcc/Warning-Options.html#index-Wsign-compare\x07-Wsign-compare\x1b]8;;\x07\x1b[m\x1b[K]\n'}
[9.752993] (mission_layer_mvibot) StderrLine: {'line': b'   31 |     for(int i=0;\x1b[01;35m\x1b[Ki<var.size()\x1b[m\x1b[K;i++){\n'}
[9.753064] (mission_layer_mvibot) StderrLine: {'line': b'      |                 \x1b[01;35m\x1b[K~^~~~~~~~~~~\x1b[m\x1b[K\n'}
[9.753203] (mission_layer_mvibot) StderrLine: {'line': b'\x1b[01m\x1b[K/home/mvibot/floorCleaningRobot_ws/src/mission_layer_mvibot/src/../include/mission_layer_mvibot/mvibot_mission/variable_function.h:\x1b[m\x1b[K In member function \xe2\x80\x98\x1b[01m\x1b[Kvoid multiple_variable_local::\x1b[01;32m\x1b[Kupdate_var\x1b[m\x1b[K(variable_local)\x1b[m\x1b[K\xe2\x80\x99:\n'}
[9.753286] (mission_layer_mvibot) StderrLine: {'line': b'\x1b[01m\x1b[K/home/mvibot/floorCleaningRobot_ws/src/mission_layer_mvibot/src/../include/mission_layer_mvibot/mvibot_mission/variable_function.h:45:18:\x1b[m\x1b[K \x1b[01;35m\x1b[Kwarning: \x1b[m\x1b[Kcomparison of integer expressions of different signedness: \xe2\x80\x98\x1b[01m\x1b[Kint\x1b[m\x1b[K\xe2\x80\x99 and \xe2\x80\x98\x1b[01m\x1b[Kstd::vector<variable_local>::size_type\x1b[m\x1b[K\xe2\x80\x99 {aka \xe2\x80\x98\x1b[01m\x1b[Klong unsigned int\x1b[m\x1b[K\xe2\x80\x99} [\x1b[01;35m\x1b[K\x1b]8;;https://gcc.gnu.org/onlinedocs/gcc/Warning-Options.html#index-Wsign-compare\x07-Wsign-compare\x1b]8;;\x07\x1b[m\x1b[K]\n'}
[9.753382] (mission_layer_mvibot) StderrLine: {'line': b'   45 |     for(int i=0;\x1b[01;35m\x1b[Ki<var.size()\x1b[m\x1b[K;i++){\n'}
[9.753461] (mission_layer_mvibot) StderrLine: {'line': b'      |                 \x1b[01;35m\x1b[K~^~~~~~~~~~~\x1b[m\x1b[K\n'}
[9.753580] (mission_layer_mvibot) StderrLine: {'line': b'\x1b[01m\x1b[K/home/mvibot/floorCleaningRobot_ws/src/mission_layer_mvibot/src/../include/mission_layer_mvibot/mvibot_mission/variable_function.h:\x1b[m\x1b[K In member function \xe2\x80\x98\x1b[01m\x1b[Kvoid multiple_variable_local::\x1b[01;32m\x1b[Kreset_all\x1b[m\x1b[K()\x1b[m\x1b[K\xe2\x80\x99:\n'}
[9.753664] (mission_layer_mvibot) StderrLine: {'line': b'\x1b[01m\x1b[K/home/mvibot/floorCleaningRobot_ws/src/mission_layer_mvibot/src/../include/mission_layer_mvibot/mvibot_mission/variable_function.h:58:18:\x1b[m\x1b[K \x1b[01;35m\x1b[Kwarning: \x1b[m\x1b[Kcomparison of integer expressions of different signedness: \xe2\x80\x98\x1b[01m\x1b[Kint\x1b[m\x1b[K\xe2\x80\x99 and \xe2\x80\x98\x1b[01m\x1b[Kstd::vector<variable_local>::size_type\x1b[m\x1b[K\xe2\x80\x99 {aka \xe2\x80\x98\x1b[01m\x1b[Klong unsigned int\x1b[m\x1b[K\xe2\x80\x99} [\x1b[01;35m\x1b[K\x1b]8;;https://gcc.gnu.org/onlinedocs/gcc/Warning-Options.html#index-Wsign-compare\x07-Wsign-compare\x1b]8;;\x07\x1b[m\x1b[K]\n'}
[9.753760] (mission_layer_mvibot) StderrLine: {'line': b'   58 |     for(int i=0;\x1b[01;35m\x1b[Ki<var.size()\x1b[m\x1b[K;i++){\n'}
[9.753836] (mission_layer_mvibot) StderrLine: {'line': b'      |                 \x1b[01;35m\x1b[K~^~~~~~~~~~~\x1b[m\x1b[K\n'}
[9.754017] (mission_layer_mvibot) StderrLine: {'line': b'\x1b[01m\x1b[K/home/mvibot/floorCleaningRobot_ws/src/mission_layer_mvibot/src/../include/mission_layer_mvibot/mvibot_mission/variable_function.h:\x1b[m\x1b[K In member function \xe2\x80\x98\x1b[01m\x1b[Kvoid multiple_variable_local::\x1b[01;32m\x1b[Kprint\x1b[m\x1b[K()\x1b[m\x1b[K\xe2\x80\x99:\n'}
[9.754165] (mission_layer_mvibot) StderrLine: {'line': b'\x1b[01m\x1b[K/home/mvibot/floorCleaningRobot_ws/src/mission_layer_mvibot/src/../include/mission_layer_mvibot/mvibot_mission/variable_function.h:68:18:\x1b[m\x1b[K \x1b[01;35m\x1b[Kwarning: \x1b[m\x1b[Kcomparison of integer expressions of different signedness: \xe2\x80\x98\x1b[01m\x1b[Kint\x1b[m\x1b[K\xe2\x80\x99 and \xe2\x80\x98\x1b[01m\x1b[Kstd::vector<variable_local>::size_type\x1b[m\x1b[K\xe2\x80\x99 {aka \xe2\x80\x98\x1b[01m\x1b[Klong unsigned int\x1b[m\x1b[K\xe2\x80\x99} [\x1b[01;35m\x1b[K\x1b]8;;https://gcc.gnu.org/onlinedocs/gcc/Warning-Options.html#index-Wsign-compare\x07-Wsign-compare\x1b]8;;\x07\x1b[m\x1b[K]\n'}
[9.754256] (mission_layer_mvibot) StderrLine: {'line': b'   68 |     for(int i=0;\x1b[01;35m\x1b[Ki<var.size()\x1b[m\x1b[K;i++){\n'}
[9.754333] (mission_layer_mvibot) StderrLine: {'line': b'      |                 \x1b[01;35m\x1b[K~^~~~~~~~~~~\x1b[m\x1b[K\n'}
[9.764376] (mission_layer_mvibot) StderrLine: {'line': b'\x1b[01m\x1b[K/home/mvibot/floorCleaningRobot_ws/src/mission_layer_mvibot/src/../include/mission_layer_mvibot/mvibot_mission/variable_function.h:\x1b[m\x1b[K In member function \xe2\x80\x98\x1b[01m\x1b[Kvoid variable_function::\x1b[01;32m\x1b[Kpub_variable\x1b[m\x1b[K()\x1b[m\x1b[K\xe2\x80\x99:\n'}
[9.764546] (mission_layer_mvibot) StderrLine: {'line': b'\x1b[01m\x1b[K/home/mvibot/floorCleaningRobot_ws/src/mission_layer_mvibot/src/../include/mission_layer_mvibot/mvibot_mission/variable_function.h:210:22:\x1b[m\x1b[K \x1b[01;35m\x1b[Kwarning: \x1b[m\x1b[Kcomparison of integer expressions of different signedness: \xe2\x80\x98\x1b[01m\x1b[Kint\x1b[m\x1b[K\xe2\x80\x99 and \xe2\x80\x98\x1b[01m\x1b[Kstd::vector<variable_local>::size_type\x1b[m\x1b[K\xe2\x80\x99 {aka \xe2\x80\x98\x1b[01m\x1b[Klong unsigned int\x1b[m\x1b[K\xe2\x80\x99} [\x1b[01;35m\x1b[K\x1b]8;;https://gcc.gnu.org/onlinedocs/gcc/Warning-Options.html#index-Wsign-compare\x07-Wsign-compare\x1b]8;;\x07\x1b[m\x1b[K]\n'}
[9.764651] (mission_layer_mvibot) StderrLine: {'line': b'  210 |         for(int i=0;\x1b[01;35m\x1b[Ki<my_vars_local.var.size()\x1b[m\x1b[K;i++){\n'}
[9.764730] (mission_layer_mvibot) StderrLine: {'line': b'      |                     \x1b[01;35m\x1b[K~^~~~~~~~~~~~~~~~~~~~~~~~~\x1b[m\x1b[K\n'}
[9.782359] (mission_layer_mvibot) StderrLine: {'line': b'\x1b[01m\x1b[K/home/mvibot/floorCleaningRobot_ws/src/mission_layer_mvibot/src/../include/mission_layer_mvibot/mvibot_mission/variable_function.h:\x1b[m\x1b[K In member function \xe2\x80\x98\x1b[01m\x1b[Kint variable_function::\x1b[01;32m\x1b[Kaction\x1b[m\x1b[K()\x1b[m\x1b[K\xe2\x80\x99:\n'}
[9.782515] (mission_layer_mvibot) StderrLine: {'line': b'\x1b[01m\x1b[K/home/mvibot/floorCleaningRobot_ws/src/mission_layer_mvibot/src/../include/mission_layer_mvibot/mvibot_mission/variable_function.h:238:22:\x1b[m\x1b[K \x1b[01;35m\x1b[Kwarning: \x1b[m\x1b[Kcomparison of integer expressions of different signedness: \xe2\x80\x98\x1b[01m\x1b[Kint\x1b[m\x1b[K\xe2\x80\x99 and \xe2\x80\x98\x1b[01m\x1b[Kstd::vector<variable_local>::size_type\x1b[m\x1b[K\xe2\x80\x99 {aka \xe2\x80\x98\x1b[01m\x1b[Klong unsigned int\x1b[m\x1b[K\xe2\x80\x99} [\x1b[01;35m\x1b[K\x1b]8;;https://gcc.gnu.org/onlinedocs/gcc/Warning-Options.html#index-Wsign-compare\x07-Wsign-compare\x1b]8;;\x07\x1b[m\x1b[K]\n'}
[9.782597] (mission_layer_mvibot) StderrLine: {'line': b'  238 |         for(int i=0;\x1b[01;35m\x1b[Ki<my_vars_local.var.size()\x1b[m\x1b[K;i++){\n'}
[9.782665] (mission_layer_mvibot) StderrLine: {'line': b'      |                     \x1b[01;35m\x1b[K~^~~~~~~~~~~~~~~~~~~~~~~~~\x1b[m\x1b[K\n'}
[9.814217] (mission_layer_mvibot) StderrLine: {'line': b'In file included from \x1b[01m\x1b[K/home/mvibot/floorCleaningRobot_ws/src/mission_layer_mvibot/src/mvibot_mission.cpp:9\x1b[m\x1b[K:\n'}
[9.814398] (mission_layer_mvibot) StderrLine: {'line': b'\x1b[01m\x1b[K/home/mvibot/floorCleaningRobot_ws/src/mission_layer_mvibot/src/../include/mission_layer_mvibot/mvibot_mission/gpio_function.h:\x1b[m\x1b[K In member function \xe2\x80\x98\x1b[01m\x1b[Kint gpio_function::\x1b[01;32m\x1b[Kaction\x1b[m\x1b[K()\x1b[m\x1b[K\xe2\x80\x99:\n'}
[9.814484] (mission_layer_mvibot) StderrLine: {'line': b'\x1b[01m\x1b[K/home/mvibot/floorCleaningRobot_ws/src/mission_layer_mvibot/src/../include/mission_layer_mvibot/mvibot_mission/gpio_function.h:156:16:\x1b[m\x1b[K \x1b[01;35m\x1b[Kwarning: \x1b[m\x1b[Kunused variable \xe2\x80\x98\x1b[01m\x1b[Kvalue_return\x1b[m\x1b[K\xe2\x80\x99 [\x1b[01;35m\x1b[K\x1b]8;;https://gcc.gnu.org/onlinedocs/gcc/Warning-Options.html#index-Wunused-variable\x07-Wunused-variable\x1b]8;;\x07\x1b[m\x1b[K]\n'}
[9.814563] (mission_layer_mvibot) StderrLine: {'line': b'  156 |     static int \x1b[01;35m\x1b[Kvalue_return\x1b[m\x1b[K;\n'}
[9.814636] (mission_layer_mvibot) StderrLine: {'line': b'      |                \x1b[01;35m\x1b[K^~~~~~~~~~~~\x1b[m\x1b[K\n'}
[9.821439] (-) TimerEvent: {}
[9.921653] (-) TimerEvent: {}
[10.021889] (-) TimerEvent: {}
[10.122093] (-) TimerEvent: {}
[10.222292] (-) TimerEvent: {}
[10.322481] (-) TimerEvent: {}
[10.422640] (-) TimerEvent: {}
[10.522861] (-) TimerEvent: {}
[10.623016] (-) TimerEvent: {}
[10.723205] (-) TimerEvent: {}
[10.823400] (-) TimerEvent: {}
[10.923552] (-) TimerEvent: {}
[11.023763] (-) TimerEvent: {}
[11.123996] (-) TimerEvent: {}
[11.224192] (-) TimerEvent: {}
[11.324363] (-) TimerEvent: {}
[11.424563] (-) TimerEvent: {}
[11.524769] (-) TimerEvent: {}
[11.624978] (-) TimerEvent: {}
[11.725190] (-) TimerEvent: {}
[11.825394] (-) TimerEvent: {}
[11.925597] (-) TimerEvent: {}
[12.025801] (-) TimerEvent: {}
[12.126011] (-) TimerEvent: {}
[12.226204] (-) TimerEvent: {}
[12.326428] (-) TimerEvent: {}
[12.426694] (-) TimerEvent: {}
[12.526963] (-) TimerEvent: {}
[12.627220] (-) TimerEvent: {}
[12.727472] (-) TimerEvent: {}
[12.827705] (-) TimerEvent: {}
[12.927984] (-) TimerEvent: {}
[13.028260] (-) TimerEvent: {}
[13.128524] (-) TimerEvent: {}
[13.228738] (-) TimerEvent: {}
[13.328972] (-) TimerEvent: {}
[13.429143] (-) TimerEvent: {}
[13.529346] (-) TimerEvent: {}
[13.629586] (-) TimerEvent: {}
[13.729779] (-) TimerEvent: {}
[13.830014] (-) TimerEvent: {}
[13.930215] (-) TimerEvent: {}
[14.030429] (-) TimerEvent: {}
[14.130644] (-) TimerEvent: {}
[14.230880] (-) TimerEvent: {}
[14.331095] (-) TimerEvent: {}
[14.431301] (-) TimerEvent: {}
[14.531530] (-) TimerEvent: {}
[14.631803] (-) TimerEvent: {}
[14.732049] (-) TimerEvent: {}
[14.832279] (-) TimerEvent: {}
[14.932557] (-) TimerEvent: {}
[15.032817] (-) TimerEvent: {}
[15.133090] (-) TimerEvent: {}
[15.233354] (-) TimerEvent: {}
[15.333614] (-) TimerEvent: {}
[15.433892] (-) TimerEvent: {}
[15.534080] (-) TimerEvent: {}
[15.634336] (-) TimerEvent: {}
[15.734561] (-) TimerEvent: {}
[15.834745] (-) TimerEvent: {}
[15.934945] (-) TimerEvent: {}
[16.035141] (-) TimerEvent: {}
[16.135337] (-) TimerEvent: {}
[16.235542] (-) TimerEvent: {}
[16.335951] (-) TimerEvent: {}
[16.436202] (-) TimerEvent: {}
[16.536451] (-) TimerEvent: {}
[16.636686] (-) TimerEvent: {}
[16.736879] (-) TimerEvent: {}
[16.837065] (-) TimerEvent: {}
[16.937279] (-) TimerEvent: {}
[17.037482] (-) TimerEvent: {}
[17.137666] (-) TimerEvent: {}
[17.237873] (-) TimerEvent: {}
[17.338069] (-) TimerEvent: {}
[17.438241] (-) TimerEvent: {}
[17.538454] (-) TimerEvent: {}
[17.638696] (-) TimerEvent: {}
[17.738878] (-) TimerEvent: {}
[17.839064] (-) TimerEvent: {}
[17.939267] (-) TimerEvent: {}
[18.039431] (-) TimerEvent: {}
[18.139634] (-) TimerEvent: {}
[18.239859] (-) TimerEvent: {}
[18.340072] (-) TimerEvent: {}
[18.440241] (-) TimerEvent: {}
[18.540426] (-) TimerEvent: {}
[18.640595] (-) TimerEvent: {}
[18.740807] (-) TimerEvent: {}
[18.841022] (-) TimerEvent: {}
[18.941225] (-) TimerEvent: {}
[19.041430] (-) TimerEvent: {}
[19.141638] (-) TimerEvent: {}
[19.241874] (-) TimerEvent: {}
[19.342085] (-) TimerEvent: {}
[19.442274] (-) TimerEvent: {}
[19.542584] (-) TimerEvent: {}
[19.642896] (-) TimerEvent: {}
[19.743131] (-) TimerEvent: {}
[19.843398] (-) TimerEvent: {}
[19.943722] (-) TimerEvent: {}
[20.044023] (-) TimerEvent: {}
[20.144239] (-) TimerEvent: {}
[20.244454] (-) TimerEvent: {}
[20.344684] (-) TimerEvent: {}
[20.444901] (-) TimerEvent: {}
[20.545130] (-) TimerEvent: {}
[20.645360] (-) TimerEvent: {}
[20.745571] (-) TimerEvent: {}
[20.845816] (-) TimerEvent: {}
[20.945999] (-) TimerEvent: {}
[21.046174] (-) TimerEvent: {}
[21.146386] (-) TimerEvent: {}
[21.246583] (-) TimerEvent: {}
[21.346811] (-) TimerEvent: {}
[21.447061] (-) TimerEvent: {}
[21.547318] (-) TimerEvent: {}
[21.647565] (-) TimerEvent: {}
[21.747823] (-) TimerEvent: {}
[21.848302] (-) TimerEvent: {}
[21.948556] (-) TimerEvent: {}
[22.048798] (-) TimerEvent: {}
[22.148999] (-) TimerEvent: {}
[22.249158] (-) TimerEvent: {}
[22.349351] (-) TimerEvent: {}
[22.449532] (-) TimerEvent: {}
[22.549726] (-) TimerEvent: {}
[22.649909] (-) TimerEvent: {}
[22.700922] (mission_layer_mvibot) StderrLine: {'line': b'\x1b[01m\x1b[K/home/mvibot/floorCleaningRobot_ws/src/mission_layer_mvibot/src/../include/mission_layer_mvibot/mvibot_mission/manage_mission.h:\x1b[m\x1b[K In member function \xe2\x80\x98\x1b[01m\x1b[Kint manage_mission::\x1b[01;32m\x1b[Kcheck_object\x1b[m\x1b[K(const json&)\x1b[m\x1b[K\xe2\x80\x99:\n'}
[22.701110] (mission_layer_mvibot) StderrLine: {'line': b'\x1b[01m\x1b[K/home/mvibot/floorCleaningRobot_ws/src/mission_layer_mvibot/src/../include/mission_layer_mvibot/mvibot_mission/manage_mission.h:735:1:\x1b[m\x1b[K \x1b[01;35m\x1b[Kwarning: \x1b[m\x1b[Kcontrol reaches end of non-void function [\x1b[01;35m\x1b[K\x1b]8;;https://gcc.gnu.org/onlinedocs/gcc/Warning-Options.html#index-Wreturn-type\x07-Wreturn-type\x1b]8;;\x07\x1b[m\x1b[K]\n'}
[22.701230] (mission_layer_mvibot) StderrLine: {'line': b'  735 | \x1b[01;35m\x1b[K}\x1b[m\x1b[K\n'}
[22.701308] (mission_layer_mvibot) StderrLine: {'line': b'      | \x1b[01;35m\x1b[K^\x1b[m\x1b[K\n'}
[22.708925] (mission_layer_mvibot) StderrLine: {'line': b'\x1b[01m\x1b[K/home/mvibot/floorCleaningRobot_ws/src/mission_layer_mvibot/src/../include/mission_layer_mvibot/mvibot_mission/manage_mission.h:\x1b[m\x1b[K In member function \xe2\x80\x98\x1b[01m\x1b[Kint manage_mission::\x1b[01;32m\x1b[Khandle_content\x1b[m\x1b[K(const json&, const double&, double&, int&, rclcpp::Publisher<std_msgs::msg::String_<std::allocator<void> > >::SharedPtr, rclcpp::Publisher<std_msgs::msg::String_<std::allocator<void> > >::SharedPtr)\x1b[m\x1b[K\xe2\x80\x99:\n'}
[22.709079] (mission_layer_mvibot) StderrLine: {'line': b'\x1b[01m\x1b[K/home/mvibot/floorCleaningRobot_ws/src/mission_layer_mvibot/src/../include/mission_layer_mvibot/mvibot_mission/manage_mission.h:879:1:\x1b[m\x1b[K \x1b[01;35m\x1b[Kwarning: \x1b[m\x1b[Kcontrol reaches end of non-void function [\x1b[01;35m\x1b[K\x1b]8;;https://gcc.gnu.org/onlinedocs/gcc/Warning-Options.html#index-Wreturn-type\x07-Wreturn-type\x1b]8;;\x07\x1b[m\x1b[K]\n'}
[22.709168] (mission_layer_mvibot) StderrLine: {'line': b'  879 | \x1b[01;35m\x1b[K}\x1b[m\x1b[K\n'}
[22.709239] (mission_layer_mvibot) StderrLine: {'line': b'      | \x1b[01;35m\x1b[K^\x1b[m\x1b[K\n'}
[22.711746] (mission_layer_mvibot) StderrLine: {'line': b'\x1b[01m\x1b[K/home/mvibot/floorCleaningRobot_ws/src/mission_layer_mvibot/src/../include/mission_layer_mvibot/mvibot_mission/manage_mission.h:\x1b[m\x1b[K In member function \xe2\x80\x98\x1b[01m\x1b[Kint manage_mission::\x1b[01;32m\x1b[Kexecute_content\x1b[m\x1b[K(mission&, std::vector<std::__cxx11::basic_string<char>, std::allocator<std::__cxx11::basic_string<char> > >&, std::string&, std::string&, int&)\x1b[m\x1b[K\xe2\x80\x99:\n'}
[22.711864] (mission_layer_mvibot) StderrLine: {'line': b'\x1b[01m\x1b[K/home/mvibot/floorCleaningRobot_ws/src/mission_layer_mvibot/src/../include/mission_layer_mvibot/mvibot_mission/manage_mission.h:1151:1:\x1b[m\x1b[K \x1b[01;35m\x1b[Kwarning: \x1b[m\x1b[Kcontrol reaches end of non-void function [\x1b[01;35m\x1b[K\x1b]8;;https://gcc.gnu.org/onlinedocs/gcc/Warning-Options.html#index-Wreturn-type\x07-Wreturn-type\x1b]8;;\x07\x1b[m\x1b[K]\n'}
[22.711944] (mission_layer_mvibot) StderrLine: {'line': b' 1151 | \x1b[01;35m\x1b[K}\x1b[m\x1b[K\n'}
[22.712010] (mission_layer_mvibot) StderrLine: {'line': b'      | \x1b[01;35m\x1b[K^\x1b[m\x1b[K\n'}
[22.749986] (-) TimerEvent: {}
[22.850174] (-) TimerEvent: {}
[22.950366] (-) TimerEvent: {}
[23.050570] (-) TimerEvent: {}
[23.123261] (mission_layer_mvibot) StderrLine: {'line': b'\x1b[01m\x1b[K/home/mvibot/floorCleaningRobot_ws/src/mission_layer_mvibot/src/../include/mission_layer_mvibot/mvibot_mission/navigation_function.h:\x1b[m\x1b[K In member function \xe2\x80\x98\x1b[01m\x1b[Kint navigation_function::\x1b[01;32m\x1b[Kaction\x1b[m\x1b[K()\x1b[m\x1b[K\xe2\x80\x99:\n'}
[23.123419] (mission_layer_mvibot) StderrLine: {'line': b'\x1b[01m\x1b[K/home/mvibot/floorCleaningRobot_ws/src/mission_layer_mvibot/src/../include/mission_layer_mvibot/mvibot_mission/navigation_function.h:925:1:\x1b[m\x1b[K \x1b[01;35m\x1b[Kwarning: \x1b[m\x1b[Kcontrol reaches end of non-void function [\x1b[01;35m\x1b[K\x1b]8;;https://gcc.gnu.org/onlinedocs/gcc/Warning-Options.html#index-Wreturn-type\x07-Wreturn-type\x1b]8;;\x07\x1b[m\x1b[K]\n'}
[23.123505] (mission_layer_mvibot) StderrLine: {'line': b'  925 | \x1b[01;35m\x1b[K}\x1b[m\x1b[K\n'}
[23.123579] (mission_layer_mvibot) StderrLine: {'line': b'      | \x1b[01;35m\x1b[K^\x1b[m\x1b[K\n'}
[23.150703] (-) TimerEvent: {}
[23.250945] (-) TimerEvent: {}
[23.351193] (-) TimerEvent: {}
[23.451372] (-) TimerEvent: {}
[23.551563] (-) TimerEvent: {}
[23.651790] (-) TimerEvent: {}
[23.752005] (-) TimerEvent: {}
[23.852209] (-) TimerEvent: {}
[23.952407] (-) TimerEvent: {}
[24.052628] (-) TimerEvent: {}
[24.152861] (-) TimerEvent: {}
[24.253065] (-) TimerEvent: {}
[24.353294] (-) TimerEvent: {}
[24.453513] (-) TimerEvent: {}
[24.553735] (-) TimerEvent: {}
[24.653963] (-) TimerEvent: {}
[24.754213] (-) TimerEvent: {}
[24.854432] (-) TimerEvent: {}
[24.954734] (-) TimerEvent: {}
[25.055179] (-) TimerEvent: {}
[25.155467] (-) TimerEvent: {}
[25.255707] (-) TimerEvent: {}
[25.355960] (-) TimerEvent: {}
[25.456199] (-) TimerEvent: {}
[25.556400] (-) TimerEvent: {}
[25.656696] (-) TimerEvent: {}
[25.757003] (-) TimerEvent: {}
[25.857228] (-) TimerEvent: {}
[25.957444] (-) TimerEvent: {}
[26.057676] (-) TimerEvent: {}
[26.157884] (-) TimerEvent: {}
[26.258460] (-) TimerEvent: {}
[26.358678] (-) TimerEvent: {}
[26.458889] (-) TimerEvent: {}
[26.559153] (-) TimerEvent: {}
[26.659389] (-) TimerEvent: {}
[26.759595] (-) TimerEvent: {}
[26.859798] (-) TimerEvent: {}
[26.959991] (-) TimerEvent: {}
[27.060156] (-) TimerEvent: {}
[27.160329] (-) TimerEvent: {}
[27.260530] (-) TimerEvent: {}
[27.360724] (-) TimerEvent: {}
[27.460879] (-) TimerEvent: {}
[27.561080] (-) TimerEvent: {}
[27.661247] (-) TimerEvent: {}
[27.761447] (-) TimerEvent: {}
[27.861801] (-) TimerEvent: {}
[27.962010] (-) TimerEvent: {}
[28.062205] (-) TimerEvent: {}
[28.162396] (-) TimerEvent: {}
[28.262597] (-) TimerEvent: {}
[28.362791] (-) TimerEvent: {}
[28.463001] (-) TimerEvent: {}
[28.563170] (-) TimerEvent: {}
[28.663361] (-) TimerEvent: {}
[28.763558] (-) TimerEvent: {}
[28.863749] (-) TimerEvent: {}
[28.963956] (-) TimerEvent: {}
[29.064157] (-) TimerEvent: {}
[29.164359] (-) TimerEvent: {}
[29.264586] (-) TimerEvent: {}
[29.364828] (-) TimerEvent: {}
[29.465066] (-) TimerEvent: {}
[29.565279] (-) TimerEvent: {}
[29.665477] (-) TimerEvent: {}
[29.765713] (-) TimerEvent: {}
[29.865885] (-) TimerEvent: {}
[29.966096] (-) TimerEvent: {}
[30.066241] (-) TimerEvent: {}
[30.166432] (-) TimerEvent: {}
[30.266593] (-) TimerEvent: {}
[30.366810] (-) TimerEvent: {}
[30.467024] (-) TimerEvent: {}
[30.567222] (-) TimerEvent: {}
[30.667423] (-) TimerEvent: {}
[30.767624] (-) TimerEvent: {}
[30.867820] (-) TimerEvent: {}
[30.968026] (-) TimerEvent: {}
[31.068233] (-) TimerEvent: {}
[31.168490] (-) TimerEvent: {}
[31.268640] (-) TimerEvent: {}
[31.368838] (-) TimerEvent: {}
[31.469044] (-) TimerEvent: {}
[31.569245] (-) TimerEvent: {}
[31.669442] (-) TimerEvent: {}
[31.769628] (-) TimerEvent: {}
[31.869823] (-) TimerEvent: {}
[31.970031] (-) TimerEvent: {}
[32.070226] (-) TimerEvent: {}
[32.170431] (-) TimerEvent: {}
[32.270685] (-) TimerEvent: {}
[32.370955] (-) TimerEvent: {}
[32.471196] (-) TimerEvent: {}
[32.571439] (-) TimerEvent: {}
[32.671689] (-) TimerEvent: {}
[32.771959] (-) TimerEvent: {}
[32.872160] (-) TimerEvent: {}
[32.972342] (-) TimerEvent: {}
[33.072528] (-) TimerEvent: {}
[33.172714] (-) TimerEvent: {}
[33.272877] (-) TimerEvent: {}
[33.373064] (-) TimerEvent: {}
[33.473232] (-) TimerEvent: {}
[33.573475] (-) TimerEvent: {}
[33.673738] (-) TimerEvent: {}
[33.773963] (-) TimerEvent: {}
[33.874161] (-) TimerEvent: {}
[33.974364] (-) TimerEvent: {}
[34.074564] (-) TimerEvent: {}
[34.174763] (-) TimerEvent: {}
[34.275076] (-) TimerEvent: {}
[34.375294] (-) TimerEvent: {}
[34.475505] (-) TimerEvent: {}
[34.575757] (-) TimerEvent: {}
[34.676015] (-) TimerEvent: {}
[34.776203] (-) TimerEvent: {}
[34.876420] (-) TimerEvent: {}
[34.976635] (-) TimerEvent: {}
[35.076822] (-) TimerEvent: {}
[35.177029] (-) TimerEvent: {}
[35.277225] (-) TimerEvent: {}
[35.377427] (-) TimerEvent: {}
[35.477671] (-) TimerEvent: {}
[35.577886] (-) TimerEvent: {}
[35.678093] (-) TimerEvent: {}
[35.778281] (-) TimerEvent: {}
[35.878468] (-) TimerEvent: {}
[35.978661] (-) TimerEvent: {}
[36.078865] (-) TimerEvent: {}
[36.179065] (-) TimerEvent: {}
[36.279277] (-) TimerEvent: {}
[36.379502] (-) TimerEvent: {}
[36.479721] (-) TimerEvent: {}
[36.579882] (-) TimerEvent: {}
[36.680116] (-) TimerEvent: {}
[36.780336] (-) TimerEvent: {}
[36.880542] (-) TimerEvent: {}
[36.980731] (-) TimerEvent: {}
[37.080943] (-) TimerEvent: {}
[37.181134] (-) TimerEvent: {}
[37.281323] (-) TimerEvent: {}
[37.381511] (-) TimerEvent: {}
[37.481701] (-) TimerEvent: {}
[37.581879] (-) TimerEvent: {}
[37.682076] (-) TimerEvent: {}
[37.782277] (-) TimerEvent: {}
[37.882449] (-) TimerEvent: {}
[37.982637] (-) TimerEvent: {}
[38.082828] (-) TimerEvent: {}
[38.183032] (-) TimerEvent: {}
[38.283217] (-) TimerEvent: {}
[38.383374] (-) TimerEvent: {}
[38.483563] (-) TimerEvent: {}
[38.583755] (-) TimerEvent: {}
[38.683960] (-) TimerEvent: {}
[38.784166] (-) TimerEvent: {}
[38.884307] (-) TimerEvent: {}
[38.984490] (-) TimerEvent: {}
[39.084633] (-) TimerEvent: {}
[39.184821] (-) TimerEvent: {}
[39.285036] (-) TimerEvent: {}
[39.385225] (-) TimerEvent: {}
[39.485370] (-) TimerEvent: {}
[39.585556] (-) TimerEvent: {}
[39.685746] (-) TimerEvent: {}
[39.785960] (-) TimerEvent: {}
[39.886193] (-) TimerEvent: {}
[39.986434] (-) TimerEvent: {}
[40.086674] (-) TimerEvent: {}
[40.186879] (-) TimerEvent: {}
[40.287071] (-) TimerEvent: {}
[40.387257] (-) TimerEvent: {}
[40.487431] (-) TimerEvent: {}
[40.587599] (-) TimerEvent: {}
[40.687786] (-) TimerEvent: {}
[40.787947] (-) TimerEvent: {}
[40.888183] (-) TimerEvent: {}
[40.988417] (-) TimerEvent: {}
[41.088648] (-) TimerEvent: {}
[41.189005] (-) TimerEvent: {}
[41.289182] (-) TimerEvent: {}
[41.389446] (-) TimerEvent: {}
[41.489637] (-) TimerEvent: {}
[41.589790] (-) TimerEvent: {}
[41.689988] (-) TimerEvent: {}
[41.790175] (-) TimerEvent: {}
[41.890361] (-) TimerEvent: {}
[41.990565] (-) TimerEvent: {}
[42.090805] (-) TimerEvent: {}
[42.191043] (-) TimerEvent: {}
[42.291271] (-) TimerEvent: {}
[42.391500] (-) TimerEvent: {}
[42.491735] (-) TimerEvent: {}
[42.591988] (-) TimerEvent: {}
[42.692239] (-) TimerEvent: {}
[42.792474] (-) TimerEvent: {}
[42.892706] (-) TimerEvent: {}
[42.992960] (-) TimerEvent: {}
[43.093189] (-) TimerEvent: {}
[43.193422] (-) TimerEvent: {}
[43.293706] (-) TimerEvent: {}
[43.393954] (-) TimerEvent: {}
[43.494151] (-) TimerEvent: {}
[43.594353] (-) TimerEvent: {}
[43.694583] (-) TimerEvent: {}
[43.794773] (-) TimerEvent: {}
[43.894936] (-) TimerEvent: {}
[43.995142] (-) TimerEvent: {}
[44.095352] (-) TimerEvent: {}
[44.195564] (-) TimerEvent: {}
[44.295775] (-) TimerEvent: {}
[44.395987] (-) TimerEvent: {}
[44.496227] (-) TimerEvent: {}
[44.596399] (-) TimerEvent: {}
[44.696624] (-) TimerEvent: {}
[44.796865] (-) TimerEvent: {}
[44.897048] (-) TimerEvent: {}
[44.980170] (mission_layer_mvibot) StdoutLine: {'line': b'[100%] \x1b[32m\x1b[1mLinking CXX executable mvibot_mission\x1b[0m\n'}
[44.997124] (-) TimerEvent: {}
[45.097270] (-) TimerEvent: {}
[45.197482] (-) TimerEvent: {}
[45.297713] (-) TimerEvent: {}
[45.398140] (-) TimerEvent: {}
[45.498406] (-) TimerEvent: {}
[45.598669] (-) TimerEvent: {}
[45.698946] (-) TimerEvent: {}
[45.799166] (-) TimerEvent: {}
[45.899414] (-) TimerEvent: {}
[45.999656] (-) TimerEvent: {}
[46.099922] (-) TimerEvent: {}
[46.200230] (-) TimerEvent: {}
[46.300444] (-) TimerEvent: {}
[46.400740] (-) TimerEvent: {}
[46.501020] (-) TimerEvent: {}
[46.601216] (-) TimerEvent: {}
[46.701540] (-) TimerEvent: {}
[46.801822] (-) TimerEvent: {}
[46.902051] (-) TimerEvent: {}
[47.002287] (-) TimerEvent: {}
[47.046913] (mission_layer_mvibot) StdoutLine: {'line': b'[100%] Built target mvibot_mission\n'}
[47.059908] (mission_layer_mvibot) CommandEnded: {'returncode': 0}
[47.060567] (mission_layer_mvibot) JobProgress: {'identifier': 'mission_layer_mvibot', 'progress': 'install'}
[47.069925] (mission_layer_mvibot) Command: {'cmd': ['/usr/bin/cmake', '--install', '/home/mvibot/floorCleaningRobot_ws/build/mission_layer_mvibot'], 'cwd': '/home/mvibot/floorCleaningRobot_ws/build/mission_layer_mvibot', 'env': OrderedDict({'LESSOPEN': '| /usr/bin/lesspipe %s', 'USER': 'mvibot', 'LC_TIME': 'vi_VN', 'GZ_CONFIG_PATH': '/opt/ros/jazzy/opt/gz_sim_vendor/share/gz:/opt/ros/jazzy/opt/sdformat_vendor/share/gz:/opt/ros/jazzy/opt/gz_gui_vendor/share/gz:/opt/ros/jazzy/opt/gz_transport_vendor/share/gz:/opt/ros/jazzy/opt/gz_rendering_vendor/share/gz:/opt/ros/jazzy/opt/gz_plugin_vendor/share/gz:/opt/ros/jazzy/opt/gz_fuel_tools_vendor/share/gz:/opt/ros/jazzy/opt/gz_msgs_vendor/share/gz:/opt/ros/jazzy/opt/gz_common_vendor/share/gz', 'XDG_SESSION_TYPE': 'wayland', 'CLUTTER_DISABLE_MIPMAPPED_TEXT': '1', 'SHLVL': '1', 'LD_LIBRARY_PATH': '/home/mvibot/floorCleaningRobot_ws/install/opennav_coverage_msgs/lib:/home/mvibot/floorCleaningRobot_ws/install/tf2_web_republisher/lib:/home/mvibot/floorCleaningRobot_ws/install/tf2_web_republisher_interfaces/lib:/home/mvibot/floorCleaningRobot_ws/install/realsense2_camera/lib:/home/mvibot/floorCleaningRobot_ws/install/realsense2_camera_msgs/lib:/home/mvibot/floorCleaningRobot_ws/install/pointcloud_to_laserscan/lib:/home/mvibot/floorCleaningRobot_ws/install/opennav_row_coverage/lib:/home/mvibot/floorCleaningRobot_ws/install/opennav_coverage_navigator/lib:/home/mvibot/floorCleaningRobot_ws/install/opennav_coverage_bt/lib:/home/mvibot/floorCleaningRobot_ws/install/opennav_coverage/lib:/home/mvibot/floorCleaningRobot_ws/install/fields2cover/lib:/opt/ros/jazzy/opt/gz_sim_vendor/lib:/opt/ros/jazzy/opt/gz_sensors_vendor/lib:/opt/ros/jazzy/opt/gz_physics_vendor/lib:/opt/ros/jazzy/opt/sdformat_vendor/lib:/opt/ros/jazzy/opt/rviz_ogre_vendor/lib:/opt/ros/jazzy/lib/x86_64-linux-gnu:/opt/ros/jazzy/opt/ortools_vendor/lib:/opt/ros/jazzy/opt/gz_gui_vendor/lib:/opt/ros/jazzy/opt/gz_transport_vendor/lib:/opt/ros/jazzy/opt/gz_rendering_vendor/lib:/opt/ros/jazzy/opt/gz_plugin_vendor/lib:/opt/ros/jazzy/opt/gz_fuel_tools_vendor/lib:/opt/ros/jazzy/opt/gz_msgs_vendor/lib:/opt/ros/jazzy/opt/gz_common_vendor/lib:/opt/ros/jazzy/opt/gz_math_vendor/lib:/opt/ros/jazzy/opt/gz_utils_vendor/lib:/opt/ros/jazzy/opt/gz_tools_vendor/lib:/opt/ros/jazzy/opt/gz_ogre_next_vendor/lib:/opt/ros/jazzy/opt/gz_dartsim_vendor/lib:/opt/ros/jazzy/opt/gz_cmake_vendor/lib:/opt/ros/jazzy/lib', 'HOME': '/home/mvibot', 'DESKTOP_SESSION': 'ubuntu', 'ROS_PYTHON_VERSION': '3', 'GNOME_SHELL_SESSION_MODE': 'ubuntu', 'GTK_MODULES': 'gail:atk-bridge', 'LC_MONETARY': 'vi_VN', 'SYSTEMD_EXEC_PID': '2828', 'GSM_SKIP_SSH_AGENT_WORKAROUND': 'true', 'DBUS_SESSION_BUS_ADDRESS': 'unix:path=/run/user/1001/bus', 'COLORTERM': 'truecolor', 'DEBUGINFOD_URLS': 'https://debuginfod.ubuntu.com', 'IM_CONFIG_PHASE': '1', 'WAYLAND_DISPLAY': 'wayland-0', 'COLCON_PREFIX_PATH': '/home/mvibot/floorCleaningRobot_ws/install', 'ROS_DISTRO': 'jazzy', 'LOGNAME': 'mvibot', '_': '/usr/bin/colcon', 'ROS_VERSION': '2', 'PKG_CONFIG_PATH': '/home/mvibot/floorCleaningRobot_ws/install/fields2cover/lib/x86_64-linux-gnu/pkgconfig:/home/mvibot/floorCleaningRobot_ws/install/fields2cover/lib/pkgconfig', 'MEMORY_PRESSURE_WATCH': '/sys/fs/cgroup/user.slice/user-1001.slice/user@1001.service/session.slice/org.gnome.Shell@wayland.service/memory.pressure', 'XDG_SESSION_CLASS': 'user', 'USERNAME': 'mvibot', 'TERM': 'xterm-256color', 'GNOME_DESKTOP_SESSION_ID': 'this-is-deprecated', 'PATH': '/opt/ros/jazzy/opt/ortools_vendor/bin:/opt/ros/jazzy/opt/gz_msgs_vendor/bin:/opt/ros/jazzy/opt/gz_tools_vendor/bin:/opt/ros/jazzy/opt/gz_ogre_next_vendor/bin:/opt/ros/jazzy/bin:/usr/local/sbin:/usr/local/bin:/usr/sbin:/usr/bin:/sbin:/bin:/usr/games:/usr/local/games:/snap/bin:/snap/bin', 'SESSION_MANAGER': 'local/king-mvibot:@/tmp/.ICE-unix/2790,unix/king-mvibot:/tmp/.ICE-unix/2790', 'XDG_MENU_PREFIX': 'gnome-', 'LC_ADDRESS': 'vi_VN', 'GNOME_TERMINAL_SCREEN': '/org/gnome/Terminal/screen/7ed79b37_a9ad_4e3a_bdf4_c072c79e5e12', 'GNOME_SETUP_DISPLAY': ':1', 'XDG_RUNTIME_DIR': '/run/user/1001', 'DISPLAY': ':0', 'LANG': 'en_US.UTF-8', 'XDG_CURRENT_DESKTOP': 'ubuntu:GNOME', 'LC_TELEPHONE': 'vi_VN', 'RMW_IMPLEMENTATION': 'rmw_fastrtps_cpp', 'XMODIFIERS': '@im=ibus', 'XDG_SESSION_DESKTOP': 'ubuntu', 'XAUTHORITY': '/run/user/1001/.mutter-Xwaylandauth.IC3WF3', 'LS_COLORS': 'rs=0:di=01;34:ln=01;36:mh=00:pi=40;33:so=01;35:do=01;35:bd=40;33;01:cd=40;33;01:or=40;31;01:mi=00:su=37;41:sg=30;43:ca=00:tw=30;42:ow=34;42:st=37;44:ex=01;32:*.tar=01;31:*.tgz=01;31:*.arc=01;31:*.arj=01;31:*.taz=01;31:*.lha=01;31:*.lz4=01;31:*.lzh=01;31:*.lzma=01;31:*.tlz=01;31:*.txz=01;31:*.tzo=01;31:*.t7z=01;31:*.zip=01;31:*.z=01;31:*.dz=01;31:*.gz=01;31:*.lrz=01;31:*.lz=01;31:*.lzo=01;31:*.xz=01;31:*.zst=01;31:*.tzst=01;31:*.bz2=01;31:*.bz=01;31:*.tbz=01;31:*.tbz2=01;31:*.tz=01;31:*.deb=01;31:*.rpm=01;31:*.jar=01;31:*.war=01;31:*.ear=01;31:*.sar=01;31:*.rar=01;31:*.alz=01;31:*.ace=01;31:*.zoo=01;31:*.cpio=01;31:*.7z=01;31:*.rz=01;31:*.cab=01;31:*.wim=01;31:*.swm=01;31:*.dwm=01;31:*.esd=01;31:*.avif=01;35:*.jpg=01;35:*.jpeg=01;35:*.mjpg=01;35:*.mjpeg=01;35:*.gif=01;35:*.bmp=01;35:*.pbm=01;35:*.pgm=01;35:*.ppm=01;35:*.tga=01;35:*.xbm=01;35:*.xpm=01;35:*.tif=01;35:*.tiff=01;35:*.png=01;35:*.svg=01;35:*.svgz=01;35:*.mng=01;35:*.pcx=01;35:*.mov=01;35:*.mpg=01;35:*.mpeg=01;35:*.m2v=01;35:*.mkv=01;35:*.webm=01;35:*.webp=01;35:*.ogm=01;35:*.mp4=01;35:*.m4v=01;35:*.mp4v=01;35:*.vob=01;35:*.qt=01;35:*.nuv=01;35:*.wmv=01;35:*.asf=01;35:*.rm=01;35:*.rmvb=01;35:*.flc=01;35:*.avi=01;35:*.fli=01;35:*.flv=01;35:*.gl=01;35:*.dl=01;35:*.xcf=01;35:*.xwd=01;35:*.yuv=01;35:*.cgm=01;35:*.emf=01;35:*.ogv=01;35:*.ogx=01;35:*.aac=00;36:*.au=00;36:*.flac=00;36:*.m4a=00;36:*.mid=00;36:*.midi=00;36:*.mka=00;36:*.mp3=00;36:*.mpc=00;36:*.ogg=00;36:*.ra=00;36:*.wav=00;36:*.oga=00;36:*.opus=00;36:*.spx=00;36:*.xspf=00;36:*~=00;90:*#=00;90:*.bak=00;90:*.crdownload=00;90:*.dpkg-dist=00;90:*.dpkg-new=00;90:*.dpkg-old=00;90:*.dpkg-tmp=00;90:*.old=00;90:*.orig=00;90:*.part=00;90:*.rej=00;90:*.rpmnew=00;90:*.rpmorig=00;90:*.rpmsave=00;90:*.swp=00;90:*.tmp=00;90:*.ucf-dist=00;90:*.ucf-new=00;90:*.ucf-old=00;90:', 'GNOME_TERMINAL_SERVICE': ':1.138', 'SSH_AUTH_SOCK': '/run/user/1001/keyring/ssh', 'ROS_DOMAIN_ID': '11', 'AMENT_PREFIX_PATH': '/home/mvibot/floorCleaningRobot_ws/install/tf2_web_republisher:/home/mvibot/floorCleaningRobot_ws/install/tf2_web_republisher_interfaces:/home/mvibot/floorCleaningRobot_ws/install/sllidar_ros2:/home/mvibot/floorCleaningRobot_ws/install/realsense2_description:/home/mvibot/floorCleaningRobot_ws/install/realsense2_camera:/home/mvibot/floorCleaningRobot_ws/install/realsense2_camera_msgs:/home/mvibot/floorCleaningRobot_ws/install/pointcloud_to_laserscan:/home/mvibot/floorCleaningRobot_ws/install/opennav_coverage_demo:/home/mvibot/floorCleaningRobot_ws/install/opennav_row_coverage:/home/mvibot/floorCleaningRobot_ws/install/opennav_coverage_navigator:/home/mvibot/floorCleaningRobot_ws/install/opennav_coverage_bt:/home/mvibot/floorCleaningRobot_ws/install/opennav_coverage:/home/mvibot/floorCleaningRobot_ws/install/mission_layer_mvibot:/home/mvibot/floorCleaningRobot_ws/install/opennav_coverage_msgs:/home/mvibot/floorCleaningRobot_ws/install/lower_layer_mvibot:/home/mvibot/floorCleaningRobot_ws/install/ira_laser_tools:/home/mvibot/floorCleaningRobot_ws/install/higher_layer_mvibot:/opt/ros/jazzy', 'SHELL': '/bin/bash', 'LC_NAME': 'vi_VN', 'QT_ACCESSIBILITY': '1', 'GDMSESSION': 'ubuntu', 'LESSCLOSE': '/usr/bin/lesspipe %s %s', 'LC_MEASUREMENT': 'vi_VN', 'LC_IDENTIFICATION': 'vi_VN', 'ROS_AUTOMATIC_DISCOVERY_RANGE': 'SUBNET', 'QT_IM_MODULE': 'ibus', 'PWD': '/home/mvibot/floorCleaningRobot_ws/build/mission_layer_mvibot', 'LC_ALL': 'en_US.UTF-8', 'XDG_CONFIG_DIRS': '/etc/xdg/xdg-ubuntu:/etc/xdg', 'XDG_DATA_DIRS': '/usr/share/ubuntu:/usr/share/gnome:/usr/local/share/:/usr/share/:/var/lib/snapd/desktop', 'PYTHONPATH': '/home/mvibot/floorCleaningRobot_ws/install/opennav_coverage_msgs/lib/python3.12/site-packages:/home/mvibot/floorCleaningRobot_ws/install/tf2_web_republisher_interfaces/lib/python3.12/site-packages:/home/mvibot/floorCleaningRobot_ws/install/realsense2_camera_msgs/lib/python3.12/site-packages:/home/mvibot/floorCleaningRobot_ws/build/opennav_coverage_demo:/home/mvibot/floorCleaningRobot_ws/install/opennav_coverage_demo/lib/python3.12/site-packages:/opt/ros/jazzy/lib/python3.12/site-packages', 'LC_NUMERIC': 'vi_VN', 'LC_PAPER': 'vi_VN', 'COLCON': '1', 'MEMORY_PRESSURE_WRITE': 'c29tZSAyMDAwMDAgMjAwMDAwMAA=', 'VTE_VERSION': '7600', 'CMAKE_PREFIX_PATH': '/home/mvibot/floorCleaningRobot_ws/install/opennav_coverage_msgs:/home/mvibot/floorCleaningRobot_ws/install/tf2_web_republisher:/home/mvibot/floorCleaningRobot_ws/install/tf2_web_republisher_interfaces:/home/mvibot/floorCleaningRobot_ws/install/sllidar_ros2:/home/mvibot/floorCleaningRobot_ws/install/realsense2_description:/home/mvibot/floorCleaningRobot_ws/install/realsense2_camera:/home/mvibot/floorCleaningRobot_ws/install/realsense2_camera_msgs:/home/mvibot/floorCleaningRobot_ws/install/pointcloud_to_laserscan:/home/mvibot/floorCleaningRobot_ws/install/opennav_row_coverage:/home/mvibot/floorCleaningRobot_ws/install/opennav_coverage_navigator:/home/mvibot/floorCleaningRobot_ws/install/opennav_coverage_bt:/home/mvibot/floorCleaningRobot_ws/install/opennav_coverage:/home/mvibot/floorCleaningRobot_ws/install/mission_layer_mvibot:/home/mvibot/floorCleaningRobot_ws/install/lower_layer_mvibot:/home/mvibot/floorCleaningRobot_ws/install/ira_laser_tools:/home/mvibot/floorCleaningRobot_ws/install/higher_layer_mvibot:/home/mvibot/floorCleaningRobot_ws/install/fields2cover:/opt/ros/jazzy/opt/gz_sim_vendor:/opt/ros/jazzy/opt/gz_sensors_vendor:/opt/ros/jazzy/opt/gz_physics_vendor:/opt/ros/jazzy/opt/sdformat_vendor:/opt/ros/jazzy/opt/gz_gui_vendor:/opt/ros/jazzy/opt/gz_transport_vendor:/opt/ros/jazzy/opt/gz_rendering_vendor:/opt/ros/jazzy/opt/gz_plugin_vendor:/opt/ros/jazzy/opt/gz_fuel_tools_vendor:/opt/ros/jazzy/opt/gz_msgs_vendor:/opt/ros/jazzy/opt/gz_common_vendor:/opt/ros/jazzy/opt/gz_math_vendor:/opt/ros/jazzy/opt/gz_utils_vendor:/opt/ros/jazzy/opt/gz_tools_vendor:/opt/ros/jazzy/opt/gz_ogre_next_vendor:/opt/ros/jazzy/opt/gz_dartsim_vendor:/opt/ros/jazzy/opt/gz_cmake_vendor:/home/mvibot/floorCleaningRobot_ws/install/opennav_coverage_demo:/opt/ros/jazzy'}), 'shell': False}
[47.078119] (mission_layer_mvibot) StdoutLine: {'line': b'-- Install configuration: ""\n'}
[47.078476] (mission_layer_mvibot) StdoutLine: {'line': b'-- Execute custom install script\n'}
[47.078988] (mission_layer_mvibot) StdoutLine: {'line': b'-- Up-to-date symlink: /home/mvibot/floorCleaningRobot_ws/install/mission_layer_mvibot/share/mission_layer_mvibot//launch/mvibot_amcl_launch.py\n'}
[47.079168] (mission_layer_mvibot) StdoutLine: {'line': b'-- Up-to-date symlink: /home/mvibot/floorCleaningRobot_ws/install/mission_layer_mvibot/share/mission_layer_mvibot//launch/mvibot_behavior_launch.py\n'}
[47.079304] (mission_layer_mvibot) StdoutLine: {'line': b'-- Up-to-date symlink: /home/mvibot/floorCleaningRobot_ws/install/mission_layer_mvibot/share/mission_layer_mvibot//launch/mvibot_bt_navigator_launch.py\n'}
[47.079434] (mission_layer_mvibot) StdoutLine: {'line': b'-- Up-to-date symlink: /home/mvibot/floorCleaningRobot_ws/install/mission_layer_mvibot/share/mission_layer_mvibot//launch/mvibot_collision_monitor_launch.py\n'}
[47.079563] (mission_layer_mvibot) StdoutLine: {'line': b'-- Up-to-date symlink: /home/mvibot/floorCleaningRobot_ws/install/mission_layer_mvibot/share/mission_layer_mvibot//launch/mvibot_controller_launch.py\n'}
[47.079680] (mission_layer_mvibot) StdoutLine: {'line': b'-- Up-to-date symlink: /home/mvibot/floorCleaningRobot_ws/install/mission_layer_mvibot/share/mission_layer_mvibot//launch/mvibot_lifecycle_manager_navigation_launch.py\n'}
[47.079808] (mission_layer_mvibot) StdoutLine: {'line': b'-- Up-to-date symlink: /home/mvibot/floorCleaningRobot_ws/install/mission_layer_mvibot/share/mission_layer_mvibot//launch/mvibot_manage_mission_launch.py\n'}
[47.079939] (mission_layer_mvibot) StdoutLine: {'line': b'-- Up-to-date symlink: /home/mvibot/floorCleaningRobot_ws/install/mission_layer_mvibot/share/mission_layer_mvibot//launch/mvibot_mission_launch.py\n'}
[47.080053] (mission_layer_mvibot) StdoutLine: {'line': b'-- Up-to-date symlink: /home/mvibot/floorCleaningRobot_ws/install/mission_layer_mvibot/share/mission_layer_mvibot//launch/mvibot_navigation_launch.py\n'}
[47.080179] (mission_layer_mvibot) StdoutLine: {'line': b'-- Up-to-date symlink: /home/mvibot/floorCleaningRobot_ws/install/mission_layer_mvibot/share/mission_layer_mvibot//launch/mvibot_opennav_coverage_launch.py\n'}
[47.080294] (mission_layer_mvibot) StdoutLine: {'line': b'-- Up-to-date symlink: /home/mvibot/floorCleaningRobot_ws/install/mission_layer_mvibot/share/mission_layer_mvibot//launch/mvibot_planner_launch.py\n'}
[47.080394] (mission_layer_mvibot) StdoutLine: {'line': b'-- Up-to-date symlink: /home/mvibot/floorCleaningRobot_ws/install/mission_layer_mvibot/share/mission_layer_mvibot//launch/mvibot_smoother_launch.py\n'}
[47.080500] (mission_layer_mvibot) StdoutLine: {'line': b'-- Up-to-date symlink: /home/mvibot/floorCleaningRobot_ws/install/mission_layer_mvibot/share/mission_layer_mvibot//launch/mvibot_velocity_smoother_launch.py\n'}
[47.080603] (mission_layer_mvibot) StdoutLine: {'line': b'-- Up-to-date symlink: /home/mvibot/floorCleaningRobot_ws/install/mission_layer_mvibot/share/mission_layer_mvibot//launch/mvibot_waypoint_follower_launch.py\n'}
[47.080717] (mission_layer_mvibot) StdoutLine: {'line': b'-- Up-to-date symlink: /home/mvibot/floorCleaningRobot_ws/install/mission_layer_mvibot/lib/mission_layer_mvibot/mvibot_mission\n'}
[47.080822] (mission_layer_mvibot) StdoutLine: {'line': b'-- Up-to-date symlink: /home/mvibot/floorCleaningRobot_ws/install/mission_layer_mvibot/share/ament_index/resource_index/package_run_dependencies/mission_layer_mvibot\n'}
[47.080953] (mission_layer_mvibot) StdoutLine: {'line': b'-- Up-to-date symlink: /home/mvibot/floorCleaningRobot_ws/install/mission_layer_mvibot/share/ament_index/resource_index/parent_prefix_path/mission_layer_mvibot\n'}
[47.081078] (mission_layer_mvibot) StdoutLine: {'line': b'-- Up-to-date symlink: /home/mvibot/floorCleaningRobot_ws/install/mission_layer_mvibot/share/mission_layer_mvibot/environment/ament_prefix_path.sh\n'}
[47.081182] (mission_layer_mvibot) StdoutLine: {'line': b'-- Up-to-date symlink: /home/mvibot/floorCleaningRobot_ws/install/mission_layer_mvibot/share/mission_layer_mvibot/environment/ament_prefix_path.dsv\n'}
[47.081303] (mission_layer_mvibot) StdoutLine: {'line': b'-- Up-to-date symlink: /home/mvibot/floorCleaningRobot_ws/install/mission_layer_mvibot/share/mission_layer_mvibot/environment/path.sh\n'}
[47.081428] (mission_layer_mvibot) StdoutLine: {'line': b'-- Up-to-date symlink: /home/mvibot/floorCleaningRobot_ws/install/mission_layer_mvibot/share/mission_layer_mvibot/environment/path.dsv\n'}
[47.081552] (mission_layer_mvibot) StdoutLine: {'line': b'-- Up-to-date symlink: /home/mvibot/floorCleaningRobot_ws/install/mission_layer_mvibot/share/mission_layer_mvibot/local_setup.bash\n'}
[47.081684] (mission_layer_mvibot) StdoutLine: {'line': b'-- Up-to-date symlink: /home/mvibot/floorCleaningRobot_ws/install/mission_layer_mvibot/share/mission_layer_mvibot/local_setup.sh\n'}
[47.081809] (mission_layer_mvibot) StdoutLine: {'line': b'-- Up-to-date symlink: /home/mvibot/floorCleaningRobot_ws/install/mission_layer_mvibot/share/mission_layer_mvibot/local_setup.zsh\n'}
[47.081945] (mission_layer_mvibot) StdoutLine: {'line': b'-- Up-to-date symlink: /home/mvibot/floorCleaningRobot_ws/install/mission_layer_mvibot/share/mission_layer_mvibot/local_setup.dsv\n'}
[47.082073] (mission_layer_mvibot) StdoutLine: {'line': b'-- Symlinking: /home/mvibot/floorCleaningRobot_ws/install/mission_layer_mvibot/share/mission_layer_mvibot/package.dsv\n'}
[47.091449] (mission_layer_mvibot) StdoutLine: {'line': b'-- Up-to-date symlink: /home/mvibot/floorCleaningRobot_ws/install/mission_layer_mvibot/share/ament_index/resource_index/packages/mission_layer_mvibot\n'}
[47.091669] (mission_layer_mvibot) StdoutLine: {'line': b'-- Up-to-date symlink: /home/mvibot/floorCleaningRobot_ws/install/mission_layer_mvibot/share/mission_layer_mvibot/cmake/mission_layer_mvibotConfig.cmake\n'}
[47.091814] (mission_layer_mvibot) StdoutLine: {'line': b'-- Up-to-date symlink: /home/mvibot/floorCleaningRobot_ws/install/mission_layer_mvibot/share/mission_layer_mvibot/cmake/mission_layer_mvibotConfig-version.cmake\n'}
[47.091977] (mission_layer_mvibot) StdoutLine: {'line': b'-- Up-to-date symlink: /home/mvibot/floorCleaningRobot_ws/install/mission_layer_mvibot/share/mission_layer_mvibot/package.xml\n'}
[47.093378] (mission_layer_mvibot) CommandEnded: {'returncode': 0}
[47.102381] (-) TimerEvent: {}
[47.114361] (mission_layer_mvibot) JobEnded: {'identifier': 'mission_layer_mvibot', 'rc': 0}
[47.138015] (-) EventReactorShutdown: {}
