[0.000000] (-) TimerEvent: {}
[0.000356] (-) JobUnselected: {'identifier': 'fields2cover'}
[0.000586] (-) JobUnselected: {'identifier': 'higher_layer_mvibot'}
[0.000608] (-) JobUnselected: {'identifier': 'ira_laser_tools'}
[0.000623] (-) JobUnselected: {'identifier': 'lower_layer_mvibot'}
[0.000637] (-) JobUnselected: {'identifier': 'opennav_coverage'}
[0.000650] (-) JobUnselected: {'identifier': 'opennav_coverage_bt'}
[0.000662] (-) JobUnselected: {'identifier': 'opennav_coverage_demo'}
[0.000674] (-) JobUnselected: {'identifier': 'opennav_coverage_msgs'}
[0.000686] (-) JobUnselected: {'identifier': 'opennav_coverage_navigator'}
[0.000697] (-) JobUnselected: {'identifier': 'opennav_row_coverage'}
[0.000709] (-) JobUnselected: {'identifier': 'pointcloud_to_laserscan'}
[0.000721] (-) JobUnselected: {'identifier': 'realsense2_camera'}
[0.000733] (-) JobUnselected: {'identifier': 'realsense2_camera_msgs'}
[0.000745] (-) JobUnselected: {'identifier': 'realsense2_description'}
[0.000756] (-) JobUnselected: {'identifier': 'sllidar_ros2'}
[0.000768] (-) JobUnselected: {'identifier': 'tf2_web_republisher'}
[0.000779] (-) JobUnselected: {'identifier': 'tf2_web_republisher_interfaces'}
[0.000794] (mission_layer_mvibot) JobQueued: {'identifier': 'mission_layer_mvibot', 'dependencies': OrderedDict({'opennav_coverage_msgs': '/home/mvibot/floorCleaningRobot_ws/install/opennav_coverage_msgs'})}
[0.000815] (mission_layer_mvibot) JobStarted: {'identifier': 'mission_layer_mvibot'}
[0.013777] (mission_layer_mvibot) JobProgress: {'identifier': 'mission_layer_mvibot', 'progress': 'cmake'}
[0.014592] (mission_layer_mvibot) JobProgress: {'identifier': 'mission_layer_mvibot', 'progress': 'build'}
[0.015185] (mission_layer_mvibot) Command: {'cmd': ['/usr/bin/cmake', '--build', '/home/mvibot/floorCleaningRobot_ws/build/mission_layer_mvibot', '--', '-j16', '-l16'], 'cwd': '/home/mvibot/floorCleaningRobot_ws/build/mission_layer_mvibot', 'env': OrderedDict({'LESSOPEN': '| /usr/bin/lesspipe %s', 'USER': 'mvibot', 'LC_TIME': 'vi_VN', 'GZ_CONFIG_PATH': '/opt/ros/jazzy/opt/gz_sim_vendor/share/gz:/opt/ros/jazzy/opt/sdformat_vendor/share/gz:/opt/ros/jazzy/opt/gz_gui_vendor/share/gz:/opt/ros/jazzy/opt/gz_transport_vendor/share/gz:/opt/ros/jazzy/opt/gz_rendering_vendor/share/gz:/opt/ros/jazzy/opt/gz_plugin_vendor/share/gz:/opt/ros/jazzy/opt/gz_fuel_tools_vendor/share/gz:/opt/ros/jazzy/opt/gz_msgs_vendor/share/gz:/opt/ros/jazzy/opt/gz_common_vendor/share/gz', 'XDG_SESSION_TYPE': 'wayland', 'CLUTTER_DISABLE_MIPMAPPED_TEXT': '1', 'SHLVL': '1', 'LD_LIBRARY_PATH': '/home/mvibot/floorCleaningRobot_ws/install/opennav_coverage_msgs/lib:/home/mvibot/floorCleaningRobot_ws/install/tf2_web_republisher/lib:/home/mvibot/floorCleaningRobot_ws/install/tf2_web_republisher_interfaces/lib:/home/mvibot/floorCleaningRobot_ws/install/realsense2_camera/lib:/home/mvibot/floorCleaningRobot_ws/install/realsense2_camera_msgs/lib:/home/mvibot/floorCleaningRobot_ws/install/pointcloud_to_laserscan/lib:/home/mvibot/floorCleaningRobot_ws/install/opennav_row_coverage/lib:/home/mvibot/floorCleaningRobot_ws/install/opennav_coverage_navigator/lib:/home/mvibot/floorCleaningRobot_ws/install/opennav_coverage_bt/lib:/home/mvibot/floorCleaningRobot_ws/install/opennav_coverage/lib:/home/mvibot/floorCleaningRobot_ws/install/fields2cover/lib:/opt/ros/jazzy/opt/gz_sim_vendor/lib:/opt/ros/jazzy/opt/gz_sensors_vendor/lib:/opt/ros/jazzy/opt/gz_physics_vendor/lib:/opt/ros/jazzy/opt/sdformat_vendor/lib:/opt/ros/jazzy/opt/rviz_ogre_vendor/lib:/opt/ros/jazzy/lib/x86_64-linux-gnu:/opt/ros/jazzy/opt/ortools_vendor/lib:/opt/ros/jazzy/opt/gz_gui_vendor/lib:/opt/ros/jazzy/opt/gz_transport_vendor/lib:/opt/ros/jazzy/opt/gz_rendering_vendor/lib:/opt/ros/jazzy/opt/gz_plugin_vendor/lib:/opt/ros/jazzy/opt/gz_fuel_tools_vendor/lib:/opt/ros/jazzy/opt/gz_msgs_vendor/lib:/opt/ros/jazzy/opt/gz_common_vendor/lib:/opt/ros/jazzy/opt/gz_math_vendor/lib:/opt/ros/jazzy/opt/gz_utils_vendor/lib:/opt/ros/jazzy/opt/gz_tools_vendor/lib:/opt/ros/jazzy/opt/gz_ogre_next_vendor/lib:/opt/ros/jazzy/opt/gz_dartsim_vendor/lib:/opt/ros/jazzy/opt/gz_cmake_vendor/lib:/opt/ros/jazzy/lib', 'HOME': '/home/mvibot', 'DESKTOP_SESSION': 'ubuntu', 'ROS_PYTHON_VERSION': '3', 'GNOME_SHELL_SESSION_MODE': 'ubuntu', 'GTK_MODULES': 'gail:atk-bridge', 'LC_MONETARY': 'vi_VN', 'SYSTEMD_EXEC_PID': '2889', 'GSM_SKIP_SSH_AGENT_WORKAROUND': 'true', 'DBUS_SESSION_BUS_ADDRESS': 'unix:path=/run/user/1001/bus', 'COLORTERM': 'truecolor', 'DEBUGINFOD_URLS': 'https://debuginfod.ubuntu.com', 'IM_CONFIG_PHASE': '1', 'WAYLAND_DISPLAY': 'wayland-0', 'COLCON_PREFIX_PATH': '/home/mvibot/floorCleaningRobot_ws/install', 'ROS_DISTRO': 'jazzy', 'LOGNAME': 'mvibot', '_': '/usr/bin/colcon', 'ROS_VERSION': '2', 'PKG_CONFIG_PATH': '/home/mvibot/floorCleaningRobot_ws/install/fields2cover/lib/x86_64-linux-gnu/pkgconfig:/home/mvibot/floorCleaningRobot_ws/install/fields2cover/lib/pkgconfig', 'MEMORY_PRESSURE_WATCH': '/sys/fs/cgroup/user.slice/user-1001.slice/user@1001.service/session.slice/org.gnome.Shell@wayland.service/memory.pressure', 'XDG_SESSION_CLASS': 'user', 'USERNAME': 'mvibot', 'TERM': 'xterm-256color', 'GNOME_DESKTOP_SESSION_ID': 'this-is-deprecated', 'PATH': '/opt/ros/jazzy/opt/ortools_vendor/bin:/opt/ros/jazzy/opt/gz_msgs_vendor/bin:/opt/ros/jazzy/opt/gz_tools_vendor/bin:/opt/ros/jazzy/opt/gz_ogre_next_vendor/bin:/opt/ros/jazzy/bin:/usr/local/sbin:/usr/local/bin:/usr/sbin:/usr/bin:/sbin:/bin:/usr/games:/usr/local/games:/snap/bin:/snap/bin', 'SESSION_MANAGER': 'local/king-mvibot:@/tmp/.ICE-unix/2852,unix/king-mvibot:/tmp/.ICE-unix/2852', 'XDG_MENU_PREFIX': 'gnome-', 'LC_ADDRESS': 'vi_VN', 'GNOME_TERMINAL_SCREEN': '/org/gnome/Terminal/screen/dd5d5332_6ec0_49af_b88d_2691b00e59db', 'GNOME_SETUP_DISPLAY': ':1', 'XDG_RUNTIME_DIR': '/run/user/1001', 'DISPLAY': ':0', 'LANG': 'en_US.UTF-8', 'XDG_CURRENT_DESKTOP': 'ubuntu:GNOME', 'LC_TELEPHONE': 'vi_VN', 'RMW_IMPLEMENTATION': 'rmw_fastrtps_cpp', 'XMODIFIERS': '@im=ibus', 'XDG_SESSION_DESKTOP': 'ubuntu', 'XAUTHORITY': '/run/user/1001/.mutter-Xwaylandauth.8T3CG3', 'LS_COLORS': 'rs=0:di=01;34:ln=01;36:mh=00:pi=40;33:so=01;35:do=01;35:bd=40;33;01:cd=40;33;01:or=40;31;01:mi=00:su=37;41:sg=30;43:ca=00:tw=30;42:ow=34;42:st=37;44:ex=01;32:*.tar=01;31:*.tgz=01;31:*.arc=01;31:*.arj=01;31:*.taz=01;31:*.lha=01;31:*.lz4=01;31:*.lzh=01;31:*.lzma=01;31:*.tlz=01;31:*.txz=01;31:*.tzo=01;31:*.t7z=01;31:*.zip=01;31:*.z=01;31:*.dz=01;31:*.gz=01;31:*.lrz=01;31:*.lz=01;31:*.lzo=01;31:*.xz=01;31:*.zst=01;31:*.tzst=01;31:*.bz2=01;31:*.bz=01;31:*.tbz=01;31:*.tbz2=01;31:*.tz=01;31:*.deb=01;31:*.rpm=01;31:*.jar=01;31:*.war=01;31:*.ear=01;31:*.sar=01;31:*.rar=01;31:*.alz=01;31:*.ace=01;31:*.zoo=01;31:*.cpio=01;31:*.7z=01;31:*.rz=01;31:*.cab=01;31:*.wim=01;31:*.swm=01;31:*.dwm=01;31:*.esd=01;31:*.avif=01;35:*.jpg=01;35:*.jpeg=01;35:*.mjpg=01;35:*.mjpeg=01;35:*.gif=01;35:*.bmp=01;35:*.pbm=01;35:*.pgm=01;35:*.ppm=01;35:*.tga=01;35:*.xbm=01;35:*.xpm=01;35:*.tif=01;35:*.tiff=01;35:*.png=01;35:*.svg=01;35:*.svgz=01;35:*.mng=01;35:*.pcx=01;35:*.mov=01;35:*.mpg=01;35:*.mpeg=01;35:*.m2v=01;35:*.mkv=01;35:*.webm=01;35:*.webp=01;35:*.ogm=01;35:*.mp4=01;35:*.m4v=01;35:*.mp4v=01;35:*.vob=01;35:*.qt=01;35:*.nuv=01;35:*.wmv=01;35:*.asf=01;35:*.rm=01;35:*.rmvb=01;35:*.flc=01;35:*.avi=01;35:*.fli=01;35:*.flv=01;35:*.gl=01;35:*.dl=01;35:*.xcf=01;35:*.xwd=01;35:*.yuv=01;35:*.cgm=01;35:*.emf=01;35:*.ogv=01;35:*.ogx=01;35:*.aac=00;36:*.au=00;36:*.flac=00;36:*.m4a=00;36:*.mid=00;36:*.midi=00;36:*.mka=00;36:*.mp3=00;36:*.mpc=00;36:*.ogg=00;36:*.ra=00;36:*.wav=00;36:*.oga=00;36:*.opus=00;36:*.spx=00;36:*.xspf=00;36:*~=00;90:*#=00;90:*.bak=00;90:*.crdownload=00;90:*.dpkg-dist=00;90:*.dpkg-new=00;90:*.dpkg-old=00;90:*.dpkg-tmp=00;90:*.old=00;90:*.orig=00;90:*.part=00;90:*.rej=00;90:*.rpmnew=00;90:*.rpmorig=00;90:*.rpmsave=00;90:*.swp=00;90:*.tmp=00;90:*.ucf-dist=00;90:*.ucf-new=00;90:*.ucf-old=00;90:', 'GNOME_TERMINAL_SERVICE': ':1.133', 'SSH_AUTH_SOCK': '/run/user/1001/keyring/ssh', 'ROS_DOMAIN_ID': '11', 'AMENT_PREFIX_PATH': '/home/mvibot/floorCleaningRobot_ws/install/tf2_web_republisher:/home/mvibot/floorCleaningRobot_ws/install/tf2_web_republisher_interfaces:/home/mvibot/floorCleaningRobot_ws/install/sllidar_ros2:/home/mvibot/floorCleaningRobot_ws/install/realsense2_description:/home/mvibot/floorCleaningRobot_ws/install/realsense2_camera:/home/mvibot/floorCleaningRobot_ws/install/realsense2_camera_msgs:/home/mvibot/floorCleaningRobot_ws/install/pointcloud_to_laserscan:/home/mvibot/floorCleaningRobot_ws/install/opennav_coverage_demo:/home/mvibot/floorCleaningRobot_ws/install/opennav_row_coverage:/home/mvibot/floorCleaningRobot_ws/install/opennav_coverage_navigator:/home/mvibot/floorCleaningRobot_ws/install/opennav_coverage_bt:/home/mvibot/floorCleaningRobot_ws/install/opennav_coverage:/home/mvibot/floorCleaningRobot_ws/install/mission_layer_mvibot:/home/mvibot/floorCleaningRobot_ws/install/opennav_coverage_msgs:/home/mvibot/floorCleaningRobot_ws/install/lower_layer_mvibot:/home/mvibot/floorCleaningRobot_ws/install/ira_laser_tools:/home/mvibot/floorCleaningRobot_ws/install/higher_layer_mvibot:/opt/ros/jazzy', 'SHELL': '/bin/bash', 'LC_NAME': 'vi_VN', 'QT_ACCESSIBILITY': '1', 'GDMSESSION': 'ubuntu', 'LESSCLOSE': '/usr/bin/lesspipe %s %s', 'LC_MEASUREMENT': 'vi_VN', 'LC_IDENTIFICATION': 'vi_VN', 'ROS_AUTOMATIC_DISCOVERY_RANGE': 'SUBNET', 'QT_IM_MODULE': 'ibus', 'PWD': '/home/mvibot/floorCleaningRobot_ws/build/mission_layer_mvibot', 'LC_ALL': 'en_US.UTF-8', 'XDG_CONFIG_DIRS': '/etc/xdg/xdg-ubuntu:/etc/xdg', 'XDG_DATA_DIRS': '/usr/share/ubuntu:/usr/share/gnome:/usr/local/share/:/usr/share/:/var/lib/snapd/desktop', 'PYTHONPATH': '/home/mvibot/floorCleaningRobot_ws/install/opennav_coverage_msgs/lib/python3.12/site-packages:/home/mvibot/floorCleaningRobot_ws/install/tf2_web_republisher_interfaces/lib/python3.12/site-packages:/home/mvibot/floorCleaningRobot_ws/install/realsense2_camera_msgs/lib/python3.12/site-packages:/home/mvibot/floorCleaningRobot_ws/build/opennav_coverage_demo:/home/mvibot/floorCleaningRobot_ws/install/opennav_coverage_demo/lib/python3.12/site-packages:/opt/ros/jazzy/lib/python3.12/site-packages', 'LC_NUMERIC': 'vi_VN', 'LC_PAPER': 'vi_VN', 'COLCON': '1', 'MEMORY_PRESSURE_WRITE': 'c29tZSAyMDAwMDAgMjAwMDAwMAA=', 'VTE_VERSION': '7600', 'CMAKE_PREFIX_PATH': '/home/mvibot/floorCleaningRobot_ws/install/opennav_coverage_msgs:/home/mvibot/floorCleaningRobot_ws/install/tf2_web_republisher:/home/mvibot/floorCleaningRobot_ws/install/tf2_web_republisher_interfaces:/home/mvibot/floorCleaningRobot_ws/install/sllidar_ros2:/home/mvibot/floorCleaningRobot_ws/install/realsense2_description:/home/mvibot/floorCleaningRobot_ws/install/realsense2_camera:/home/mvibot/floorCleaningRobot_ws/install/realsense2_camera_msgs:/home/mvibot/floorCleaningRobot_ws/install/pointcloud_to_laserscan:/home/mvibot/floorCleaningRobot_ws/install/opennav_row_coverage:/home/mvibot/floorCleaningRobot_ws/install/opennav_coverage_navigator:/home/mvibot/floorCleaningRobot_ws/install/opennav_coverage_bt:/home/mvibot/floorCleaningRobot_ws/install/opennav_coverage:/home/mvibot/floorCleaningRobot_ws/install/mission_layer_mvibot:/home/mvibot/floorCleaningRobot_ws/install/lower_layer_mvibot:/home/mvibot/floorCleaningRobot_ws/install/ira_laser_tools:/home/mvibot/floorCleaningRobot_ws/install/higher_layer_mvibot:/home/mvibot/floorCleaningRobot_ws/install/fields2cover:/opt/ros/jazzy/opt/gz_sim_vendor:/opt/ros/jazzy/opt/gz_sensors_vendor:/opt/ros/jazzy/opt/gz_physics_vendor:/opt/ros/jazzy/opt/sdformat_vendor:/opt/ros/jazzy/opt/gz_gui_vendor:/opt/ros/jazzy/opt/gz_transport_vendor:/opt/ros/jazzy/opt/gz_rendering_vendor:/opt/ros/jazzy/opt/gz_plugin_vendor:/opt/ros/jazzy/opt/gz_fuel_tools_vendor:/opt/ros/jazzy/opt/gz_msgs_vendor:/opt/ros/jazzy/opt/gz_common_vendor:/opt/ros/jazzy/opt/gz_math_vendor:/opt/ros/jazzy/opt/gz_utils_vendor:/opt/ros/jazzy/opt/gz_tools_vendor:/opt/ros/jazzy/opt/gz_ogre_next_vendor:/opt/ros/jazzy/opt/gz_dartsim_vendor:/opt/ros/jazzy/opt/gz_cmake_vendor:/home/mvibot/floorCleaningRobot_ws/install/opennav_coverage_demo:/opt/ros/jazzy'}), 'shell': False}
[0.099762] (-) TimerEvent: {}
[0.125907] (mission_layer_mvibot) StdoutLine: {'line': b'[ 50%] \x1b[32mBuilding CXX object CMakeFiles/mvibot_mission.dir/src/mvibot_mission.cpp.o\x1b[0m\n'}
[0.199845] (-) TimerEvent: {}
[0.300096] (-) TimerEvent: {}
[0.400356] (-) TimerEvent: {}
[0.500582] (-) TimerEvent: {}
[0.600832] (-) TimerEvent: {}
[0.701077] (-) TimerEvent: {}
[0.801253] (-) TimerEvent: {}
[0.901473] (-) TimerEvent: {}
[1.001691] (-) TimerEvent: {}
[1.102012] (-) TimerEvent: {}
[1.202367] (-) TimerEvent: {}
[1.302603] (-) TimerEvent: {}
[1.402834] (-) TimerEvent: {}
[1.503061] (-) TimerEvent: {}
[1.603299] (-) TimerEvent: {}
[1.703516] (-) TimerEvent: {}
[1.803720] (-) TimerEvent: {}
[1.903961] (-) TimerEvent: {}
[2.004210] (-) TimerEvent: {}
[2.104481] (-) TimerEvent: {}
[2.204679] (-) TimerEvent: {}
[2.304870] (-) TimerEvent: {}
[2.405069] (-) TimerEvent: {}
[2.505213] (-) TimerEvent: {}
[2.605412] (-) TimerEvent: {}
[2.705628] (-) TimerEvent: {}
[2.805905] (-) TimerEvent: {}
[2.906081] (-) TimerEvent: {}
[3.006354] (-) TimerEvent: {}
[3.106600] (-) TimerEvent: {}
[3.206804] (-) TimerEvent: {}
[3.307029] (-) TimerEvent: {}
[3.407316] (-) TimerEvent: {}
[3.507575] (-) TimerEvent: {}
[3.607860] (-) TimerEvent: {}
[3.708083] (-) TimerEvent: {}
[3.808308] (-) TimerEvent: {}
[3.908513] (-) TimerEvent: {}
[4.008740] (-) TimerEvent: {}
[4.108975] (-) TimerEvent: {}
[4.209341] (-) TimerEvent: {}
[4.310149] (-) TimerEvent: {}
[4.410344] (-) TimerEvent: {}
[4.510535] (-) TimerEvent: {}
[4.610741] (-) TimerEvent: {}
[4.710959] (-) TimerEvent: {}
[4.811181] (-) TimerEvent: {}
[4.911391] (-) TimerEvent: {}
[5.011625] (-) TimerEvent: {}
[5.112002] (-) TimerEvent: {}
[5.212206] (-) TimerEvent: {}
[5.312404] (-) TimerEvent: {}
[5.412625] (-) TimerEvent: {}
[5.512813] (-) TimerEvent: {}
[5.613008] (-) TimerEvent: {}
[5.713255] (-) TimerEvent: {}
[5.813462] (-) TimerEvent: {}
[5.913656] (-) TimerEvent: {}
[6.013878] (-) TimerEvent: {}
[6.114065] (-) TimerEvent: {}
[6.214267] (-) TimerEvent: {}
[6.314488] (-) TimerEvent: {}
[6.414685] (-) TimerEvent: {}
[6.514898] (-) TimerEvent: {}
[6.615141] (-) TimerEvent: {}
[6.715345] (-) TimerEvent: {}
[6.728854] (mission_layer_mvibot) StderrLine: {'line': b'In file included from \x1b[01m\x1b[K/home/mvibot/floorCleaningRobot_ws/src/mission_layer_mvibot/src/mvibot_mission.cpp:3\x1b[m\x1b[K:\n'}
[6.729057] (mission_layer_mvibot) StderrLine: {'line': b'\x1b[01m\x1b[K/home/mvibot/floorCleaningRobot_ws/src/mission_layer_mvibot/src/../include/mission_layer_mvibot/mvibot_mission/manage_mission.h:\x1b[m\x1b[K In lambda function:\n'}
[6.729158] (mission_layer_mvibot) StderrLine: {'line': b'\x1b[01m\x1b[K/home/mvibot/floorCleaningRobot_ws/src/mission_layer_mvibot/src/../include/mission_layer_mvibot/mvibot_mission/manage_mission.h:356:30:\x1b[m\x1b[K \x1b[01;35m\x1b[Kwarning: \x1b[m\x1b[Kcomparison of integer expressions of different signedness: \xe2\x80\x98\x1b[01m\x1b[Kint\x1b[m\x1b[K\xe2\x80\x99 and \xe2\x80\x98\x1b[01m\x1b[Kstd::vector<std::__cxx11::basic_string<char>, std::allocator<std::__cxx11::basic_string<char> > >::size_type\x1b[m\x1b[K\xe2\x80\x99 {aka \xe2\x80\x98\x1b[01m\x1b[Klong unsigned int\x1b[m\x1b[K\xe2\x80\x99} [\x1b[01;35m\x1b[K\x1b]8;;https://gcc.gnu.org/onlinedocs/gcc/Warning-Options.html#index-Wsign-compare\x07-Wsign-compare\x1b]8;;\x07\x1b[m\x1b[K]\n'}
[6.729262] (mission_layer_mvibot) StderrLine: {'line': b'  356 |                 for(int i=0;\x1b[01;35m\x1b[Ki<data.data1.size()\x1b[m\x1b[K;i++){\n'}
[6.729329] (mission_layer_mvibot) StderrLine: {'line': b'      |                             \x1b[01;35m\x1b[K~^~~~~~~~~~~~~~~~~~\x1b[m\x1b[K\n'}
[6.730138] (mission_layer_mvibot) StderrLine: {'line': b'\x1b[01m\x1b[K/home/mvibot/floorCleaningRobot_ws/src/mission_layer_mvibot/src/../include/mission_layer_mvibot/mvibot_mission/manage_mission.h:352:28:\x1b[m\x1b[K \x1b[01;35m\x1b[Kwarning: \x1b[m\x1b[Kvariable \xe2\x80\x98\x1b[01m\x1b[Kis_ready\x1b[m\x1b[K\xe2\x80\x99 set but not used [\x1b[01;35m\x1b[K\x1b]8;;https://gcc.gnu.org/onlinedocs/gcc/Warning-Options.html#index-Wunused-but-set-variable\x07-Wunused-but-set-variable\x1b]8;;\x07\x1b[m\x1b[K]\n'}
[6.730241] (mission_layer_mvibot) StderrLine: {'line': b'  352 |                 static int \x1b[01;35m\x1b[Kis_ready\x1b[m\x1b[K;\n'}
[6.730319] (mission_layer_mvibot) StderrLine: {'line': b'      |                            \x1b[01;35m\x1b[K^~~~~~~~\x1b[m\x1b[K\n'}
[6.730384] (mission_layer_mvibot) StderrLine: {'line': b'\x1b[01m\x1b[K/home/mvibot/floorCleaningRobot_ws/src/mission_layer_mvibot/src/../include/mission_layer_mvibot/mvibot_mission/manage_mission.h:353:36:\x1b[m\x1b[K \x1b[01;35m\x1b[Kwarning: \x1b[m\x1b[Kunused variable \xe2\x80\x98\x1b[01m\x1b[Klive_f\x1b[m\x1b[K\xe2\x80\x99 [\x1b[01;35m\x1b[K\x1b]8;;https://gcc.gnu.org/onlinedocs/gcc/Warning-Options.html#index-Wunused-variable\x07-Wunused-variable\x1b]8;;\x07\x1b[m\x1b[K]\n'}
[6.730451] (mission_layer_mvibot) StderrLine: {'line': b'  353 |                 static int live=-1,\x1b[01;35m\x1b[Klive_f\x1b[m\x1b[K=-1,brake=-1,brake_f=-1,enable=-1,enable_f=-1,error=-1,error_f=-1;\n'}
[6.730518] (mission_layer_mvibot) StderrLine: {'line': b'      |                                    \x1b[01;35m\x1b[K^~~~~~\x1b[m\x1b[K\n'}
[6.730582] (mission_layer_mvibot) StderrLine: {'line': b'\x1b[01m\x1b[K/home/mvibot/floorCleaningRobot_ws/src/mission_layer_mvibot/src/../include/mission_layer_mvibot/mvibot_mission/manage_mission.h:353:55:\x1b[m\x1b[K \x1b[01;35m\x1b[Kwarning: \x1b[m\x1b[Kunused variable \xe2\x80\x98\x1b[01m\x1b[Kbrake_f\x1b[m\x1b[K\xe2\x80\x99 [\x1b[01;35m\x1b[K\x1b]8;;https://gcc.gnu.org/onlinedocs/gcc/Warning-Options.html#index-Wunused-variable\x07-Wunused-variable\x1b]8;;\x07\x1b[m\x1b[K]\n'}
[6.730647] (mission_layer_mvibot) StderrLine: {'line': b'  353 |                 static int live=-1,live_f=-1,brake=-1,\x1b[01;35m\x1b[Kbrake_f\x1b[m\x1b[K=-1,enable=-1,enable_f=-1,error=-1,error_f=-1;\n'}
[6.730710] (mission_layer_mvibot) StderrLine: {'line': b'      |                                                       \x1b[01;35m\x1b[K^~~~~~~\x1b[m\x1b[K\n'}
[6.730772] (mission_layer_mvibot) StderrLine: {'line': b'\x1b[01m\x1b[K/home/mvibot/floorCleaningRobot_ws/src/mission_layer_mvibot/src/../include/mission_layer_mvibot/mvibot_mission/manage_mission.h:353:76:\x1b[m\x1b[K \x1b[01;35m\x1b[Kwarning: \x1b[m\x1b[Kunused variable \xe2\x80\x98\x1b[01m\x1b[Kenable_f\x1b[m\x1b[K\xe2\x80\x99 [\x1b[01;35m\x1b[K\x1b]8;;https://gcc.gnu.org/onlinedocs/gcc/Warning-Options.html#index-Wunused-variable\x07-Wunused-variable\x1b]8;;\x07\x1b[m\x1b[K]\n'}
[6.730857] (mission_layer_mvibot) StderrLine: {'line': b'  353 |                 static int live=-1,live_f=-1,brake=-1,brake_f=-1,enable=-1,\x1b[01;35m\x1b[Kenable_f\x1b[m\x1b[K=-1,error=-1,error_f=-1;\n'}
[6.730948] (mission_layer_mvibot) StderrLine: {'line': b'      |                                                                            \x1b[01;35m\x1b[K^~~~~~~~\x1b[m\x1b[K\n'}
[6.731046] (mission_layer_mvibot) StderrLine: {'line': b'\x1b[01m\x1b[K/home/mvibot/floorCleaningRobot_ws/src/mission_layer_mvibot/src/../include/mission_layer_mvibot/mvibot_mission/manage_mission.h:353:88:\x1b[m\x1b[K \x1b[01;35m\x1b[Kwarning: \x1b[m\x1b[Kvariable \xe2\x80\x98\x1b[01m\x1b[Kerror\x1b[m\x1b[K\xe2\x80\x99 set but not used [\x1b[01;35m\x1b[K\x1b]8;;https://gcc.gnu.org/onlinedocs/gcc/Warning-Options.html#index-Wunused-but-set-variable\x07-Wunused-but-set-variable\x1b]8;;\x07\x1b[m\x1b[K]\n'}
[6.731170] (mission_layer_mvibot) StderrLine: {'line': b'  353 |                 static int live=-1,live_f=-1,brake=-1,brake_f=-1,enable=-1,enable_f=-1,\x1b[01;35m\x1b[Kerror\x1b[m\x1b[K=-1,error_f=-1;\n'}
[6.731270] (mission_layer_mvibot) StderrLine: {'line': b'      |                                                                                        \x1b[01;35m\x1b[K^~~~~\x1b[m\x1b[K\n'}
[6.731346] (mission_layer_mvibot) StderrLine: {'line': b'\x1b[01m\x1b[K/home/mvibot/floorCleaningRobot_ws/src/mission_layer_mvibot/src/../include/mission_layer_mvibot/mvibot_mission/manage_mission.h:353:97:\x1b[m\x1b[K \x1b[01;35m\x1b[Kwarning: \x1b[m\x1b[Kunused variable \xe2\x80\x98\x1b[01m\x1b[Kerror_f\x1b[m\x1b[K\xe2\x80\x99 [\x1b[01;35m\x1b[K\x1b]8;;https://gcc.gnu.org/onlinedocs/gcc/Warning-Options.html#index-Wunused-variable\x07-Wunused-variable\x1b]8;;\x07\x1b[m\x1b[K]\n'}
[6.731439] (mission_layer_mvibot) StderrLine: {'line': b'  353 |                 static int live=-1,live_f=-1,brake=-1,brake_f=-1,enable=-1,enable_f=-1,error=-1,\x1b[01;35m\x1b[Kerror_f\x1b[m\x1b[K=-1;\n'}
[6.731508] (mission_layer_mvibot) StderrLine: {'line': b'      |                                                                                                 \x1b[01;35m\x1b[K^~~~~~~\x1b[m\x1b[K\n'}
[6.731573] (mission_layer_mvibot) StderrLine: {'line': b'\x1b[01m\x1b[K/home/mvibot/floorCleaningRobot_ws/src/mission_layer_mvibot/src/../include/mission_layer_mvibot/mvibot_mission/manage_mission.h:\x1b[m\x1b[K In lambda function:\n'}
[6.731635] (mission_layer_mvibot) StderrLine: {'line': b'\x1b[01m\x1b[K/home/mvibot/floorCleaningRobot_ws/src/mission_layer_mvibot/src/../include/mission_layer_mvibot/mvibot_mission/manage_mission.h:386:30:\x1b[m\x1b[K \x1b[01;35m\x1b[Kwarning: \x1b[m\x1b[Kcomparison of integer expressions of different signedness: \xe2\x80\x98\x1b[01m\x1b[Kint\x1b[m\x1b[K\xe2\x80\x99 and \xe2\x80\x98\x1b[01m\x1b[Kstd::vector<std::__cxx11::basic_string<char>, std::allocator<std::__cxx11::basic_string<char> > >::size_type\x1b[m\x1b[K\xe2\x80\x99 {aka \xe2\x80\x98\x1b[01m\x1b[Klong unsigned int\x1b[m\x1b[K\xe2\x80\x99} [\x1b[01;35m\x1b[K\x1b]8;;https://gcc.gnu.org/onlinedocs/gcc/Warning-Options.html#index-Wsign-compare\x07-Wsign-compare\x1b]8;;\x07\x1b[m\x1b[K]\n'}
[6.731702] (mission_layer_mvibot) StderrLine: {'line': b'  386 |                 for(int i=0;\x1b[01;35m\x1b[Ki<data.data1.size()\x1b[m\x1b[K;i++){\n'}
[6.731763] (mission_layer_mvibot) StderrLine: {'line': b'      |                             \x1b[01;35m\x1b[K~^~~~~~~~~~~~~~~~~~\x1b[m\x1b[K\n'}
[6.731974] (mission_layer_mvibot) StderrLine: {'line': b'\x1b[01m\x1b[K/home/mvibot/floorCleaningRobot_ws/src/mission_layer_mvibot/src/../include/mission_layer_mvibot/mvibot_mission/manage_mission.h:382:36:\x1b[m\x1b[K \x1b[01;35m\x1b[Kwarning: \x1b[m\x1b[Kunused variable \xe2\x80\x98\x1b[01m\x1b[Klive_f\x1b[m\x1b[K\xe2\x80\x99 [\x1b[01;35m\x1b[K\x1b]8;;https://gcc.gnu.org/onlinedocs/gcc/Warning-Options.html#index-Wunused-variable\x07-Wunused-variable\x1b]8;;\x07\x1b[m\x1b[K]\n'}
[6.732110] (mission_layer_mvibot) StderrLine: {'line': b'  382 |                 static int live=-1,\x1b[01;35m\x1b[Klive_f\x1b[m\x1b[K=-1,brake=-1,brake_f=-1,enable=-1,enable_f=-1,error=-1,error_f=-1;\n'}
[6.732182] (mission_layer_mvibot) StderrLine: {'line': b'      |                                    \x1b[01;35m\x1b[K^~~~~~\x1b[m\x1b[K\n'}
[6.732246] (mission_layer_mvibot) StderrLine: {'line': b'\x1b[01m\x1b[K/home/mvibot/floorCleaningRobot_ws/src/mission_layer_mvibot/src/../include/mission_layer_mvibot/mvibot_mission/manage_mission.h:382:55:\x1b[m\x1b[K \x1b[01;35m\x1b[Kwarning: \x1b[m\x1b[Kunused variable \xe2\x80\x98\x1b[01m\x1b[Kbrake_f\x1b[m\x1b[K\xe2\x80\x99 [\x1b[01;35m\x1b[K\x1b]8;;https://gcc.gnu.org/onlinedocs/gcc/Warning-Options.html#index-Wunused-variable\x07-Wunused-variable\x1b]8;;\x07\x1b[m\x1b[K]\n'}
[6.732311] (mission_layer_mvibot) StderrLine: {'line': b'  382 |                 static int live=-1,live_f=-1,brake=-1,\x1b[01;35m\x1b[Kbrake_f\x1b[m\x1b[K=-1,enable=-1,enable_f=-1,error=-1,error_f=-1;\n'}
[6.732372] (mission_layer_mvibot) StderrLine: {'line': b'      |                                                       \x1b[01;35m\x1b[K^~~~~~~\x1b[m\x1b[K\n'}
[6.732459] (mission_layer_mvibot) StderrLine: {'line': b'\x1b[01m\x1b[K/home/mvibot/floorCleaningRobot_ws/src/mission_layer_mvibot/src/../include/mission_layer_mvibot/mvibot_mission/manage_mission.h:382:76:\x1b[m\x1b[K \x1b[01;35m\x1b[Kwarning: \x1b[m\x1b[Kunused variable \xe2\x80\x98\x1b[01m\x1b[Kenable_f\x1b[m\x1b[K\xe2\x80\x99 [\x1b[01;35m\x1b[K\x1b]8;;https://gcc.gnu.org/onlinedocs/gcc/Warning-Options.html#index-Wunused-variable\x07-Wunused-variable\x1b]8;;\x07\x1b[m\x1b[K]\n'}
[6.732568] (mission_layer_mvibot) StderrLine: {'line': b'  382 |                 static int live=-1,live_f=-1,brake=-1,brake_f=-1,enable=-1,\x1b[01;35m\x1b[Kenable_f\x1b[m\x1b[K=-1,error=-1,error_f=-1;\n'}
[6.732670] (mission_layer_mvibot) StderrLine: {'line': b'      |                                                                            \x1b[01;35m\x1b[K^~~~~~~~\x1b[m\x1b[K\n'}
[6.732777] (mission_layer_mvibot) StderrLine: {'line': b'\x1b[01m\x1b[K/home/mvibot/floorCleaningRobot_ws/src/mission_layer_mvibot/src/../include/mission_layer_mvibot/mvibot_mission/manage_mission.h:382:88:\x1b[m\x1b[K \x1b[01;35m\x1b[Kwarning: \x1b[m\x1b[Kvariable \xe2\x80\x98\x1b[01m\x1b[Kerror\x1b[m\x1b[K\xe2\x80\x99 set but not used [\x1b[01;35m\x1b[K\x1b]8;;https://gcc.gnu.org/onlinedocs/gcc/Warning-Options.html#index-Wunused-but-set-variable\x07-Wunused-but-set-variable\x1b]8;;\x07\x1b[m\x1b[K]\n'}
[6.732905] (mission_layer_mvibot) StderrLine: {'line': b'  382 |                 static int live=-1,live_f=-1,brake=-1,brake_f=-1,enable=-1,enable_f=-1,\x1b[01;35m\x1b[Kerror\x1b[m\x1b[K=-1,error_f=-1;\n'}
[6.732970] (mission_layer_mvibot) StderrLine: {'line': b'      |                                                                                        \x1b[01;35m\x1b[K^~~~~\x1b[m\x1b[K\n'}
[6.733044] (mission_layer_mvibot) StderrLine: {'line': b'\x1b[01m\x1b[K/home/mvibot/floorCleaningRobot_ws/src/mission_layer_mvibot/src/../include/mission_layer_mvibot/mvibot_mission/manage_mission.h:382:97:\x1b[m\x1b[K \x1b[01;35m\x1b[Kwarning: \x1b[m\x1b[Kunused variable \xe2\x80\x98\x1b[01m\x1b[Kerror_f\x1b[m\x1b[K\xe2\x80\x99 [\x1b[01;35m\x1b[K\x1b]8;;https://gcc.gnu.org/onlinedocs/gcc/Warning-Options.html#index-Wunused-variable\x07-Wunused-variable\x1b]8;;\x07\x1b[m\x1b[K]\n'}
[6.733127] (mission_layer_mvibot) StderrLine: {'line': b'  382 |                 static int live=-1,live_f=-1,brake=-1,brake_f=-1,enable=-1,enable_f=-1,error=-1,\x1b[01;35m\x1b[Kerror_f\x1b[m\x1b[K=-1;\n'}
[6.733195] (mission_layer_mvibot) StderrLine: {'line': b'      |                                                                                                 \x1b[01;35m\x1b[K^~~~~~~\x1b[m\x1b[K\n'}
[6.733261] (mission_layer_mvibot) StderrLine: {'line': b'\x1b[01m\x1b[K/home/mvibot/floorCleaningRobot_ws/src/mission_layer_mvibot/src/../include/mission_layer_mvibot/mvibot_mission/manage_mission.h:383:28:\x1b[m\x1b[K \x1b[01;35m\x1b[Kwarning: \x1b[m\x1b[Kvariable \xe2\x80\x98\x1b[01m\x1b[Kis_ready\x1b[m\x1b[K\xe2\x80\x99 set but not used [\x1b[01;35m\x1b[K\x1b]8;;https://gcc.gnu.org/onlinedocs/gcc/Warning-Options.html#index-Wunused-but-set-variable\x07-Wunused-but-set-variable\x1b]8;;\x07\x1b[m\x1b[K]\n'}
[6.733326] (mission_layer_mvibot) StderrLine: {'line': b'  383 |                 static int \x1b[01;35m\x1b[Kis_ready\x1b[m\x1b[K;\n'}
[6.733388] (mission_layer_mvibot) StderrLine: {'line': b'      |                            \x1b[01;35m\x1b[K^~~~~~~~\x1b[m\x1b[K\n'}
[6.733448] (mission_layer_mvibot) StderrLine: {'line': b'\x1b[01m\x1b[K/home/mvibot/floorCleaningRobot_ws/src/mission_layer_mvibot/src/../include/mission_layer_mvibot/mvibot_mission/manage_mission.h:\x1b[m\x1b[K In lambda function:\n'}
[6.733509] (mission_layer_mvibot) StderrLine: {'line': b'\x1b[01m\x1b[K/home/mvibot/floorCleaningRobot_ws/src/mission_layer_mvibot/src/../include/mission_layer_mvibot/mvibot_mission/manage_mission.h:415:34:\x1b[m\x1b[K \x1b[01;35m\x1b[Kwarning: \x1b[m\x1b[Kcomparison of integer expressions of different signedness: \xe2\x80\x98\x1b[01m\x1b[Kint\x1b[m\x1b[K\xe2\x80\x99 and \xe2\x80\x98\x1b[01m\x1b[Kstd::vector<std::__cxx11::basic_string<char>, std::allocator<std::__cxx11::basic_string<char> > >::size_type\x1b[m\x1b[K\xe2\x80\x99 {aka \xe2\x80\x98\x1b[01m\x1b[Klong unsigned int\x1b[m\x1b[K\xe2\x80\x99} [\x1b[01;35m\x1b[K\x1b]8;;https://gcc.gnu.org/onlinedocs/gcc/Warning-Options.html#index-Wsign-compare\x07-Wsign-compare\x1b]8;;\x07\x1b[m\x1b[K]\n'}
[6.733579] (mission_layer_mvibot) StderrLine: {'line': b'  415 |                     for(int i=1;\x1b[01;35m\x1b[Ki<data.data1.size()\x1b[m\x1b[K;i++){\n'}
[6.733640] (mission_layer_mvibot) StderrLine: {'line': b'      |                                 \x1b[01;35m\x1b[K~^~~~~~~~~~~~~~~~~~\x1b[m\x1b[K\n'}
[6.815392] (-) TimerEvent: {}
[6.915671] (-) TimerEvent: {}
[7.007729] (mission_layer_mvibot) StderrLine: {'line': b'\x1b[01m\x1b[K/home/mvibot/floorCleaningRobot_ws/src/mission_layer_mvibot/src/../include/mission_layer_mvibot/mvibot_mission/manage_mission.h:\x1b[m\x1b[K In member function \xe2\x80\x98\x1b[01m\x1b[Kint manage_mission::\x1b[01;32m\x1b[Kexecute_content\x1b[m\x1b[K(mission&, std::vector<std::__cxx11::basic_string<char>, std::allocator<std::__cxx11::basic_string<char> > >&, std::string&, std::string&, int&)\x1b[m\x1b[K\xe2\x80\x99:\n'}
[7.007978] (mission_layer_mvibot) StderrLine: {'line': b'\x1b[01m\x1b[K/home/mvibot/floorCleaningRobot_ws/src/mission_layer_mvibot/src/../include/mission_layer_mvibot/mvibot_mission/manage_mission.h:1072:14:\x1b[m\x1b[K \x1b[01;35m\x1b[Kwarning: \x1b[m\x1b[Kcomparison of integer expressions of different signedness: \xe2\x80\x98\x1b[01m\x1b[Kint\x1b[m\x1b[K\xe2\x80\x99 and \xe2\x80\x98\x1b[01m\x1b[Kstd::vector<std::__cxx11::basic_string<char>, std::allocator<std::__cxx11::basic_string<char> > >::size_type\x1b[m\x1b[K\xe2\x80\x99 {aka \xe2\x80\x98\x1b[01m\x1b[Klong unsigned int\x1b[m\x1b[K\xe2\x80\x99} [\x1b[01;35m\x1b[K\x1b]8;;https://gcc.gnu.org/onlinedocs/gcc/Warning-Options.html#index-Wsign-compare\x07-Wsign-compare\x1b]8;;\x07\x1b[m\x1b[K]\n'}
[7.008139] (mission_layer_mvibot) StderrLine: {'line': b' 1072 |         if(\x1b[01;35m\x1b[Ki == and_contents_list.size()\x1b[m\x1b[K){\n'}
[7.008271] (mission_layer_mvibot) StderrLine: {'line': b'      |            \x1b[01;35m\x1b[K~~^~~~~~~~~~~~~~~~~~~~~~~~~~~\x1b[m\x1b[K\n'}
[7.008898] (mission_layer_mvibot) StderrLine: {'line': b'\x1b[01m\x1b[K/home/mvibot/floorCleaningRobot_ws/src/mission_layer_mvibot/src/../include/mission_layer_mvibot/mvibot_mission/manage_mission.h:1097:14:\x1b[m\x1b[K \x1b[01;35m\x1b[Kwarning: \x1b[m\x1b[Kcomparison of integer expressions of different signedness: \xe2\x80\x98\x1b[01m\x1b[Kint\x1b[m\x1b[K\xe2\x80\x99 and \xe2\x80\x98\x1b[01m\x1b[Kstd::vector<std::__cxx11::basic_string<char>, std::allocator<std::__cxx11::basic_string<char> > >::size_type\x1b[m\x1b[K\xe2\x80\x99 {aka \xe2\x80\x98\x1b[01m\x1b[Klong unsigned int\x1b[m\x1b[K\xe2\x80\x99} [\x1b[01;35m\x1b[K\x1b]8;;https://gcc.gnu.org/onlinedocs/gcc/Warning-Options.html#index-Wsign-compare\x07-Wsign-compare\x1b]8;;\x07\x1b[m\x1b[K]\n'}
[7.009076] (mission_layer_mvibot) StderrLine: {'line': b' 1097 |         if(\x1b[01;35m\x1b[Ki == or_contents_list.size()\x1b[m\x1b[K){\n'}
[7.009214] (mission_layer_mvibot) StderrLine: {'line': b'      |            \x1b[01;35m\x1b[K~~^~~~~~~~~~~~~~~~~~~~~~~~~~\x1b[m\x1b[K\n'}
[7.015773] (-) TimerEvent: {}
[7.116048] (-) TimerEvent: {}
[7.216317] (-) TimerEvent: {}
[7.316530] (-) TimerEvent: {}
[7.416801] (-) TimerEvent: {}
[7.517154] (-) TimerEvent: {}
[7.617367] (-) TimerEvent: {}
[7.717570] (-) TimerEvent: {}
[7.817794] (-) TimerEvent: {}
[7.918076] (-) TimerEvent: {}
[8.018332] (-) TimerEvent: {}
[8.118572] (-) TimerEvent: {}
[8.218810] (-) TimerEvent: {}
[8.319076] (-) TimerEvent: {}
[8.419301] (-) TimerEvent: {}
[8.519590] (-) TimerEvent: {}
[8.619906] (-) TimerEvent: {}
[8.720270] (-) TimerEvent: {}
[8.820508] (-) TimerEvent: {}
[8.920780] (-) TimerEvent: {}
[9.020936] (-) TimerEvent: {}
[9.121144] (-) TimerEvent: {}
[9.221343] (-) TimerEvent: {}
[9.321502] (-) TimerEvent: {}
[9.421703] (-) TimerEvent: {}
[9.521949] (-) TimerEvent: {}
[9.548729] (mission_layer_mvibot) StderrLine: {'line': b'In file included from \x1b[01m\x1b[K/home/mvibot/floorCleaningRobot_ws/src/mission_layer_mvibot/src/mvibot_mission.cpp:4\x1b[m\x1b[K:\n'}
[9.548910] (mission_layer_mvibot) StderrLine: {'line': b'\x1b[01m\x1b[K/home/mvibot/floorCleaningRobot_ws/src/mission_layer_mvibot/src/../include/mission_layer_mvibot/mvibot_mission/navigation_function.h:\x1b[m\x1b[K In member function \xe2\x80\x98\x1b[01m\x1b[Kdouble* navigation_function::\x1b[01;32m\x1b[Kget_position_tf\x1b[m\x1b[K(std::string, std::string)\x1b[m\x1b[K\xe2\x80\x99:\n'}
[9.549005] (mission_layer_mvibot) StderrLine: {'line': b'\x1b[01m\x1b[K/home/mvibot/floorCleaningRobot_ws/src/mission_layer_mvibot/src/../include/mission_layer_mvibot/mvibot_mission/navigation_function.h:260:23:\x1b[m\x1b[K \x1b[01;35m\x1b[Kwarning: \x1b[m\x1b[Kvariable \xe2\x80\x98\x1b[01m\x1b[Kz\x1b[m\x1b[K\xe2\x80\x99 set but not used [\x1b[01;35m\x1b[K\x1b]8;;https://gcc.gnu.org/onlinedocs/gcc/Warning-Options.html#index-Wunused-but-set-variable\x07-Wunused-but-set-variable\x1b]8;;\x07\x1b[m\x1b[K]\n'}
[9.549099] (mission_layer_mvibot) StderrLine: {'line': b'  260 |     static double x,y,\x1b[01;35m\x1b[Kz\x1b[m\x1b[K,thz,thw;\n'}
[9.549180] (mission_layer_mvibot) StderrLine: {'line': b'      |                       \x1b[01;35m\x1b[K^\x1b[m\x1b[K\n'}
[9.588301] (mission_layer_mvibot) StderrLine: {'line': b'\x1b[01m\x1b[K/home/mvibot/floorCleaningRobot_ws/src/mission_layer_mvibot/src/../include/mission_layer_mvibot/mvibot_mission/navigation_function.h:\x1b[m\x1b[K In member function \xe2\x80\x98\x1b[01m\x1b[Kvoid navigation_function::\x1b[01;32m\x1b[Kupdate_polygon\x1b[m\x1b[K()\x1b[m\x1b[K\xe2\x80\x99:\n'}
[9.588482] (mission_layer_mvibot) StderrLine: {'line': b'\x1b[01m\x1b[K/home/mvibot/floorCleaningRobot_ws/src/mission_layer_mvibot/src/../include/mission_layer_mvibot/mvibot_mission/navigation_function.h:463:19:\x1b[m\x1b[K \x1b[01;35m\x1b[Kwarning: \x1b[m\x1b[Kcomparison of integer expressions of different signedness: \xe2\x80\x98\x1b[01m\x1b[Kint\x1b[m\x1b[K\xe2\x80\x99 and \xe2\x80\x98\x1b[01m\x1b[Kstd::vector<geometry_msgs::msg::Point32_<std::allocator<void> >, std::allocator<geometry_msgs::msg::Point32_<std::allocator<void> > > >::size_type\x1b[m\x1b[K\xe2\x80\x99 {aka \xe2\x80\x98\x1b[01m\x1b[Klong unsigned int\x1b[m\x1b[K\xe2\x80\x99} [\x1b[01;35m\x1b[K\x1b]8;;https://gcc.gnu.org/onlinedocs/gcc/Warning-Options.html#index-Wsign-compare\x07-Wsign-compare\x1b]8;;\x07\x1b[m\x1b[K]\n'}
[9.588569] (mission_layer_mvibot) StderrLine: {'line': b'  463 |     for(int i=0; \x1b[01;35m\x1b[Ki<polygons[0].points.size()\x1b[m\x1b[K;i++){\n'}
[9.588641] (mission_layer_mvibot) StderrLine: {'line': b'      |                  \x1b[01;35m\x1b[K~^~~~~~~~~~~~~~~~~~~~~~~~~~\x1b[m\x1b[K\n'}
[9.622021] (-) TimerEvent: {}
[9.694981] (mission_layer_mvibot) StderrLine: {'line': b'\x1b[01m\x1b[K/home/mvibot/floorCleaningRobot_ws/src/mission_layer_mvibot/src/../include/mission_layer_mvibot/mvibot_mission/navigation_function.h:\x1b[m\x1b[K In member function \xe2\x80\x98\x1b[01m\x1b[Kint navigation_function::\x1b[01;32m\x1b[Kaction\x1b[m\x1b[K()\x1b[m\x1b[K\xe2\x80\x99:\n'}
[9.695152] (mission_layer_mvibot) StderrLine: {'line': b'\x1b[01m\x1b[K/home/mvibot/floorCleaningRobot_ws/src/mission_layer_mvibot/src/../include/mission_layer_mvibot/mvibot_mission/navigation_function.h:978:26:\x1b[m\x1b[K \x1b[01;35m\x1b[Kwarning: \x1b[m\x1b[Kstatement has no effect [\x1b[01;35m\x1b[K\x1b]8;;https://gcc.gnu.org/onlinedocs/gcc/Warning-Options.html#index-Wunused-value\x07-Wunused-value\x1b]8;;\x07\x1b[m\x1b[K]\n'}
[9.695230] (mission_layer_mvibot) StderrLine: {'line': b'  978 |                     \x1b[01;35m\x1b[Kstep == 0\x1b[m\x1b[K;\n'}
[9.695296] (mission_layer_mvibot) StderrLine: {'line': b'      |                     \x1b[01;35m\x1b[K~~~~~^~~~\x1b[m\x1b[K\n'}
[9.722067] (-) TimerEvent: {}
[9.789536] (mission_layer_mvibot) StderrLine: {'line': b'In file included from \x1b[01m\x1b[K/home/mvibot/floorCleaningRobot_ws/src/mission_layer_mvibot/src/mvibot_mission.cpp:7\x1b[m\x1b[K:\n'}
[9.789742] (mission_layer_mvibot) StderrLine: {'line': b'\x1b[01m\x1b[K/home/mvibot/floorCleaningRobot_ws/src/mission_layer_mvibot/src/../include/mission_layer_mvibot/mvibot_mission/marker_function.h:\x1b[m\x1b[K In member function \xe2\x80\x98\x1b[01m\x1b[Kvoid marker::\x1b[01;32m\x1b[Kmarker_scale\x1b[m\x1b[K(visualization_msgs::msg::MarkerArray&, int, float, float, float)\x1b[m\x1b[K\xe2\x80\x99:\n'}
[9.789815] (mission_layer_mvibot) StderrLine: {'line': b'\x1b[01m\x1b[K/home/mvibot/floorCleaningRobot_ws/src/mission_layer_mvibot/src/../include/mission_layer_mvibot/mvibot_mission/marker_function.h:650:11:\x1b[m\x1b[K \x1b[01;35m\x1b[Kwarning: \x1b[m\x1b[Ksuggest parentheses around comparison in operand of \xe2\x80\x98\x1b[01m\x1b[K&\x1b[m\x1b[K\xe2\x80\x99 [\x1b[01;35m\x1b[K\x1b]8;;https://gcc.gnu.org/onlinedocs/gcc/Warning-Options.html#index-Wparentheses\x07-Wparentheses\x1b]8;;\x07\x1b[m\x1b[K]\n'}
[9.789928] (mission_layer_mvibot) StderrLine: {'line': b'  650 |     if(\x1b[01;35m\x1b[Knum<size\x1b[m\x1b[K & num >=0){\n'}
[9.789991] (mission_layer_mvibot) StderrLine: {'line': b'      |        \x1b[01;35m\x1b[K~~~^~~~~\x1b[m\x1b[K\n'}
[9.790098] (mission_layer_mvibot) StderrLine: {'line': b'\x1b[01m\x1b[K/home/mvibot/floorCleaningRobot_ws/src/mission_layer_mvibot/src/../include/mission_layer_mvibot/mvibot_mission/marker_function.h:\x1b[m\x1b[K In member function \xe2\x80\x98\x1b[01m\x1b[Kvoid marker::\x1b[01;32m\x1b[Kmarker_position\x1b[m\x1b[K(visualization_msgs::msg::MarkerArray&, int, float, float, float)\x1b[m\x1b[K\xe2\x80\x99:\n'}
[9.790163] (mission_layer_mvibot) StderrLine: {'line': b'\x1b[01m\x1b[K/home/mvibot/floorCleaningRobot_ws/src/mission_layer_mvibot/src/../include/mission_layer_mvibot/mvibot_mission/marker_function.h:659:11:\x1b[m\x1b[K \x1b[01;35m\x1b[Kwarning: \x1b[m\x1b[Ksuggest parentheses around comparison in operand of \xe2\x80\x98\x1b[01m\x1b[K&\x1b[m\x1b[K\xe2\x80\x99 [\x1b[01;35m\x1b[K\x1b]8;;https://gcc.gnu.org/onlinedocs/gcc/Warning-Options.html#index-Wparentheses\x07-Wparentheses\x1b]8;;\x07\x1b[m\x1b[K]\n'}
[9.790228] (mission_layer_mvibot) StderrLine: {'line': b'  659 |     if(\x1b[01;35m\x1b[Knum<size\x1b[m\x1b[K & num >=0){\n'}
[9.790298] (mission_layer_mvibot) StderrLine: {'line': b'      |        \x1b[01;35m\x1b[K~~~^~~~~\x1b[m\x1b[K\n'}
[9.790398] (mission_layer_mvibot) StderrLine: {'line': b'\x1b[01m\x1b[K/home/mvibot/floorCleaningRobot_ws/src/mission_layer_mvibot/src/../include/mission_layer_mvibot/mvibot_mission/marker_function.h:\x1b[m\x1b[K In member function \xe2\x80\x98\x1b[01m\x1b[Kvoid marker::\x1b[01;32m\x1b[Kmarker_orientation\x1b[m\x1b[K(visualization_msgs::msg::MarkerArray&, int, float, float, float, float)\x1b[m\x1b[K\xe2\x80\x99:\n'}
[9.790567] (mission_layer_mvibot) StderrLine: {'line': b'\x1b[01m\x1b[K/home/mvibot/floorCleaningRobot_ws/src/mission_layer_mvibot/src/../include/mission_layer_mvibot/mvibot_mission/marker_function.h:668:11:\x1b[m\x1b[K \x1b[01;35m\x1b[Kwarning: \x1b[m\x1b[Ksuggest parentheses around comparison in operand of \xe2\x80\x98\x1b[01m\x1b[K&\x1b[m\x1b[K\xe2\x80\x99 [\x1b[01;35m\x1b[K\x1b]8;;https://gcc.gnu.org/onlinedocs/gcc/Warning-Options.html#index-Wparentheses\x07-Wparentheses\x1b]8;;\x07\x1b[m\x1b[K]\n'}
[9.790714] (mission_layer_mvibot) StderrLine: {'line': b'  668 |     if(\x1b[01;35m\x1b[Knum<size\x1b[m\x1b[K & num >=0){\n'}
[9.790824] (mission_layer_mvibot) StderrLine: {'line': b'      |        \x1b[01;35m\x1b[K~~~^~~~~\x1b[m\x1b[K\n'}
[9.790981] (mission_layer_mvibot) StderrLine: {'line': b'\x1b[01m\x1b[K/home/mvibot/floorCleaningRobot_ws/src/mission_layer_mvibot/src/../include/mission_layer_mvibot/mvibot_mission/marker_function.h:\x1b[m\x1b[K In member function \xe2\x80\x98\x1b[01m\x1b[Kvoid marker::\x1b[01;32m\x1b[Kmarker_color\x1b[m\x1b[K(visualization_msgs::msg::MarkerArray&, int, float, float, float)\x1b[m\x1b[K\xe2\x80\x99:\n'}
[9.791148] (mission_layer_mvibot) StderrLine: {'line': b'\x1b[01m\x1b[K/home/mvibot/floorCleaningRobot_ws/src/mission_layer_mvibot/src/../include/mission_layer_mvibot/mvibot_mission/marker_function.h:678:11:\x1b[m\x1b[K \x1b[01;35m\x1b[Kwarning: \x1b[m\x1b[Ksuggest parentheses around comparison in operand of \xe2\x80\x98\x1b[01m\x1b[K&\x1b[m\x1b[K\xe2\x80\x99 [\x1b[01;35m\x1b[K\x1b]8;;https://gcc.gnu.org/onlinedocs/gcc/Warning-Options.html#index-Wparentheses\x07-Wparentheses\x1b]8;;\x07\x1b[m\x1b[K]\n'}
[9.791267] (mission_layer_mvibot) StderrLine: {'line': b'  678 |     if(\x1b[01;35m\x1b[Knum<size\x1b[m\x1b[K & num >=0){\n'}
[9.791365] (mission_layer_mvibot) StderrLine: {'line': b'      |        \x1b[01;35m\x1b[K~~~^~~~~\x1b[m\x1b[K\n'}
[9.791434] (mission_layer_mvibot) StderrLine: {'line': b'\x1b[01m\x1b[K/home/mvibot/floorCleaningRobot_ws/src/mission_layer_mvibot/src/../include/mission_layer_mvibot/mvibot_mission/marker_function.h:\x1b[m\x1b[K In member function \xe2\x80\x98\x1b[01m\x1b[Kvoid marker::\x1b[01;32m\x1b[Kpub_marker\x1b[m\x1b[K()\x1b[m\x1b[K\xe2\x80\x99:\n'}
[9.791559] (mission_layer_mvibot) StderrLine: {'line': b'\x1b[01m\x1b[K/home/mvibot/floorCleaningRobot_ws/src/mission_layer_mvibot/src/../include/mission_layer_mvibot/mvibot_mission/marker_function.h:689:19:\x1b[m\x1b[K \x1b[01;35m\x1b[Kwarning: \x1b[m\x1b[Kcomparison of integer expressions of different signedness: \xe2\x80\x98\x1b[01m\x1b[Kint\x1b[m\x1b[K\xe2\x80\x99 and \xe2\x80\x98\x1b[01m\x1b[Kstd::vector<visualization_msgs::msg::Marker_<std::allocator<void> >, std::allocator<visualization_msgs::msg::Marker_<std::allocator<void> > > >::size_type\x1b[m\x1b[K\xe2\x80\x99 {aka \xe2\x80\x98\x1b[01m\x1b[Klong unsigned int\x1b[m\x1b[K\xe2\x80\x99} [\x1b[01;35m\x1b[K\x1b]8;;https://gcc.gnu.org/onlinedocs/gcc/Warning-Options.html#index-Wsign-compare\x07-Wsign-compare\x1b]8;;\x07\x1b[m\x1b[K]\n'}
[9.791634] (mission_layer_mvibot) StderrLine: {'line': b'  689 |     for(int i=0; \x1b[01;35m\x1b[Ki<marker.markers.size()\x1b[m\x1b[K;i++){\n'}
[9.791717] (mission_layer_mvibot) StderrLine: {'line': b'      |                  \x1b[01;35m\x1b[K~^~~~~~~~~~~~~~~~~~~~~~\x1b[m\x1b[K\n'}
[9.791814] (mission_layer_mvibot) StderrLine: {'line': b'\x1b[01m\x1b[K/home/mvibot/floorCleaningRobot_ws/src/mission_layer_mvibot/src/../include/mission_layer_mvibot/mvibot_mission/marker_function.h:697:19:\x1b[m\x1b[K \x1b[01;35m\x1b[Kwarning: \x1b[m\x1b[Kcomparison of integer expressions of different signedness: \xe2\x80\x98\x1b[01m\x1b[Kint\x1b[m\x1b[K\xe2\x80\x99 and \xe2\x80\x98\x1b[01m\x1b[Kstd::vector<point>::size_type\x1b[m\x1b[K\xe2\x80\x99 {aka \xe2\x80\x98\x1b[01m\x1b[Klong unsigned int\x1b[m\x1b[K\xe2\x80\x99} [\x1b[01;35m\x1b[K\x1b]8;;https://gcc.gnu.org/onlinedocs/gcc/Warning-Options.html#index-Wsign-compare\x07-Wsign-compare\x1b]8;;\x07\x1b[m\x1b[K]\n'}
[9.791926] (mission_layer_mvibot) StderrLine: {'line': b'  697 |     for(int i=0; \x1b[01;35m\x1b[Ki<my_data.my_points.size()\x1b[m\x1b[K;i++){\n'}
[9.792015] (mission_layer_mvibot) StderrLine: {'line': b'      |                  \x1b[01;35m\x1b[K~^~~~~~~~~~~~~~~~~~~~~~~~~\x1b[m\x1b[K\n'}
[9.792199] (mission_layer_mvibot) StderrLine: {'line': b'\x1b[01m\x1b[K/home/mvibot/floorCleaningRobot_ws/src/mission_layer_mvibot/src/../include/mission_layer_mvibot/mvibot_mission/marker_function.h:707:18:\x1b[m\x1b[K \x1b[01;35m\x1b[Kwarning: \x1b[m\x1b[Kcomparison of integer expressions of different signedness: \xe2\x80\x98\x1b[01m\x1b[Kint\x1b[m\x1b[K\xe2\x80\x99 and \xe2\x80\x98\x1b[01m\x1b[Kstd::vector<points>::size_type\x1b[m\x1b[K\xe2\x80\x99 {aka \xe2\x80\x98\x1b[01m\x1b[Klong unsigned int\x1b[m\x1b[K\xe2\x80\x99} [\x1b[01;35m\x1b[K\x1b]8;;https://gcc.gnu.org/onlinedocs/gcc/Warning-Options.html#index-Wsign-compare\x07-Wsign-compare\x1b]8;;\x07\x1b[m\x1b[K]\n'}
[9.792453] (mission_layer_mvibot) StderrLine: {'line': b'  707 |     for(int i=0;\x1b[01;35m\x1b[Ki<my_data.my_group.size()\x1b[m\x1b[K;i++){\n'}
[9.792562] (mission_layer_mvibot) StderrLine: {'line': b'      |                 \x1b[01;35m\x1b[K~^~~~~~~~~~~~~~~~~~~~~~~~\x1b[m\x1b[K\n'}
[9.792656] (mission_layer_mvibot) StderrLine: {'line': b'\x1b[01m\x1b[K/home/mvibot/floorCleaningRobot_ws/src/mission_layer_mvibot/src/../include/mission_layer_mvibot/mvibot_mission/marker_function.h:717:22:\x1b[m\x1b[K \x1b[01;35m\x1b[Kwarning: \x1b[m\x1b[Kcomparison of integer expressions of different signedness: \xe2\x80\x98\x1b[01m\x1b[Kint\x1b[m\x1b[K\xe2\x80\x99 and \xe2\x80\x98\x1b[01m\x1b[Kstd::vector<visualization_msgs::msg::Marker_<std::allocator<void> >, std::allocator<visualization_msgs::msg::Marker_<std::allocator<void> > > >::size_type\x1b[m\x1b[K\xe2\x80\x99 {aka \xe2\x80\x98\x1b[01m\x1b[Klong unsigned int\x1b[m\x1b[K\xe2\x80\x99} [\x1b[01;35m\x1b[K\x1b]8;;https://gcc.gnu.org/onlinedocs/gcc/Warning-Options.html#index-Wsign-compare\x07-Wsign-compare\x1b]8;;\x07\x1b[m\x1b[K]\n'}
[9.792808] (mission_layer_mvibot) StderrLine: {'line': b'  717 |         for(int j=k;\x1b[01;35m\x1b[Kj<marker.markers.size()\x1b[m\x1b[K;j++){\n'}
[9.792897] (mission_layer_mvibot) StderrLine: {'line': b'      |                     \x1b[01;35m\x1b[K~^~~~~~~~~~~~~~~~~~~~~~\x1b[m\x1b[K\n'}
[9.792972] (mission_layer_mvibot) StderrLine: {'line': b'\x1b[01m\x1b[K/home/mvibot/floorCleaningRobot_ws/src/mission_layer_mvibot/src/../include/mission_layer_mvibot/mvibot_mission/marker_function.h:728:18:\x1b[m\x1b[K \x1b[01;35m\x1b[Kwarning: \x1b[m\x1b[Kcomparison of integer expressions of different signedness: \xe2\x80\x98\x1b[01m\x1b[Kint\x1b[m\x1b[K\xe2\x80\x99 and \xe2\x80\x98\x1b[01m\x1b[Kstd::vector<points>::size_type\x1b[m\x1b[K\xe2\x80\x99 {aka \xe2\x80\x98\x1b[01m\x1b[Klong unsigned int\x1b[m\x1b[K\xe2\x80\x99} [\x1b[01;35m\x1b[K\x1b]8;;https://gcc.gnu.org/onlinedocs/gcc/Warning-Options.html#index-Wsign-compare\x07-Wsign-compare\x1b]8;;\x07\x1b[m\x1b[K]\n'}
[9.793145] (mission_layer_mvibot) StderrLine: {'line': b'  728 |     for(int i=0;\x1b[01;35m\x1b[Ki<my_data.my_group3.size()\x1b[m\x1b[K;i++){\n'}
[9.793219] (mission_layer_mvibot) StderrLine: {'line': b'      |                 \x1b[01;35m\x1b[K~^~~~~~~~~~~~~~~~~~~~~~~~~\x1b[m\x1b[K\n'}
[9.793288] (mission_layer_mvibot) StderrLine: {'line': b'\x1b[01m\x1b[K/home/mvibot/floorCleaningRobot_ws/src/mission_layer_mvibot/src/../include/mission_layer_mvibot/mvibot_mission/marker_function.h:738:22:\x1b[m\x1b[K \x1b[01;35m\x1b[Kwarning: \x1b[m\x1b[Kcomparison of integer expressions of different signedness: \xe2\x80\x98\x1b[01m\x1b[Kint\x1b[m\x1b[K\xe2\x80\x99 and \xe2\x80\x98\x1b[01m\x1b[Kstd::vector<visualization_msgs::msg::Marker_<std::allocator<void> >, std::allocator<visualization_msgs::msg::Marker_<std::allocator<void> > > >::size_type\x1b[m\x1b[K\xe2\x80\x99 {aka \xe2\x80\x98\x1b[01m\x1b[Klong unsigned int\x1b[m\x1b[K\xe2\x80\x99} [\x1b[01;35m\x1b[K\x1b]8;;https://gcc.gnu.org/onlinedocs/gcc/Warning-Options.html#index-Wsign-compare\x07-Wsign-compare\x1b]8;;\x07\x1b[m\x1b[K]\n'}
[9.793371] (mission_layer_mvibot) StderrLine: {'line': b'  738 |         for(int j=k;\x1b[01;35m\x1b[Kj<marker.markers.size()\x1b[m\x1b[K;j++){\n'}
[9.793469] (mission_layer_mvibot) StderrLine: {'line': b'      |                     \x1b[01;35m\x1b[K~^~~~~~~~~~~~~~~~~~~~~~\x1b[m\x1b[K\n'}
[9.793540] (mission_layer_mvibot) StderrLine: {'line': b'\x1b[01m\x1b[K/home/mvibot/floorCleaningRobot_ws/src/mission_layer_mvibot/src/../include/mission_layer_mvibot/mvibot_mission/marker_function.h:749:18:\x1b[m\x1b[K \x1b[01;35m\x1b[Kwarning: \x1b[m\x1b[Kcomparison of integer expressions of different signedness: \xe2\x80\x98\x1b[01m\x1b[Kint\x1b[m\x1b[K\xe2\x80\x99 and \xe2\x80\x98\x1b[01m\x1b[Kstd::vector<std::vector<line> >::size_type\x1b[m\x1b[K\xe2\x80\x99 {aka \xe2\x80\x98\x1b[01m\x1b[Klong unsigned int\x1b[m\x1b[K\xe2\x80\x99} [\x1b[01;35m\x1b[K\x1b]8;;https://gcc.gnu.org/onlinedocs/gcc/Warning-Options.html#index-Wsign-compare\x07-Wsign-compare\x1b]8;;\x07\x1b[m\x1b[K]\n'}
[9.793614] (mission_layer_mvibot) StderrLine: {'line': b'  749 |     for(int n=0;\x1b[01;35m\x1b[Kn<my_data.my_lines2.size()\x1b[m\x1b[K;n++){\n'}
[9.793682] (mission_layer_mvibot) StderrLine: {'line': b'      |                 \x1b[01;35m\x1b[K~^~~~~~~~~~~~~~~~~~~~~~~~~\x1b[m\x1b[K\n'}
[9.793757] (mission_layer_mvibot) StderrLine: {'line': b'\x1b[01m\x1b[K/home/mvibot/floorCleaningRobot_ws/src/mission_layer_mvibot/src/../include/mission_layer_mvibot/mvibot_mission/marker_function.h:750:22:\x1b[m\x1b[K \x1b[01;35m\x1b[Kwarning: \x1b[m\x1b[Kcomparison of integer expressions of different signedness: \xe2\x80\x98\x1b[01m\x1b[Kint\x1b[m\x1b[K\xe2\x80\x99 and \xe2\x80\x98\x1b[01m\x1b[Kstd::vector<line>::size_type\x1b[m\x1b[K\xe2\x80\x99 {aka \xe2\x80\x98\x1b[01m\x1b[Klong unsigned int\x1b[m\x1b[K\xe2\x80\x99} [\x1b[01;35m\x1b[K\x1b]8;;https://gcc.gnu.org/onlinedocs/gcc/Warning-Options.html#index-Wsign-compare\x07-Wsign-compare\x1b]8;;\x07\x1b[m\x1b[K]\n'}
[9.793836] (mission_layer_mvibot) StderrLine: {'line': b'  750 |         for(int i=0;\x1b[01;35m\x1b[Ki<my_data.my_lines2[n].size()\x1b[m\x1b[K;i++){\n'}
[9.793917] (mission_layer_mvibot) StderrLine: {'line': b'      |                     \x1b[01;35m\x1b[K~^~~~~~~~~~~~~~~~~~~~~~~~~~~~\x1b[m\x1b[K\n'}
[9.793995] (mission_layer_mvibot) StderrLine: {'line': b'\x1b[01m\x1b[K/home/mvibot/floorCleaningRobot_ws/src/mission_layer_mvibot/src/../include/mission_layer_mvibot/mvibot_mission/marker_function.h:760:26:\x1b[m\x1b[K \x1b[01;35m\x1b[Kwarning: \x1b[m\x1b[Kcomparison of integer expressions of different signedness: \xe2\x80\x98\x1b[01m\x1b[Kint\x1b[m\x1b[K\xe2\x80\x99 and \xe2\x80\x98\x1b[01m\x1b[Kstd::vector<visualization_msgs::msg::Marker_<std::allocator<void> >, std::allocator<visualization_msgs::msg::Marker_<std::allocator<void> > > >::size_type\x1b[m\x1b[K\xe2\x80\x99 {aka \xe2\x80\x98\x1b[01m\x1b[Klong unsigned int\x1b[m\x1b[K\xe2\x80\x99} [\x1b[01;35m\x1b[K\x1b]8;;https://gcc.gnu.org/onlinedocs/gcc/Warning-Options.html#index-Wsign-compare\x07-Wsign-compare\x1b]8;;\x07\x1b[m\x1b[K]\n'}
[9.794090] (mission_layer_mvibot) StderrLine: {'line': b'  760 |             for(int j=k;\x1b[01;35m\x1b[Kj<marker.markers.size()\x1b[m\x1b[K;j++){\n'}
[9.794159] (mission_layer_mvibot) StderrLine: {'line': b'      |                         \x1b[01;35m\x1b[K~^~~~~~~~~~~~~~~~~~~~~~\x1b[m\x1b[K\n'}
[9.794234] (mission_layer_mvibot) StderrLine: {'line': b'\x1b[01m\x1b[K/home/mvibot/floorCleaningRobot_ws/src/mission_layer_mvibot/src/../include/mission_layer_mvibot/mvibot_mission/marker_function.h:775:18:\x1b[m\x1b[K \x1b[01;35m\x1b[Kwarning: \x1b[m\x1b[Kcomparison of integer expressions of different signedness: \xe2\x80\x98\x1b[01m\x1b[Kint\x1b[m\x1b[K\xe2\x80\x99 and \xe2\x80\x98\x1b[01m\x1b[Kstd::vector<visualization_msgs::msg::Marker_<std::allocator<void> >, std::allocator<visualization_msgs::msg::Marker_<std::allocator<void> > > >::size_type\x1b[m\x1b[K\xe2\x80\x99 {aka \xe2\x80\x98\x1b[01m\x1b[Klong unsigned int\x1b[m\x1b[K\xe2\x80\x99} [\x1b[01;35m\x1b[K\x1b]8;;https://gcc.gnu.org/onlinedocs/gcc/Warning-Options.html#index-Wsign-compare\x07-Wsign-compare\x1b]8;;\x07\x1b[m\x1b[K]\n'}
[9.794313] (mission_layer_mvibot) StderrLine: {'line': b'  775 |     for(int i=k;\x1b[01;35m\x1b[Ki<marker.markers.size()\x1b[m\x1b[K;i++){\n'}
[9.794380] (mission_layer_mvibot) StderrLine: {'line': b'      |                 \x1b[01;35m\x1b[K~^~~~~~~~~~~~~~~~~~~~~~\x1b[m\x1b[K\n'}
[9.794448] (mission_layer_mvibot) StderrLine: {'line': b'\x1b[01m\x1b[K/home/mvibot/floorCleaningRobot_ws/src/mission_layer_mvibot/src/../include/mission_layer_mvibot/mvibot_mission/marker_function.h:793:18:\x1b[m\x1b[K \x1b[01;35m\x1b[Kwarning: \x1b[m\x1b[Kcomparison of integer expressions of different signedness: \xe2\x80\x98\x1b[01m\x1b[Kint\x1b[m\x1b[K\xe2\x80\x99 and \xe2\x80\x98\x1b[01m\x1b[Kstd::vector<visualization_msgs::msg::Marker_<std::allocator<void> >, std::allocator<visualization_msgs::msg::Marker_<std::allocator<void> > > >::size_type\x1b[m\x1b[K\xe2\x80\x99 {aka \xe2\x80\x98\x1b[01m\x1b[Klong unsigned int\x1b[m\x1b[K\xe2\x80\x99} [\x1b[01;35m\x1b[K\x1b]8;;https://gcc.gnu.org/onlinedocs/gcc/Warning-Options.html#index-Wsign-compare\x07-Wsign-compare\x1b]8;;\x07\x1b[m\x1b[K]\n'}
[9.794549] (mission_layer_mvibot) StderrLine: {'line': b'  793 |     for(int i=k;\x1b[01;35m\x1b[Ki<marker.markers.size()\x1b[m\x1b[K;i++){\n'}
[9.794646] (mission_layer_mvibot) StderrLine: {'line': b'      |                 \x1b[01;35m\x1b[K~^~~~~~~~~~~~~~~~~~~~~~\x1b[m\x1b[K\n'}
[9.800299] (mission_layer_mvibot) StderrLine: {'line': b'\x1b[01m\x1b[K/home/mvibot/floorCleaningRobot_ws/src/mission_layer_mvibot/src/../include/mission_layer_mvibot/mvibot_mission/marker_function.h:\x1b[m\x1b[K In member function \xe2\x80\x98\x1b[01m\x1b[Kint marker::\x1b[01;32m\x1b[Kcaculate_transforms_ofset\x1b[m\x1b[K()\x1b[m\x1b[K\xe2\x80\x99:\n'}
[9.800459] (mission_layer_mvibot) StderrLine: {'line': b'\x1b[01m\x1b[K/home/mvibot/floorCleaningRobot_ws/src/mission_layer_mvibot/src/../include/mission_layer_mvibot/mvibot_mission/marker_function.h:865:23:\x1b[m\x1b[K \x1b[01;35m\x1b[Kwarning: \x1b[m\x1b[Kvariable \xe2\x80\x98\x1b[01m\x1b[Ktheta\x1b[m\x1b[K\xe2\x80\x99 set but not used [\x1b[01;35m\x1b[K\x1b]8;;https://gcc.gnu.org/onlinedocs/gcc/Warning-Options.html#index-Wunused-but-set-variable\x07-Wunused-but-set-variable\x1b]8;;\x07\x1b[m\x1b[K]\n'}
[9.800554] (mission_layer_mvibot) StderrLine: {'line': b'  865 |         static double \x1b[01;35m\x1b[Ktheta\x1b[m\x1b[K;\n'}
[9.800632] (mission_layer_mvibot) StderrLine: {'line': b'      |                       \x1b[01;35m\x1b[K^~~~~\x1b[m\x1b[K\n'}
[9.800750] (mission_layer_mvibot) StderrLine: {'line': b'\x1b[01m\x1b[K/home/mvibot/floorCleaningRobot_ws/src/mission_layer_mvibot/src/../include/mission_layer_mvibot/mvibot_mission/marker_function.h:874:31:\x1b[m\x1b[K \x1b[01;35m\x1b[Kwarning: \x1b[m\x1b[Kunused variable \xe2\x80\x98\x1b[01m\x1b[Ktheta1\x1b[m\x1b[K\xe2\x80\x99 [\x1b[01;35m\x1b[K\x1b]8;;https://gcc.gnu.org/onlinedocs/gcc/Warning-Options.html#index-Wunused-variable\x07-Wunused-variable\x1b]8;;\x07\x1b[m\x1b[K]\n'}
[9.800831] (mission_layer_mvibot) StderrLine: {'line': b'  874 |         static double theta0, \x1b[01;35m\x1b[Ktheta1\x1b[m\x1b[K;\n'}
[9.800901] (mission_layer_mvibot) StderrLine: {'line': b'      |                               \x1b[01;35m\x1b[K^~~~~~\x1b[m\x1b[K\n'}
[9.802529] (mission_layer_mvibot) StderrLine: {'line': b'\x1b[01m\x1b[K/home/mvibot/floorCleaningRobot_ws/src/mission_layer_mvibot/src/../include/mission_layer_mvibot/mvibot_mission/marker_function.h:\x1b[m\x1b[K In member function \xe2\x80\x98\x1b[01m\x1b[Kdouble* marker::\x1b[01;32m\x1b[Kget_position\x1b[m\x1b[K(std::string, std::string)\x1b[m\x1b[K\xe2\x80\x99:\n'}
[9.802626] (mission_layer_mvibot) StderrLine: {'line': b'\x1b[01m\x1b[K/home/mvibot/floorCleaningRobot_ws/src/mission_layer_mvibot/src/../include/mission_layer_mvibot/mvibot_mission/marker_function.h:913:23:\x1b[m\x1b[K \x1b[01;35m\x1b[Kwarning: \x1b[m\x1b[Kvariable \xe2\x80\x98\x1b[01m\x1b[Kz\x1b[m\x1b[K\xe2\x80\x99 set but not used [\x1b[01;35m\x1b[K\x1b]8;;https://gcc.gnu.org/onlinedocs/gcc/Warning-Options.html#index-Wunused-but-set-variable\x07-Wunused-but-set-variable\x1b]8;;\x07\x1b[m\x1b[K]\n'}
[9.802698] (mission_layer_mvibot) StderrLine: {'line': b'  913 |     static double x,y,\x1b[01;35m\x1b[Kz\x1b[m\x1b[K,thz,thw;\n'}
[9.802763] (mission_layer_mvibot) StderrLine: {'line': b'      |                       \x1b[01;35m\x1b[K^\x1b[m\x1b[K\n'}
[9.815464] (mission_layer_mvibot) StderrLine: {'line': b'\x1b[01m\x1b[K/home/mvibot/floorCleaningRobot_ws/src/mission_layer_mvibot/src/../include/mission_layer_mvibot/mvibot_mission/marker_function.h:\x1b[m\x1b[K In member function \xe2\x80\x98\x1b[01m\x1b[Kint marker::\x1b[01;32m\x1b[Kmove_to_orientation_pose_n\x1b[m\x1b[K()\x1b[m\x1b[K\xe2\x80\x99:\n'}
[9.815728] (mission_layer_mvibot) StderrLine: {'line': b'\x1b[01m\x1b[K/home/mvibot/floorCleaningRobot_ws/src/mission_layer_mvibot/src/../include/mission_layer_mvibot/mvibot_mission/marker_function.h:1215:19:\x1b[m\x1b[K \x1b[01;35m\x1b[Kwarning: \x1b[m\x1b[Kunused variable \xe2\x80\x98\x1b[01m\x1b[Kdis\x1b[m\x1b[K\xe2\x80\x99 [\x1b[01;35m\x1b[K\x1b]8;;https://gcc.gnu.org/onlinedocs/gcc/Warning-Options.html#index-Wunused-variable\x07-Wunused-variable\x1b]8;;\x07\x1b[m\x1b[K]\n'}
[9.815849] (mission_layer_mvibot) StderrLine: {'line': b' 1215 |     static double \x1b[01;35m\x1b[Kdis\x1b[m\x1b[K,angle;\n'}
[9.815922] (mission_layer_mvibot) StderrLine: {'line': b'      |                   \x1b[01;35m\x1b[K^~~\x1b[m\x1b[K\n'}
[9.820542] (mission_layer_mvibot) StderrLine: {'line': b'\x1b[01m\x1b[K/home/mvibot/floorCleaningRobot_ws/src/mission_layer_mvibot/src/../include/mission_layer_mvibot/mvibot_mission/marker_function.h:\x1b[m\x1b[K In member function \xe2\x80\x98\x1b[01m\x1b[Kint marker::\x1b[01;32m\x1b[Kdetect_bar\x1b[m\x1b[K(float)\x1b[m\x1b[K\xe2\x80\x99:\n'}
[9.820756] (mission_layer_mvibot) StderrLine: {'line': b'\x1b[01m\x1b[K/home/mvibot/floorCleaningRobot_ws/src/mission_layer_mvibot/src/../include/mission_layer_mvibot/mvibot_mission/marker_function.h:1396:18:\x1b[m\x1b[K \x1b[01;35m\x1b[Kwarning: \x1b[m\x1b[Kcomparison of integer expressions of different signedness: \xe2\x80\x98\x1b[01m\x1b[Kint\x1b[m\x1b[K\xe2\x80\x99 and \xe2\x80\x98\x1b[01m\x1b[Kstd::vector<std::vector<line> >::size_type\x1b[m\x1b[K\xe2\x80\x99 {aka \xe2\x80\x98\x1b[01m\x1b[Klong unsigned int\x1b[m\x1b[K\xe2\x80\x99} [\x1b[01;35m\x1b[K\x1b]8;;https://gcc.gnu.org/onlinedocs/gcc/Warning-Options.html#index-Wsign-compare\x07-Wsign-compare\x1b]8;;\x07\x1b[m\x1b[K]\n'}
[9.820863] (mission_layer_mvibot) StderrLine: {'line': b' 1396 |     for(int i=0;\x1b[01;35m\x1b[Ki<my_data.my_lines2.size()\x1b[m\x1b[K;i++){\n'}
[9.820952] (mission_layer_mvibot) StderrLine: {'line': b'      |                 \x1b[01;35m\x1b[K~^~~~~~~~~~~~~~~~~~~~~~~~~\x1b[m\x1b[K\n'}
[9.821044] (mission_layer_mvibot) StderrLine: {'line': b'\x1b[01m\x1b[K/home/mvibot/floorCleaningRobot_ws/src/mission_layer_mvibot/src/../include/mission_layer_mvibot/mvibot_mission/marker_function.h:1397:22:\x1b[m\x1b[K \x1b[01;35m\x1b[Kwarning: \x1b[m\x1b[Kcomparison of integer expressions of different signedness: \xe2\x80\x98\x1b[01m\x1b[Kint\x1b[m\x1b[K\xe2\x80\x99 and \xe2\x80\x98\x1b[01m\x1b[Kstd::vector<line>::size_type\x1b[m\x1b[K\xe2\x80\x99 {aka \xe2\x80\x98\x1b[01m\x1b[Klong unsigned int\x1b[m\x1b[K\xe2\x80\x99} [\x1b[01;35m\x1b[K\x1b]8;;https://gcc.gnu.org/onlinedocs/gcc/Warning-Options.html#index-Wsign-compare\x07-Wsign-compare\x1b]8;;\x07\x1b[m\x1b[K]\n'}
[9.821201] (mission_layer_mvibot) StderrLine: {'line': b' 1397 |         for(int j=0;\x1b[01;35m\x1b[Kj<my_data.my_lines2[i].size()\x1b[m\x1b[K;j++){\n'}
[9.821269] (mission_layer_mvibot) StderrLine: {'line': b'      |                     \x1b[01;35m\x1b[K~^~~~~~~~~~~~~~~~~~~~~~~~~~~~\x1b[m\x1b[K\n'}
[9.821332] (mission_layer_mvibot) StderrLine: {'line': b'\x1b[01m\x1b[K/home/mvibot/floorCleaningRobot_ws/src/mission_layer_mvibot/src/../include/mission_layer_mvibot/mvibot_mission/marker_function.h:1398:28:\x1b[m\x1b[K \x1b[01;35m\x1b[Kwarning: \x1b[m\x1b[Kcomparison of integer expressions of different signedness: \xe2\x80\x98\x1b[01m\x1b[Kint\x1b[m\x1b[K\xe2\x80\x99 and \xe2\x80\x98\x1b[01m\x1b[Kstd::vector<std::vector<line> >::size_type\x1b[m\x1b[K\xe2\x80\x99 {aka \xe2\x80\x98\x1b[01m\x1b[Klong unsigned int\x1b[m\x1b[K\xe2\x80\x99} [\x1b[01;35m\x1b[K\x1b]8;;https://gcc.gnu.org/onlinedocs/gcc/Warning-Options.html#index-Wsign-compare\x07-Wsign-compare\x1b]8;;\x07\x1b[m\x1b[K]\n'}
[9.821398] (mission_layer_mvibot) StderrLine: {'line': b' 1398 |             for(int k=i+1;\x1b[01;35m\x1b[Kk<my_data.my_lines2.size()\x1b[m\x1b[K;k++){\n'}
[9.821460] (mission_layer_mvibot) StderrLine: {'line': b'      |                           \x1b[01;35m\x1b[K~^~~~~~~~~~~~~~~~~~~~~~~~~\x1b[m\x1b[K\n'}
[9.821521] (mission_layer_mvibot) StderrLine: {'line': b'\x1b[01m\x1b[K/home/mvibot/floorCleaningRobot_ws/src/mission_layer_mvibot/src/../include/mission_layer_mvibot/mvibot_mission/marker_function.h:1399:30:\x1b[m\x1b[K \x1b[01;35m\x1b[Kwarning: \x1b[m\x1b[Kcomparison of integer expressions of different signedness: \xe2\x80\x98\x1b[01m\x1b[Kint\x1b[m\x1b[K\xe2\x80\x99 and \xe2\x80\x98\x1b[01m\x1b[Kstd::vector<line>::size_type\x1b[m\x1b[K\xe2\x80\x99 {aka \xe2\x80\x98\x1b[01m\x1b[Klong unsigned int\x1b[m\x1b[K\xe2\x80\x99} [\x1b[01;35m\x1b[K\x1b]8;;https://gcc.gnu.org/onlinedocs/gcc/Warning-Options.html#index-Wsign-compare\x07-Wsign-compare\x1b]8;;\x07\x1b[m\x1b[K]\n'}
[9.821586] (mission_layer_mvibot) StderrLine: {'line': b' 1399 |                 for(int h=0;\x1b[01;35m\x1b[Kh<my_data.my_lines2[k].size()\x1b[m\x1b[K;h++){\n'}
[9.821649] (mission_layer_mvibot) StderrLine: {'line': b'      |                             \x1b[01;35m\x1b[K~^~~~~~~~~~~~~~~~~~~~~~~~~~~~\x1b[m\x1b[K\n'}
[9.821733] (mission_layer_mvibot) StderrLine: {'line': b'\x1b[01m\x1b[K/home/mvibot/floorCleaningRobot_ws/src/mission_layer_mvibot/src/../include/mission_layer_mvibot/mvibot_mission/marker_function.h:1410:33:\x1b[m\x1b[K \x1b[01;35m\x1b[Kwarning: \x1b[m\x1b[Ksuggest parentheses around comparison in operand of \xe2\x80\x98\x1b[01m\x1b[K|\x1b[m\x1b[K\xe2\x80\x99 [\x1b[01;35m\x1b[K\x1b]8;;https://gcc.gnu.org/onlinedocs/gcc/Warning-Options.html#index-Wparentheses\x07-Wparentheses\x1b]8;;\x07\x1b[m\x1b[K]\n'}
[9.821822] (mission_layer_mvibot) StderrLine: {'line': b' 1410 |                         if((\x1b[01;35m\x1b[Kdis1>=0.5\x1b[m\x1b[K | dis2>=0.5) & dis1 >=0.15 & dis2 >=0.15){\n'}
[9.821950] (mission_layer_mvibot) StderrLine: {'line': b'      |                             \x1b[01;35m\x1b[K~~~~^~~~~\x1b[m\x1b[K\n'}
[9.822043] (mission_layer_mvibot) StderrLine: {'line': b'\x1b[01m\x1b[K/home/mvibot/floorCleaningRobot_ws/src/mission_layer_mvibot/src/../include/mission_layer_mvibot/mvibot_mission/marker_function.h:1410:59:\x1b[m\x1b[K \x1b[01;35m\x1b[Kwarning: \x1b[m\x1b[Ksuggest parentheses around comparison in operand of \xe2\x80\x98\x1b[01m\x1b[K&\x1b[m\x1b[K\xe2\x80\x99 [\x1b[01;35m\x1b[K\x1b]8;;https://gcc.gnu.org/onlinedocs/gcc/Warning-Options.html#index-Wparentheses\x07-Wparentheses\x1b]8;;\x07\x1b[m\x1b[K]\n'}
[9.822154] (-) TimerEvent: {}
[9.822232] (mission_layer_mvibot) StderrLine: {'line': b' 1410 |                         if((dis1>=0.5 | dis2>=0.5) & \x1b[01;35m\x1b[Kdis1 >=0.15\x1b[m\x1b[K & dis2 >=0.15){\n'}
[9.822357] (mission_layer_mvibot) StderrLine: {'line': b'      |                                                      \x1b[01;35m\x1b[K~~~~~^~~~~~\x1b[m\x1b[K\n'}
[9.822429] (mission_layer_mvibot) StderrLine: {'line': b'\x1b[01m\x1b[K/home/mvibot/floorCleaningRobot_ws/src/mission_layer_mvibot/src/../include/mission_layer_mvibot/mvibot_mission/marker_function.h:1410:73:\x1b[m\x1b[K \x1b[01;35m\x1b[Kwarning: \x1b[m\x1b[Ksuggest parentheses around comparison in operand of \xe2\x80\x98\x1b[01m\x1b[K&\x1b[m\x1b[K\xe2\x80\x99 [\x1b[01;35m\x1b[K\x1b]8;;https://gcc.gnu.org/onlinedocs/gcc/Warning-Options.html#index-Wparentheses\x07-Wparentheses\x1b]8;;\x07\x1b[m\x1b[K]\n'}
[9.822513] (mission_layer_mvibot) StderrLine: {'line': b' 1410 |                         if((dis1>=0.5 | dis2>=0.5) & dis1 >=0.15 & \x1b[01;35m\x1b[Kdis2 >=0.15\x1b[m\x1b[K){\n'}
[9.822598] (mission_layer_mvibot) StderrLine: {'line': b'      |                                                                    \x1b[01;35m\x1b[K~~~~~^~~~~~\x1b[m\x1b[K\n'}
[9.822682] (mission_layer_mvibot) StderrLine: {'line': b'\x1b[01m\x1b[K/home/mvibot/floorCleaningRobot_ws/src/mission_layer_mvibot/src/../include/mission_layer_mvibot/mvibot_mission/marker_function.h:1426:18:\x1b[m\x1b[K \x1b[01;35m\x1b[Kwarning: \x1b[m\x1b[Kcomparison of integer expressions of different signedness: \xe2\x80\x98\x1b[01m\x1b[Kint\x1b[m\x1b[K\xe2\x80\x99 and \xe2\x80\x98\x1b[01m\x1b[Kstd::vector<std::vector<line> >::size_type\x1b[m\x1b[K\xe2\x80\x99 {aka \xe2\x80\x98\x1b[01m\x1b[Klong unsigned int\x1b[m\x1b[K\xe2\x80\x99} [\x1b[01;35m\x1b[K\x1b]8;;https://gcc.gnu.org/onlinedocs/gcc/Warning-Options.html#index-Wsign-compare\x07-Wsign-compare\x1b]8;;\x07\x1b[m\x1b[K]\n'}
[9.822771] (mission_layer_mvibot) StderrLine: {'line': b' 1426 |     for(int k=0;\x1b[01;35m\x1b[Kk<my_lines_group_memory.size()\x1b[m\x1b[K;k++){\n'}
[9.822859] (mission_layer_mvibot) StderrLine: {'line': b'      |                 \x1b[01;35m\x1b[K~^~~~~~~~~~~~~~~~~~~~~~~~~~~~~\x1b[m\x1b[K\n'}
[9.822961] (mission_layer_mvibot) StderrLine: {'line': b'\x1b[01m\x1b[K/home/mvibot/floorCleaningRobot_ws/src/mission_layer_mvibot/src/../include/mission_layer_mvibot/mvibot_mission/marker_function.h:1429:22:\x1b[m\x1b[K \x1b[01;35m\x1b[Kwarning: \x1b[m\x1b[Kcomparison of integer expressions of different signedness: \xe2\x80\x98\x1b[01m\x1b[Kint\x1b[m\x1b[K\xe2\x80\x99 and \xe2\x80\x98\x1b[01m\x1b[Kstd::vector<point>::size_type\x1b[m\x1b[K\xe2\x80\x99 {aka \xe2\x80\x98\x1b[01m\x1b[Klong unsigned int\x1b[m\x1b[K\xe2\x80\x99} [\x1b[01;35m\x1b[K\x1b]8;;https://gcc.gnu.org/onlinedocs/gcc/Warning-Options.html#index-Wsign-compare\x07-Wsign-compare\x1b]8;;\x07\x1b[m\x1b[K]\n'}
[9.823095] (mission_layer_mvibot) StderrLine: {'line': b' 1429 |         for(int i=0;\x1b[01;35m\x1b[Ki<my_lines_group_memory[k][0].points.size()\x1b[m\x1b[K;i++){\n'}
[9.823195] (mission_layer_mvibot) StderrLine: {'line': b'      |                     \x1b[01;35m\x1b[K~^~~~~~~~~~~~~~~~~~~~~~~~~~~~~~~~~~~~~~~~~~\x1b[m\x1b[K\n'}
[9.823304] (mission_layer_mvibot) StderrLine: {'line': b'\x1b[01m\x1b[K/home/mvibot/floorCleaningRobot_ws/src/mission_layer_mvibot/src/../include/mission_layer_mvibot/mvibot_mission/marker_function.h:1438:22:\x1b[m\x1b[K \x1b[01;35m\x1b[Kwarning: \x1b[m\x1b[Kcomparison of integer expressions of different signedness: \xe2\x80\x98\x1b[01m\x1b[Kint\x1b[m\x1b[K\xe2\x80\x99 and \xe2\x80\x98\x1b[01m\x1b[Kstd::vector<point>::size_type\x1b[m\x1b[K\xe2\x80\x99 {aka \xe2\x80\x98\x1b[01m\x1b[Klong unsigned int\x1b[m\x1b[K\xe2\x80\x99} [\x1b[01;35m\x1b[K\x1b]8;;https://gcc.gnu.org/onlinedocs/gcc/Warning-Options.html#index-Wsign-compare\x07-Wsign-compare\x1b]8;;\x07\x1b[m\x1b[K]\n'}
[9.823417] (mission_layer_mvibot) StderrLine: {'line': b' 1438 |         for(int i=0;\x1b[01;35m\x1b[Ki<my_lines_group_memory[k][1].points.size()\x1b[m\x1b[K;i++){\n'}
[9.823512] (mission_layer_mvibot) StderrLine: {'line': b'      |                     \x1b[01;35m\x1b[K~^~~~~~~~~~~~~~~~~~~~~~~~~~~~~~~~~~~~~~~~~~\x1b[m\x1b[K\n'}
[9.823612] (mission_layer_mvibot) StderrLine: {'line': b'\x1b[01m\x1b[K/home/mvibot/floorCleaningRobot_ws/src/mission_layer_mvibot/src/../include/mission_layer_mvibot/mvibot_mission/marker_function.h:1448:35:\x1b[m\x1b[K \x1b[01;35m\x1b[Kwarning: \x1b[m\x1b[Ksuggest parentheses around comparison in operand of \xe2\x80\x98\x1b[01m\x1b[K&\x1b[m\x1b[K\xe2\x80\x99 [\x1b[01;35m\x1b[K\x1b]8;;https://gcc.gnu.org/onlinedocs/gcc/Warning-Options.html#index-Wparentheses\x07-Wparentheses\x1b]8;;\x07\x1b[m\x1b[K]\n'}
[9.823707] (mission_layer_mvibot) StderrLine: {'line': b' 1448 |         if(\x1b[01;35m\x1b[Kfabs(dis1-bar_distance)<=0.05\x1b[m\x1b[K & fabs(dis2-bar_distance)<=0.05){\n'}
[9.823778] (mission_layer_mvibot) StderrLine: {'line': b'      |            \x1b[01;35m\x1b[K~~~~~~~~~~~~~~~~~~~~~~~^~~~~~\x1b[m\x1b[K\n'}
[9.824145] (mission_layer_mvibot) StderrLine: {'line': b'\x1b[01m\x1b[K/home/mvibot/floorCleaningRobot_ws/src/mission_layer_mvibot/src/../include/mission_layer_mvibot/mvibot_mission/marker_function.h:1456:30:\x1b[m\x1b[K \x1b[01;35m\x1b[Kwarning: \x1b[m\x1b[Ksuggest parentheses around comparison in operand of \xe2\x80\x98\x1b[01m\x1b[K&\x1b[m\x1b[K\xe2\x80\x99 [\x1b[01;35m\x1b[K\x1b]8;;https://gcc.gnu.org/onlinedocs/gcc/Warning-Options.html#index-Wparentheses\x07-Wparentheses\x1b]8;;\x07\x1b[m\x1b[K]\n'}
[9.824291] (mission_layer_mvibot) StderrLine: {'line': b' 1456 |     if(\x1b[01;35m\x1b[Kmy_lines_memory.size()!=0\x1b[m\x1b[K & num_bar_pass==1){\n'}
[9.824397] (mission_layer_mvibot) StderrLine: {'line': b'      |        \x1b[01;35m\x1b[K~~~~~~~~~~~~~~~~~~~~~~^~~\x1b[m\x1b[K\n'}
[9.824501] (mission_layer_mvibot) StderrLine: {'line': b'\x1b[01m\x1b[K/home/mvibot/floorCleaningRobot_ws/src/mission_layer_mvibot/src/../include/mission_layer_mvibot/mvibot_mission/marker_function.h:1459:26:\x1b[m\x1b[K \x1b[01;35m\x1b[Kwarning: \x1b[m\x1b[Kcomparison of integer expressions of different signedness: \xe2\x80\x98\x1b[01m\x1b[Kint\x1b[m\x1b[K\xe2\x80\x99 and \xe2\x80\x98\x1b[01m\x1b[Kstd::vector<point>::size_type\x1b[m\x1b[K\xe2\x80\x99 {aka \xe2\x80\x98\x1b[01m\x1b[Klong unsigned int\x1b[m\x1b[K\xe2\x80\x99} [\x1b[01;35m\x1b[K\x1b]8;;https://gcc.gnu.org/onlinedocs/gcc/Warning-Options.html#index-Wsign-compare\x07-Wsign-compare\x1b]8;;\x07\x1b[m\x1b[K]\n'}
[9.824631] (mission_layer_mvibot) StderrLine: {'line': b' 1459 |             for(int i=0;\x1b[01;35m\x1b[Ki<my_data.my_points.size()\x1b[m\x1b[K;i++){\n'}
[9.825558] (mission_layer_mvibot) StderrLine: {'line': b'      |                         \x1b[01;35m\x1b[K~^~~~~~~~~~~~~~~~~~~~~~~~~\x1b[m\x1b[K\n'}
[9.825752] (mission_layer_mvibot) StderrLine: {'line': b'\x1b[01m\x1b[K/home/mvibot/floorCleaningRobot_ws/src/mission_layer_mvibot/src/../include/mission_layer_mvibot/mvibot_mission/marker_function.h:1477:26:\x1b[m\x1b[K \x1b[01;35m\x1b[Kwarning: \x1b[m\x1b[Kcomparison of integer expressions of different signedness: \xe2\x80\x98\x1b[01m\x1b[Kint\x1b[m\x1b[K\xe2\x80\x99 and \xe2\x80\x98\x1b[01m\x1b[Kstd::vector<point>::size_type\x1b[m\x1b[K\xe2\x80\x99 {aka \xe2\x80\x98\x1b[01m\x1b[Klong unsigned int\x1b[m\x1b[K\xe2\x80\x99} [\x1b[01;35m\x1b[K\x1b]8;;https://gcc.gnu.org/onlinedocs/gcc/Warning-Options.html#index-Wsign-compare\x07-Wsign-compare\x1b]8;;\x07\x1b[m\x1b[K]\n'}
[9.825930] (mission_layer_mvibot) StderrLine: {'line': b' 1477 |             for(int i=0;\x1b[01;35m\x1b[Ki<my_lines_memory[0].points.size()\x1b[m\x1b[K;i++){\n'}
[9.826132] (mission_layer_mvibot) StderrLine: {'line': b'      |                         \x1b[01;35m\x1b[K~^~~~~~~~~~~~~~~~~~~~~~~~~~~~~~~~~\x1b[m\x1b[K\n'}
[9.826311] (mission_layer_mvibot) StderrLine: {'line': b'\x1b[01m\x1b[K/home/mvibot/floorCleaningRobot_ws/src/mission_layer_mvibot/src/../include/mission_layer_mvibot/mvibot_mission/marker_function.h:1498:26:\x1b[m\x1b[K \x1b[01;35m\x1b[Kwarning: \x1b[m\x1b[Kcomparison of integer expressions of different signedness: \xe2\x80\x98\x1b[01m\x1b[Kint\x1b[m\x1b[K\xe2\x80\x99 and \xe2\x80\x98\x1b[01m\x1b[Kstd::vector<point>::size_type\x1b[m\x1b[K\xe2\x80\x99 {aka \xe2\x80\x98\x1b[01m\x1b[Klong unsigned int\x1b[m\x1b[K\xe2\x80\x99} [\x1b[01;35m\x1b[K\x1b]8;;https://gcc.gnu.org/onlinedocs/gcc/Warning-Options.html#index-Wsign-compare\x07-Wsign-compare\x1b]8;;\x07\x1b[m\x1b[K]\n'}
[9.826513] (mission_layer_mvibot) StderrLine: {'line': b' 1498 |             for(int i=0;\x1b[01;35m\x1b[Ki<my_lines_memory[1].points.size()\x1b[m\x1b[K;i++){\n'}
[9.826682] (mission_layer_mvibot) StderrLine: {'line': b'      |                         \x1b[01;35m\x1b[K~^~~~~~~~~~~~~~~~~~~~~~~~~~~~~~~~~\x1b[m\x1b[K\n'}
[9.828356] (mission_layer_mvibot) StderrLine: {'line': b'\x1b[01m\x1b[K/home/mvibot/floorCleaningRobot_ws/src/mission_layer_mvibot/src/../include/mission_layer_mvibot/mvibot_mission/marker_function.h:\x1b[m\x1b[K In member function \xe2\x80\x98\x1b[01m\x1b[Kint marker::\x1b[01;32m\x1b[Kdetect_l\x1b[m\x1b[K()\x1b[m\x1b[K\xe2\x80\x99:\n'}
[9.828597] (mission_layer_mvibot) StderrLine: {'line': b'\x1b[01m\x1b[K/home/mvibot/floorCleaningRobot_ws/src/mission_layer_mvibot/src/../include/mission_layer_mvibot/mvibot_mission/marker_function.h:1615:18:\x1b[m\x1b[K \x1b[01;35m\x1b[Kwarning: \x1b[m\x1b[Kcomparison of integer expressions of different signedness: \xe2\x80\x98\x1b[01m\x1b[Kint\x1b[m\x1b[K\xe2\x80\x99 and \xe2\x80\x98\x1b[01m\x1b[Kstd::vector<std::vector<line> >::size_type\x1b[m\x1b[K\xe2\x80\x99 {aka \xe2\x80\x98\x1b[01m\x1b[Klong unsigned int\x1b[m\x1b[K\xe2\x80\x99} [\x1b[01;35m\x1b[K\x1b]8;;https://gcc.gnu.org/onlinedocs/gcc/Warning-Options.html#index-Wsign-compare\x07-Wsign-compare\x1b]8;;\x07\x1b[m\x1b[K]\n'}
[9.828750] (mission_layer_mvibot) StderrLine: {'line': b' 1615 |     for(int i=0;\x1b[01;35m\x1b[Ki<my_data.my_lines2.size()\x1b[m\x1b[K;i++){\n'}
[9.828854] (mission_layer_mvibot) StderrLine: {'line': b'      |                 \x1b[01;35m\x1b[K~^~~~~~~~~~~~~~~~~~~~~~~~~\x1b[m\x1b[K\n'}
[9.828957] (mission_layer_mvibot) StderrLine: {'line': b'\x1b[01m\x1b[K/home/mvibot/floorCleaningRobot_ws/src/mission_layer_mvibot/src/../include/mission_layer_mvibot/mvibot_mission/marker_function.h:1616:22:\x1b[m\x1b[K \x1b[01;35m\x1b[Kwarning: \x1b[m\x1b[Kcomparison of integer expressions of different signedness: \xe2\x80\x98\x1b[01m\x1b[Kint\x1b[m\x1b[K\xe2\x80\x99 and \xe2\x80\x98\x1b[01m\x1b[Kstd::vector<line>::size_type\x1b[m\x1b[K\xe2\x80\x99 {aka \xe2\x80\x98\x1b[01m\x1b[Klong unsigned int\x1b[m\x1b[K\xe2\x80\x99} [\x1b[01;35m\x1b[K\x1b]8;;https://gcc.gnu.org/onlinedocs/gcc/Warning-Options.html#index-Wsign-compare\x07-Wsign-compare\x1b]8;;\x07\x1b[m\x1b[K]\n'}
[9.829073] (mission_layer_mvibot) StderrLine: {'line': b' 1616 |         for(int j=1;\x1b[01;35m\x1b[Kj<my_data.my_lines2[i].size()\x1b[m\x1b[K;j++){\n'}
[9.829162] (mission_layer_mvibot) StderrLine: {'line': b'      |                     \x1b[01;35m\x1b[K~^~~~~~~~~~~~~~~~~~~~~~~~~~~~\x1b[m\x1b[K\n'}
[9.829377] (mission_layer_mvibot) StderrLine: {'line': b'\x1b[01m\x1b[K/home/mvibot/floorCleaningRobot_ws/src/mission_layer_mvibot/src/../include/mission_layer_mvibot/mvibot_mission/marker_function.h:1628:29:\x1b[m\x1b[K \x1b[01;35m\x1b[Kwarning: \x1b[m\x1b[Ksuggest parentheses around comparison in operand of \xe2\x80\x98\x1b[01m\x1b[K&\x1b[m\x1b[K\xe2\x80\x99 [\x1b[01;35m\x1b[K\x1b]8;;https://gcc.gnu.org/onlinedocs/gcc/Warning-Options.html#index-Wparentheses\x07-Wparentheses\x1b]8;;\x07\x1b[m\x1b[K]\n'}
[9.829563] (mission_layer_mvibot) StderrLine: {'line': b' 1628 |                     if(\x1b[01;35m\x1b[Kdis1 < 0.4+0.05\x1b[m\x1b[K & dis1 > 0.4 -0.05 & dis2 <0.6+0.05 & dis2 > 0.6-0.05){\n'}
[9.829679] (mission_layer_mvibot) StderrLine: {'line': b'      |                        \x1b[01;35m\x1b[K~~~~~^~~~~~~~~~\x1b[m\x1b[K\n'}
[9.829790] (mission_layer_mvibot) StderrLine: {'line': b'\x1b[01m\x1b[K/home/mvibot/floorCleaningRobot_ws/src/mission_layer_mvibot/src/../include/mission_layer_mvibot/mvibot_mission/marker_function.h:1628:66:\x1b[m\x1b[K \x1b[01;35m\x1b[Kwarning: \x1b[m\x1b[Ksuggest parentheses around comparison in operand of \xe2\x80\x98\x1b[01m\x1b[K&\x1b[m\x1b[K\xe2\x80\x99 [\x1b[01;35m\x1b[K\x1b]8;;https://gcc.gnu.org/onlinedocs/gcc/Warning-Options.html#index-Wparentheses\x07-Wparentheses\x1b]8;;\x07\x1b[m\x1b[K]\n'}
[9.829944] (mission_layer_mvibot) StderrLine: {'line': b' 1628 |                     if(dis1 < 0.4+0.05 & dis1 > 0.4 -0.05 & \x1b[01;35m\x1b[Kdis2 <0.6+0.05\x1b[m\x1b[K & dis2 > 0.6-0.05){\n'}
[9.830068] (mission_layer_mvibot) StderrLine: {'line': b'      |                                                             \x1b[01;35m\x1b[K~~~~~^~~~~~~~~\x1b[m\x1b[K\n'}
[9.830180] (mission_layer_mvibot) StderrLine: {'line': b'\x1b[01m\x1b[K/home/mvibot/floorCleaningRobot_ws/src/mission_layer_mvibot/src/../include/mission_layer_mvibot/mvibot_mission/marker_function.h:1628:83:\x1b[m\x1b[K \x1b[01;35m\x1b[Kwarning: \x1b[m\x1b[Ksuggest parentheses around comparison in operand of \xe2\x80\x98\x1b[01m\x1b[K&\x1b[m\x1b[K\xe2\x80\x99 [\x1b[01;35m\x1b[K\x1b]8;;https://gcc.gnu.org/onlinedocs/gcc/Warning-Options.html#index-Wparentheses\x07-Wparentheses\x1b]8;;\x07\x1b[m\x1b[K]\n'}
[9.830289] (mission_layer_mvibot) StderrLine: {'line': b' 1628 |                     if(dis1 < 0.4+0.05 & dis1 > 0.4 -0.05 & dis2 <0.6+0.05 & \x1b[01;35m\x1b[Kdis2 > 0.6-0.05\x1b[m\x1b[K){\n'}
[9.830397] (mission_layer_mvibot) StderrLine: {'line': b'      |                                                                              \x1b[01;35m\x1b[K~~~~~^~~~~~~~~~\x1b[m\x1b[K\n'}
[9.830501] (mission_layer_mvibot) StderrLine: {'line': b'\x1b[01m\x1b[K/home/mvibot/floorCleaningRobot_ws/src/mission_layer_mvibot/src/../include/mission_layer_mvibot/mvibot_mission/marker_function.h:1617:41:\x1b[m\x1b[K \x1b[01;35m\x1b[Kwarning: \x1b[m\x1b[Kunused variable \xe2\x80\x98\x1b[01m\x1b[Kdelta\x1b[m\x1b[K\xe2\x80\x99 [\x1b[01;35m\x1b[K\x1b]8;;https://gcc.gnu.org/onlinedocs/gcc/Warning-Options.html#index-Wunused-variable\x07-Wunused-variable\x1b]8;;\x07\x1b[m\x1b[K]\n'}
[9.830609] (mission_layer_mvibot) StderrLine: {'line': b' 1617 |                 static float ampha,beta,\x1b[01;35m\x1b[Kdelta\x1b[m\x1b[K;\n'}
[9.830714] (mission_layer_mvibot) StderrLine: {'line': b'      |                                         \x1b[01;35m\x1b[K^~~~~\x1b[m\x1b[K\n'}
[9.830821] (mission_layer_mvibot) StderrLine: {'line': b'\x1b[01m\x1b[K/home/mvibot/floorCleaningRobot_ws/src/mission_layer_mvibot/src/../include/mission_layer_mvibot/mvibot_mission/marker_function.h:1621:40:\x1b[m\x1b[K \x1b[01;35m\x1b[Kwarning: \x1b[m\x1b[Kunused variable \xe2\x80\x98\x1b[01m\x1b[Kdis3\x1b[m\x1b[K\xe2\x80\x99 [\x1b[01;35m\x1b[K\x1b]8;;https://gcc.gnu.org/onlinedocs/gcc/Warning-Options.html#index-Wunused-variable\x07-Wunused-variable\x1b]8;;\x07\x1b[m\x1b[K]\n'}
[9.830977] (mission_layer_mvibot) StderrLine: {'line': b' 1621 |                 static float dis1,dis2,\x1b[01;35m\x1b[Kdis3\x1b[m\x1b[K;\n'}
[9.831095] (mission_layer_mvibot) StderrLine: {'line': b'      |                                        \x1b[01;35m\x1b[K^~~~\x1b[m\x1b[K\n'}
[9.831205] (mission_layer_mvibot) StderrLine: {'line': b'\x1b[01m\x1b[K/home/mvibot/floorCleaningRobot_ws/src/mission_layer_mvibot/src/../include/mission_layer_mvibot/mvibot_mission/marker_function.h:1642:22:\x1b[m\x1b[K \x1b[01;35m\x1b[Kwarning: \x1b[m\x1b[Kunused variable \xe2\x80\x98\x1b[01m\x1b[Kx\x1b[m\x1b[K\xe2\x80\x99 [\x1b[01;35m\x1b[K\x1b]8;;https://gcc.gnu.org/onlinedocs/gcc/Warning-Options.html#index-Wunused-variable\x07-Wunused-variable\x1b]8;;\x07\x1b[m\x1b[K]\n'}
[9.831384] (mission_layer_mvibot) StderrLine: {'line': b' 1642 |         static float \x1b[01;35m\x1b[Kx\x1b[m\x1b[K,y;\n'}
[9.831485] (mission_layer_mvibot) StderrLine: {'line': b'      |                      \x1b[01;35m\x1b[K^\x1b[m\x1b[K\n'}
[9.831578] (mission_layer_mvibot) StderrLine: {'line': b'\x1b[01m\x1b[K/home/mvibot/floorCleaningRobot_ws/src/mission_layer_mvibot/src/../include/mission_layer_mvibot/mvibot_mission/marker_function.h:1642:24:\x1b[m\x1b[K \x1b[01;35m\x1b[Kwarning: \x1b[m\x1b[Kunused variable \xe2\x80\x98\x1b[01m\x1b[Ky\x1b[m\x1b[K\xe2\x80\x99 [\x1b[01;35m\x1b[K\x1b]8;;https://gcc.gnu.org/onlinedocs/gcc/Warning-Options.html#index-Wunused-variable\x07-Wunused-variable\x1b]8;;\x07\x1b[m\x1b[K]\n'}
[9.831657] (mission_layer_mvibot) StderrLine: {'line': b' 1642 |         static float x,\x1b[01;35m\x1b[Ky\x1b[m\x1b[K;\n'}
[9.831745] (mission_layer_mvibot) StderrLine: {'line': b'      |                        \x1b[01;35m\x1b[K^\x1b[m\x1b[K\n'}
[9.831920] (mission_layer_mvibot) StderrLine: {'line': b'\x1b[01m\x1b[K/home/mvibot/floorCleaningRobot_ws/src/mission_layer_mvibot/src/../include/mission_layer_mvibot/mvibot_mission/marker_function.h:\x1b[m\x1b[K In member function \xe2\x80\x98\x1b[01m\x1b[Kint marker::\x1b[01;32m\x1b[Kdetect_vl\x1b[m\x1b[K()\x1b[m\x1b[K\xe2\x80\x99:\n'}
[9.832000] (mission_layer_mvibot) StderrLine: {'line': b'\x1b[01m\x1b[K/home/mvibot/floorCleaningRobot_ws/src/mission_layer_mvibot/src/../include/mission_layer_mvibot/mvibot_mission/marker_function.h:1687:18:\x1b[m\x1b[K \x1b[01;35m\x1b[Kwarning: \x1b[m\x1b[Kcomparison of integer expressions of different signedness: \xe2\x80\x98\x1b[01m\x1b[Kint\x1b[m\x1b[K\xe2\x80\x99 and \xe2\x80\x98\x1b[01m\x1b[Kstd::vector<std::vector<line> >::size_type\x1b[m\x1b[K\xe2\x80\x99 {aka \xe2\x80\x98\x1b[01m\x1b[Klong unsigned int\x1b[m\x1b[K\xe2\x80\x99} [\x1b[01;35m\x1b[K\x1b]8;;https://gcc.gnu.org/onlinedocs/gcc/Warning-Options.html#index-Wsign-compare\x07-Wsign-compare\x1b]8;;\x07\x1b[m\x1b[K]\n'}
[9.832138] (mission_layer_mvibot) StderrLine: {'line': b' 1687 |     for(int i=0;\x1b[01;35m\x1b[Ki<my_data.my_lines2.size()\x1b[m\x1b[K;i++){\n'}
[9.832209] (mission_layer_mvibot) StderrLine: {'line': b'      |                 \x1b[01;35m\x1b[K~^~~~~~~~~~~~~~~~~~~~~~~~~\x1b[m\x1b[K\n'}
[9.832277] (mission_layer_mvibot) StderrLine: {'line': b'\x1b[01m\x1b[K/home/mvibot/floorCleaningRobot_ws/src/mission_layer_mvibot/src/../include/mission_layer_mvibot/mvibot_mission/marker_function.h:1688:22:\x1b[m\x1b[K \x1b[01;35m\x1b[Kwarning: \x1b[m\x1b[Kcomparison of integer expressions of different signedness: \xe2\x80\x98\x1b[01m\x1b[Kint\x1b[m\x1b[K\xe2\x80\x99 and \xe2\x80\x98\x1b[01m\x1b[Kstd::vector<line>::size_type\x1b[m\x1b[K\xe2\x80\x99 {aka \xe2\x80\x98\x1b[01m\x1b[Klong unsigned int\x1b[m\x1b[K\xe2\x80\x99} [\x1b[01;35m\x1b[K\x1b]8;;https://gcc.gnu.org/onlinedocs/gcc/Warning-Options.html#index-Wsign-compare\x07-Wsign-compare\x1b]8;;\x07\x1b[m\x1b[K]\n'}
[9.832378] (mission_layer_mvibot) StderrLine: {'line': b' 1688 |         for(int j=1;\x1b[01;35m\x1b[Kj<my_data.my_lines2[i].size()-1\x1b[m\x1b[K;j++){\n'}
[9.832444] (mission_layer_mvibot) StderrLine: {'line': b'      |                     \x1b[01;35m\x1b[K~^~~~~~~~~~~~~~~~~~~~~~~~~~~~~~\x1b[m\x1b[K\n'}
[9.832505] (mission_layer_mvibot) StderrLine: {'line': b'\x1b[01m\x1b[K/home/mvibot/floorCleaningRobot_ws/src/mission_layer_mvibot/src/../include/mission_layer_mvibot/mvibot_mission/marker_function.h:1698:51:\x1b[m\x1b[K \x1b[01;35m\x1b[Kwarning: \x1b[m\x1b[Ksuggest parentheses around comparison in operand of \xe2\x80\x98\x1b[01m\x1b[K|\x1b[m\x1b[K\xe2\x80\x99 [\x1b[01;35m\x1b[K\x1b]8;;https://gcc.gnu.org/onlinedocs/gcc/Warning-Options.html#index-Wparentheses\x07-Wparentheses\x1b]8;;\x07\x1b[m\x1b[K]\n'}
[9.832574] (mission_layer_mvibot) StderrLine: {'line': b' 1698 |                 if(\x1b[01;35m\x1b[Kfabs(fabs(delta-beta)-2*M_PI/3)<=M_PI/180*10\x1b[m\x1b[K | fabs(fabs(delta-beta)-M_PI/3)<=M_PI/180*10)\n'}
[9.832668] (mission_layer_mvibot) StderrLine: {'line': b'      |                    \x1b[01;35m\x1b[K~~~~~~~~~~~~~~~~~~~~~~~~~~~~~~~^~~~~~~~~~~~~\x1b[m\x1b[K\n'}
[9.832733] (mission_layer_mvibot) StderrLine: {'line': b'\x1b[01m\x1b[K/home/mvibot/floorCleaningRobot_ws/src/mission_layer_mvibot/src/../include/mission_layer_mvibot/mvibot_mission/marker_function.h:1700:55:\x1b[m\x1b[K \x1b[01;35m\x1b[Kwarning: \x1b[m\x1b[Ksuggest parentheses around comparison in operand of \xe2\x80\x98\x1b[01m\x1b[K|\x1b[m\x1b[K\xe2\x80\x99 [\x1b[01;35m\x1b[K\x1b]8;;https://gcc.gnu.org/onlinedocs/gcc/Warning-Options.html#index-Wparentheses\x07-Wparentheses\x1b]8;;\x07\x1b[m\x1b[K]\n'}
[9.832801] (mission_layer_mvibot) StderrLine: {'line': b' 1700 |                     if(\x1b[01;35m\x1b[Kfabs(fabs(beta-ampha)-5*M_PI/6)< M_PI/180*10\x1b[m\x1b[K | fabs(fabs(beta-ampha)-1*M_PI/6)< M_PI/180*10){\n'}
[9.832867] (mission_layer_mvibot) StderrLine: {'line': b'      |                        \x1b[01;35m\x1b[K~~~~~~~~~~~~~~~~~~~~~~~~~~~~~~~^~~~~~~~~~~~~\x1b[m\x1b[K\n'}
[9.832936] (mission_layer_mvibot) StderrLine: {'line': b'\x1b[01m\x1b[K/home/mvibot/floorCleaningRobot_ws/src/mission_layer_mvibot/src/../include/mission_layer_mvibot/mvibot_mission/marker_function.h:1701:32:\x1b[m\x1b[K \x1b[01;35m\x1b[Kwarning: \x1b[m\x1b[Ksuggest parentheses around comparison in operand of \xe2\x80\x98\x1b[01m\x1b[K&\x1b[m\x1b[K\xe2\x80\x99 [\x1b[01;35m\x1b[K\x1b]8;;https://gcc.gnu.org/onlinedocs/gcc/Warning-Options.html#index-Wparentheses\x07-Wparentheses\x1b]8;;\x07\x1b[m\x1b[K]\n'}
[9.833092] (mission_layer_mvibot) StderrLine: {'line': b' 1701 |                         if(\x1b[01;35m\x1b[Kdis1>=0.35\x1b[m\x1b[K &  dis2 >=0.15 & dis2 <=0.2 &  dis3>=0.15 & dis3 <=0.2){\n'}
[9.833166] (mission_layer_mvibot) StderrLine: {'line': b'      |                            \x1b[01;35m\x1b[K~~~~^~~~~~\x1b[m\x1b[K\n'}
[9.833237] (mission_layer_mvibot) StderrLine: {'line': b'\x1b[01m\x1b[K/home/mvibot/floorCleaningRobot_ws/src/mission_layer_mvibot/src/../include/mission_layer_mvibot/mvibot_mission/marker_function.h:1701:61:\x1b[m\x1b[K \x1b[01;35m\x1b[Kwarning: \x1b[m\x1b[Ksuggest parentheses around comparison in operand of \xe2\x80\x98\x1b[01m\x1b[K&\x1b[m\x1b[K\xe2\x80\x99 [\x1b[01;35m\x1b[K\x1b]8;;https://gcc.gnu.org/onlinedocs/gcc/Warning-Options.html#index-Wparentheses\x07-Wparentheses\x1b]8;;\x07\x1b[m\x1b[K]\n'}
[9.833312] (mission_layer_mvibot) StderrLine: {'line': b' 1701 |                         if(dis1>=0.35 &  dis2 >=0.15 & \x1b[01;35m\x1b[Kdis2 <=0.2\x1b[m\x1b[K &  dis3>=0.15 & dis3 <=0.2){\n'}
[9.833392] (mission_layer_mvibot) StderrLine: {'line': b'      |                                                        \x1b[01;35m\x1b[K~~~~~^~~~~\x1b[m\x1b[K\n'}
[9.833481] (mission_layer_mvibot) StderrLine: {'line': b'\x1b[01m\x1b[K/home/mvibot/floorCleaningRobot_ws/src/mission_layer_mvibot/src/../include/mission_layer_mvibot/mvibot_mission/marker_function.h:1701:74:\x1b[m\x1b[K \x1b[01;35m\x1b[Kwarning: \x1b[m\x1b[Ksuggest parentheses around comparison in operand of \xe2\x80\x98\x1b[01m\x1b[K&\x1b[m\x1b[K\xe2\x80\x99 [\x1b[01;35m\x1b[K\x1b]8;;https://gcc.gnu.org/onlinedocs/gcc/Warning-Options.html#index-Wparentheses\x07-Wparentheses\x1b]8;;\x07\x1b[m\x1b[K]\n'}
[9.833579] (mission_layer_mvibot) StderrLine: {'line': b' 1701 |                         if(dis1>=0.35 &  dis2 >=0.15 & dis2 <=0.2 &  \x1b[01;35m\x1b[Kdis3>=0.15\x1b[m\x1b[K & dis3 <=0.2){\n'}
[9.833656] (mission_layer_mvibot) StderrLine: {'line': b'      |                                                                      \x1b[01;35m\x1b[K~~~~^~~~~~\x1b[m\x1b[K\n'}
[9.833743] (mission_layer_mvibot) StderrLine: {'line': b'\x1b[01m\x1b[K/home/mvibot/floorCleaningRobot_ws/src/mission_layer_mvibot/src/../include/mission_layer_mvibot/mvibot_mission/marker_function.h:1701:88:\x1b[m\x1b[K \x1b[01;35m\x1b[Kwarning: \x1b[m\x1b[Ksuggest parentheses around comparison in operand of \xe2\x80\x98\x1b[01m\x1b[K&\x1b[m\x1b[K\xe2\x80\x99 [\x1b[01;35m\x1b[K\x1b]8;;https://gcc.gnu.org/onlinedocs/gcc/Warning-Options.html#index-Wparentheses\x07-Wparentheses\x1b]8;;\x07\x1b[m\x1b[K]\n'}
[9.833877] (mission_layer_mvibot) StderrLine: {'line': b' 1701 |                         if(dis1>=0.35 &  dis2 >=0.15 & dis2 <=0.2 &  dis3>=0.15 & \x1b[01;35m\x1b[Kdis3 <=0.2\x1b[m\x1b[K){\n'}
[9.833948] (mission_layer_mvibot) StderrLine: {'line': b'      |                                                                                   \x1b[01;35m\x1b[K~~~~~^~~~~\x1b[m\x1b[K\n'}
[9.834042] (mission_layer_mvibot) StderrLine: {'line': b'\x1b[01m\x1b[K/home/mvibot/floorCleaningRobot_ws/src/mission_layer_mvibot/src/../include/mission_layer_mvibot/mvibot_mission/marker_function.h:1712:42:\x1b[m\x1b[K \x1b[01;35m\x1b[Kwarning: \x1b[m\x1b[Kcomparison of integer expressions of different signedness: \xe2\x80\x98\x1b[01m\x1b[Kint\x1b[m\x1b[K\xe2\x80\x99 and \xe2\x80\x98\x1b[01m\x1b[Kstd::vector<point>::size_type\x1b[m\x1b[K\xe2\x80\x99 {aka \xe2\x80\x98\x1b[01m\x1b[Klong unsigned int\x1b[m\x1b[K\xe2\x80\x99} [\x1b[01;35m\x1b[K\x1b]8;;https://gcc.gnu.org/onlinedocs/gcc/Warning-Options.html#index-Wsign-compare\x07-Wsign-compare\x1b]8;;\x07\x1b[m\x1b[K]\n'}
[9.834118] (mission_layer_mvibot) StderrLine: {'line': b' 1712 |                             for(int k=0;\x1b[01;35m\x1b[Kk<my_data.my_group3[i].points.size()\x1b[m\x1b[K;k++){\n'}
[9.834180] (mission_layer_mvibot) StderrLine: {'line': b'      |                                         \x1b[01;35m\x1b[K~^~~~~~~~~~~~~~~~~~~~~~~~~~~~~~~~~~~\x1b[m\x1b[K\n'}
[9.834243] (mission_layer_mvibot) StderrLine: {'line': b'\x1b[01m\x1b[K/home/mvibot/floorCleaningRobot_ws/src/mission_layer_mvibot/src/../include/mission_layer_mvibot/mvibot_mission/marker_function.h:1730:22:\x1b[m\x1b[K \x1b[01;35m\x1b[Kwarning: \x1b[m\x1b[Kcomparison of integer expressions of different signedness: \xe2\x80\x98\x1b[01m\x1b[Kint\x1b[m\x1b[K\xe2\x80\x99 and \xe2\x80\x98\x1b[01m\x1b[Kstd::vector<point>::size_type\x1b[m\x1b[K\xe2\x80\x99 {aka \xe2\x80\x98\x1b[01m\x1b[Klong unsigned int\x1b[m\x1b[K\xe2\x80\x99} [\x1b[01;35m\x1b[K\x1b]8;;https://gcc.gnu.org/onlinedocs/gcc/Warning-Options.html#index-Wsign-compare\x07-Wsign-compare\x1b]8;;\x07\x1b[m\x1b[K]\n'}
[9.834341] (mission_layer_mvibot) StderrLine: {'line': b' 1730 |         for(int i=0;\x1b[01;35m\x1b[Ki<line1.points.size()\x1b[m\x1b[K;i++){\n'}
[9.834420] (mission_layer_mvibot) StderrLine: {'line': b'      |                     \x1b[01;35m\x1b[K~^~~~~~~~~~~~~~~~~~~~\x1b[m\x1b[K\n'}
[9.834504] (mission_layer_mvibot) StderrLine: {'line': b'\x1b[01m\x1b[K/home/mvibot/floorCleaningRobot_ws/src/mission_layer_mvibot/src/../include/mission_layer_mvibot/mvibot_mission/marker_function.h:1738:22:\x1b[m\x1b[K \x1b[01;35m\x1b[Kwarning: \x1b[m\x1b[Kcomparison of integer expressions of different signedness: \xe2\x80\x98\x1b[01m\x1b[Kint\x1b[m\x1b[K\xe2\x80\x99 and \xe2\x80\x98\x1b[01m\x1b[Kstd::vector<point>::size_type\x1b[m\x1b[K\xe2\x80\x99 {aka \xe2\x80\x98\x1b[01m\x1b[Klong unsigned int\x1b[m\x1b[K\xe2\x80\x99} [\x1b[01;35m\x1b[K\x1b]8;;https://gcc.gnu.org/onlinedocs/gcc/Warning-Options.html#index-Wsign-compare\x07-Wsign-compare\x1b]8;;\x07\x1b[m\x1b[K]\n'}
[9.834576] (mission_layer_mvibot) StderrLine: {'line': b' 1738 |         for(int i=0;\x1b[01;35m\x1b[Ki<line1.points.size()\x1b[m\x1b[K;i++){\n'}
[9.834638] (mission_layer_mvibot) StderrLine: {'line': b'      |                     \x1b[01;35m\x1b[K~^~~~~~~~~~~~~~~~~~~~\x1b[m\x1b[K\n'}
[9.834699] (mission_layer_mvibot) StderrLine: {'line': b'\x1b[01m\x1b[K/home/mvibot/floorCleaningRobot_ws/src/mission_layer_mvibot/src/../include/mission_layer_mvibot/mvibot_mission/marker_function.h:1748:22:\x1b[m\x1b[K \x1b[01;35m\x1b[Kwarning: \x1b[m\x1b[Kcomparison of integer expressions of different signedness: \xe2\x80\x98\x1b[01m\x1b[Kint\x1b[m\x1b[K\xe2\x80\x99 and \xe2\x80\x98\x1b[01m\x1b[Kstd::vector<point>::size_type\x1b[m\x1b[K\xe2\x80\x99 {aka \xe2\x80\x98\x1b[01m\x1b[Klong unsigned int\x1b[m\x1b[K\xe2\x80\x99} [\x1b[01;35m\x1b[K\x1b]8;;https://gcc.gnu.org/onlinedocs/gcc/Warning-Options.html#index-Wsign-compare\x07-Wsign-compare\x1b]8;;\x07\x1b[m\x1b[K]\n'}
[9.834785] (mission_layer_mvibot) StderrLine: {'line': b' 1748 |         for(int i=0;\x1b[01;35m\x1b[Ki<line2.points.size()\x1b[m\x1b[K;i++){\n'}
[9.834856] (mission_layer_mvibot) StderrLine: {'line': b'      |                     \x1b[01;35m\x1b[K~^~~~~~~~~~~~~~~~~~~~\x1b[m\x1b[K\n'}
[9.834920] (mission_layer_mvibot) StderrLine: {'line': b'\x1b[01m\x1b[K/home/mvibot/floorCleaningRobot_ws/src/mission_layer_mvibot/src/../include/mission_layer_mvibot/mvibot_mission/marker_function.h:1756:22:\x1b[m\x1b[K \x1b[01;35m\x1b[Kwarning: \x1b[m\x1b[Kcomparison of integer expressions of different signedness: \xe2\x80\x98\x1b[01m\x1b[Kint\x1b[m\x1b[K\xe2\x80\x99 and \xe2\x80\x98\x1b[01m\x1b[Kstd::vector<point>::size_type\x1b[m\x1b[K\xe2\x80\x99 {aka \xe2\x80\x98\x1b[01m\x1b[Klong unsigned int\x1b[m\x1b[K\xe2\x80\x99} [\x1b[01;35m\x1b[K\x1b]8;;https://gcc.gnu.org/onlinedocs/gcc/Warning-Options.html#index-Wsign-compare\x07-Wsign-compare\x1b]8;;\x07\x1b[m\x1b[K]\n'}
[9.834991] (mission_layer_mvibot) StderrLine: {'line': b' 1756 |         for(int i=0;\x1b[01;35m\x1b[Ki<line2.points.size()\x1b[m\x1b[K;i++){\n'}
[9.835063] (mission_layer_mvibot) StderrLine: {'line': b'      |                     \x1b[01;35m\x1b[K~^~~~~~~~~~~~~~~~~~~~\x1b[m\x1b[K\n'}
[9.835130] (mission_layer_mvibot) StderrLine: {'line': b'\x1b[01m\x1b[K/home/mvibot/floorCleaningRobot_ws/src/mission_layer_mvibot/src/../include/mission_layer_mvibot/mvibot_mission/marker_function.h:1766:22:\x1b[m\x1b[K \x1b[01;35m\x1b[Kwarning: \x1b[m\x1b[Kcomparison of integer expressions of different signedness: \xe2\x80\x98\x1b[01m\x1b[Kint\x1b[m\x1b[K\xe2\x80\x99 and \xe2\x80\x98\x1b[01m\x1b[Kstd::vector<point>::size_type\x1b[m\x1b[K\xe2\x80\x99 {aka \xe2\x80\x98\x1b[01m\x1b[Klong unsigned int\x1b[m\x1b[K\xe2\x80\x99} [\x1b[01;35m\x1b[K\x1b]8;;https://gcc.gnu.org/onlinedocs/gcc/Warning-Options.html#index-Wsign-compare\x07-Wsign-compare\x1b]8;;\x07\x1b[m\x1b[K]\n'}
[9.835194] (mission_layer_mvibot) StderrLine: {'line': b' 1766 |         for(int i=0;\x1b[01;35m\x1b[Ki<line3.points.size()\x1b[m\x1b[K;i++){\n'}
[9.835256] (mission_layer_mvibot) StderrLine: {'line': b'      |                     \x1b[01;35m\x1b[K~^~~~~~~~~~~~~~~~~~~~\x1b[m\x1b[K\n'}
[9.835321] (mission_layer_mvibot) StderrLine: {'line': b'\x1b[01m\x1b[K/home/mvibot/floorCleaningRobot_ws/src/mission_layer_mvibot/src/../include/mission_layer_mvibot/mvibot_mission/marker_function.h:1774:22:\x1b[m\x1b[K \x1b[01;35m\x1b[Kwarning: \x1b[m\x1b[Kcomparison of integer expressions of different signedness: \xe2\x80\x98\x1b[01m\x1b[Kint\x1b[m\x1b[K\xe2\x80\x99 and \xe2\x80\x98\x1b[01m\x1b[Kstd::vector<point>::size_type\x1b[m\x1b[K\xe2\x80\x99 {aka \xe2\x80\x98\x1b[01m\x1b[Klong unsigned int\x1b[m\x1b[K\xe2\x80\x99} [\x1b[01;35m\x1b[K\x1b]8;;https://gcc.gnu.org/onlinedocs/gcc/Warning-Options.html#index-Wsign-compare\x07-Wsign-compare\x1b]8;;\x07\x1b[m\x1b[K]\n'}
[9.835385] (mission_layer_mvibot) StderrLine: {'line': b' 1774 |         for(int i=0;\x1b[01;35m\x1b[Ki<line3.points.size()\x1b[m\x1b[K;i++){\n'}
[9.835446] (mission_layer_mvibot) StderrLine: {'line': b'      |                     \x1b[01;35m\x1b[K~^~~~~~~~~~~~~~~~~~~~\x1b[m\x1b[K\n'}
[9.843115] (mission_layer_mvibot) StderrLine: {'line': b'In file included from \x1b[01m\x1b[K/home/mvibot/floorCleaningRobot_ws/src/mission_layer_mvibot/src/mvibot_mission.cpp:8\x1b[m\x1b[K:\n'}
[9.843258] (mission_layer_mvibot) StderrLine: {'line': b'\x1b[01m\x1b[K/home/mvibot/floorCleaningRobot_ws/src/mission_layer_mvibot/src/../include/mission_layer_mvibot/mvibot_mission/variable_function.h:\x1b[m\x1b[K In member function \xe2\x80\x98\x1b[01m\x1b[Kvoid multiple_variable_local::\x1b[01;32m\x1b[Kadd_var\x1b[m\x1b[K(variable_local)\x1b[m\x1b[K\xe2\x80\x99:\n'}
[9.843332] (mission_layer_mvibot) StderrLine: {'line': b'\x1b[01m\x1b[K/home/mvibot/floorCleaningRobot_ws/src/mission_layer_mvibot/src/../include/mission_layer_mvibot/mvibot_mission/variable_function.h:31:18:\x1b[m\x1b[K \x1b[01;35m\x1b[Kwarning: \x1b[m\x1b[Kcomparison of integer expressions of different signedness: \xe2\x80\x98\x1b[01m\x1b[Kint\x1b[m\x1b[K\xe2\x80\x99 and \xe2\x80\x98\x1b[01m\x1b[Kstd::vector<variable_local>::size_type\x1b[m\x1b[K\xe2\x80\x99 {aka \xe2\x80\x98\x1b[01m\x1b[Klong unsigned int\x1b[m\x1b[K\xe2\x80\x99} [\x1b[01;35m\x1b[K\x1b]8;;https://gcc.gnu.org/onlinedocs/gcc/Warning-Options.html#index-Wsign-compare\x07-Wsign-compare\x1b]8;;\x07\x1b[m\x1b[K]\n'}
[9.843417] (mission_layer_mvibot) StderrLine: {'line': b'   31 |     for(int i=0;\x1b[01;35m\x1b[Ki<var.size()\x1b[m\x1b[K;i++){\n'}
[9.843483] (mission_layer_mvibot) StderrLine: {'line': b'      |                 \x1b[01;35m\x1b[K~^~~~~~~~~~~\x1b[m\x1b[K\n'}
[9.843628] (mission_layer_mvibot) StderrLine: {'line': b'\x1b[01m\x1b[K/home/mvibot/floorCleaningRobot_ws/src/mission_layer_mvibot/src/../include/mission_layer_mvibot/mvibot_mission/variable_function.h:\x1b[m\x1b[K In member function \xe2\x80\x98\x1b[01m\x1b[Kvoid multiple_variable_local::\x1b[01;32m\x1b[Kupdate_var\x1b[m\x1b[K(variable_local)\x1b[m\x1b[K\xe2\x80\x99:\n'}
[9.843717] (mission_layer_mvibot) StderrLine: {'line': b'\x1b[01m\x1b[K/home/mvibot/floorCleaningRobot_ws/src/mission_layer_mvibot/src/../include/mission_layer_mvibot/mvibot_mission/variable_function.h:45:18:\x1b[m\x1b[K \x1b[01;35m\x1b[Kwarning: \x1b[m\x1b[Kcomparison of integer expressions of different signedness: \xe2\x80\x98\x1b[01m\x1b[Kint\x1b[m\x1b[K\xe2\x80\x99 and \xe2\x80\x98\x1b[01m\x1b[Kstd::vector<variable_local>::size_type\x1b[m\x1b[K\xe2\x80\x99 {aka \xe2\x80\x98\x1b[01m\x1b[Klong unsigned int\x1b[m\x1b[K\xe2\x80\x99} [\x1b[01;35m\x1b[K\x1b]8;;https://gcc.gnu.org/onlinedocs/gcc/Warning-Options.html#index-Wsign-compare\x07-Wsign-compare\x1b]8;;\x07\x1b[m\x1b[K]\n'}
[9.843814] (mission_layer_mvibot) StderrLine: {'line': b'   45 |     for(int i=0;\x1b[01;35m\x1b[Ki<var.size()\x1b[m\x1b[K;i++){\n'}
[9.843914] (mission_layer_mvibot) StderrLine: {'line': b'      |                 \x1b[01;35m\x1b[K~^~~~~~~~~~~\x1b[m\x1b[K\n'}
[9.844026] (mission_layer_mvibot) StderrLine: {'line': b'\x1b[01m\x1b[K/home/mvibot/floorCleaningRobot_ws/src/mission_layer_mvibot/src/../include/mission_layer_mvibot/mvibot_mission/variable_function.h:\x1b[m\x1b[K In member function \xe2\x80\x98\x1b[01m\x1b[Kvoid multiple_variable_local::\x1b[01;32m\x1b[Kreset_all\x1b[m\x1b[K()\x1b[m\x1b[K\xe2\x80\x99:\n'}
[9.844111] (mission_layer_mvibot) StderrLine: {'line': b'\x1b[01m\x1b[K/home/mvibot/floorCleaningRobot_ws/src/mission_layer_mvibot/src/../include/mission_layer_mvibot/mvibot_mission/variable_function.h:58:18:\x1b[m\x1b[K \x1b[01;35m\x1b[Kwarning: \x1b[m\x1b[Kcomparison of integer expressions of different signedness: \xe2\x80\x98\x1b[01m\x1b[Kint\x1b[m\x1b[K\xe2\x80\x99 and \xe2\x80\x98\x1b[01m\x1b[Kstd::vector<variable_local>::size_type\x1b[m\x1b[K\xe2\x80\x99 {aka \xe2\x80\x98\x1b[01m\x1b[Klong unsigned int\x1b[m\x1b[K\xe2\x80\x99} [\x1b[01;35m\x1b[K\x1b]8;;https://gcc.gnu.org/onlinedocs/gcc/Warning-Options.html#index-Wsign-compare\x07-Wsign-compare\x1b]8;;\x07\x1b[m\x1b[K]\n'}
[9.844178] (mission_layer_mvibot) StderrLine: {'line': b'   58 |     for(int i=0;\x1b[01;35m\x1b[Ki<var.size()\x1b[m\x1b[K;i++){\n'}
[9.844242] (mission_layer_mvibot) StderrLine: {'line': b'      |                 \x1b[01;35m\x1b[K~^~~~~~~~~~~\x1b[m\x1b[K\n'}
[9.844459] (mission_layer_mvibot) StderrLine: {'line': b'\x1b[01m\x1b[K/home/mvibot/floorCleaningRobot_ws/src/mission_layer_mvibot/src/../include/mission_layer_mvibot/mvibot_mission/variable_function.h:\x1b[m\x1b[K In member function \xe2\x80\x98\x1b[01m\x1b[Kvoid multiple_variable_local::\x1b[01;32m\x1b[Kprint\x1b[m\x1b[K()\x1b[m\x1b[K\xe2\x80\x99:\n'}
[9.844601] (mission_layer_mvibot) StderrLine: {'line': b'\x1b[01m\x1b[K/home/mvibot/floorCleaningRobot_ws/src/mission_layer_mvibot/src/../include/mission_layer_mvibot/mvibot_mission/variable_function.h:68:18:\x1b[m\x1b[K \x1b[01;35m\x1b[Kwarning: \x1b[m\x1b[Kcomparison of integer expressions of different signedness: \xe2\x80\x98\x1b[01m\x1b[Kint\x1b[m\x1b[K\xe2\x80\x99 and \xe2\x80\x98\x1b[01m\x1b[Kstd::vector<variable_local>::size_type\x1b[m\x1b[K\xe2\x80\x99 {aka \xe2\x80\x98\x1b[01m\x1b[Klong unsigned int\x1b[m\x1b[K\xe2\x80\x99} [\x1b[01;35m\x1b[K\x1b]8;;https://gcc.gnu.org/onlinedocs/gcc/Warning-Options.html#index-Wsign-compare\x07-Wsign-compare\x1b]8;;\x07\x1b[m\x1b[K]\n'}
[9.844731] (mission_layer_mvibot) StderrLine: {'line': b'   68 |     for(int i=0;\x1b[01;35m\x1b[Ki<var.size()\x1b[m\x1b[K;i++){\n'}
[9.844832] (mission_layer_mvibot) StderrLine: {'line': b'      |                 \x1b[01;35m\x1b[K~^~~~~~~~~~~\x1b[m\x1b[K\n'}
[9.854676] (mission_layer_mvibot) StderrLine: {'line': b'\x1b[01m\x1b[K/home/mvibot/floorCleaningRobot_ws/src/mission_layer_mvibot/src/../include/mission_layer_mvibot/mvibot_mission/variable_function.h:\x1b[m\x1b[K In member function \xe2\x80\x98\x1b[01m\x1b[Kvoid variable_function::\x1b[01;32m\x1b[Kpub_variable\x1b[m\x1b[K()\x1b[m\x1b[K\xe2\x80\x99:\n'}
[9.854837] (mission_layer_mvibot) StderrLine: {'line': b'\x1b[01m\x1b[K/home/mvibot/floorCleaningRobot_ws/src/mission_layer_mvibot/src/../include/mission_layer_mvibot/mvibot_mission/variable_function.h:210:22:\x1b[m\x1b[K \x1b[01;35m\x1b[Kwarning: \x1b[m\x1b[Kcomparison of integer expressions of different signedness: \xe2\x80\x98\x1b[01m\x1b[Kint\x1b[m\x1b[K\xe2\x80\x99 and \xe2\x80\x98\x1b[01m\x1b[Kstd::vector<variable_local>::size_type\x1b[m\x1b[K\xe2\x80\x99 {aka \xe2\x80\x98\x1b[01m\x1b[Klong unsigned int\x1b[m\x1b[K\xe2\x80\x99} [\x1b[01;35m\x1b[K\x1b]8;;https://gcc.gnu.org/onlinedocs/gcc/Warning-Options.html#index-Wsign-compare\x07-Wsign-compare\x1b]8;;\x07\x1b[m\x1b[K]\n'}
[9.854923] (mission_layer_mvibot) StderrLine: {'line': b'  210 |         for(int i=0;\x1b[01;35m\x1b[Ki<my_vars_local.var.size()\x1b[m\x1b[K;i++){\n'}
[9.854998] (mission_layer_mvibot) StderrLine: {'line': b'      |                     \x1b[01;35m\x1b[K~^~~~~~~~~~~~~~~~~~~~~~~~~\x1b[m\x1b[K\n'}
[9.873410] (mission_layer_mvibot) StderrLine: {'line': b'\x1b[01m\x1b[K/home/mvibot/floorCleaningRobot_ws/src/mission_layer_mvibot/src/../include/mission_layer_mvibot/mvibot_mission/variable_function.h:\x1b[m\x1b[K In member function \xe2\x80\x98\x1b[01m\x1b[Kint variable_function::\x1b[01;32m\x1b[Kaction\x1b[m\x1b[K()\x1b[m\x1b[K\xe2\x80\x99:\n'}
[9.873569] (mission_layer_mvibot) StderrLine: {'line': b'\x1b[01m\x1b[K/home/mvibot/floorCleaningRobot_ws/src/mission_layer_mvibot/src/../include/mission_layer_mvibot/mvibot_mission/variable_function.h:238:22:\x1b[m\x1b[K \x1b[01;35m\x1b[Kwarning: \x1b[m\x1b[Kcomparison of integer expressions of different signedness: \xe2\x80\x98\x1b[01m\x1b[Kint\x1b[m\x1b[K\xe2\x80\x99 and \xe2\x80\x98\x1b[01m\x1b[Kstd::vector<variable_local>::size_type\x1b[m\x1b[K\xe2\x80\x99 {aka \xe2\x80\x98\x1b[01m\x1b[Klong unsigned int\x1b[m\x1b[K\xe2\x80\x99} [\x1b[01;35m\x1b[K\x1b]8;;https://gcc.gnu.org/onlinedocs/gcc/Warning-Options.html#index-Wsign-compare\x07-Wsign-compare\x1b]8;;\x07\x1b[m\x1b[K]\n'}
[9.873652] (mission_layer_mvibot) StderrLine: {'line': b'  238 |         for(int i=0;\x1b[01;35m\x1b[Ki<my_vars_local.var.size()\x1b[m\x1b[K;i++){\n'}
[9.873721] (mission_layer_mvibot) StderrLine: {'line': b'      |                     \x1b[01;35m\x1b[K~^~~~~~~~~~~~~~~~~~~~~~~~~\x1b[m\x1b[K\n'}
[9.906311] (mission_layer_mvibot) StderrLine: {'line': b'In file included from \x1b[01m\x1b[K/home/mvibot/floorCleaningRobot_ws/src/mission_layer_mvibot/src/mvibot_mission.cpp:9\x1b[m\x1b[K:\n'}
[9.906463] (mission_layer_mvibot) StderrLine: {'line': b'\x1b[01m\x1b[K/home/mvibot/floorCleaningRobot_ws/src/mission_layer_mvibot/src/../include/mission_layer_mvibot/mvibot_mission/gpio_function.h:\x1b[m\x1b[K In member function \xe2\x80\x98\x1b[01m\x1b[Kint gpio_function::\x1b[01;32m\x1b[Kaction\x1b[m\x1b[K()\x1b[m\x1b[K\xe2\x80\x99:\n'}
[9.906536] (mission_layer_mvibot) StderrLine: {'line': b'\x1b[01m\x1b[K/home/mvibot/floorCleaningRobot_ws/src/mission_layer_mvibot/src/../include/mission_layer_mvibot/mvibot_mission/gpio_function.h:156:16:\x1b[m\x1b[K \x1b[01;35m\x1b[Kwarning: \x1b[m\x1b[Kunused variable \xe2\x80\x98\x1b[01m\x1b[Kvalue_return\x1b[m\x1b[K\xe2\x80\x99 [\x1b[01;35m\x1b[K\x1b]8;;https://gcc.gnu.org/onlinedocs/gcc/Warning-Options.html#index-Wunused-variable\x07-Wunused-variable\x1b]8;;\x07\x1b[m\x1b[K]\n'}
[9.906626] (mission_layer_mvibot) StderrLine: {'line': b'  156 |     static int \x1b[01;35m\x1b[Kvalue_return\x1b[m\x1b[K;\n'}
[9.906691] (mission_layer_mvibot) StderrLine: {'line': b'      |                \x1b[01;35m\x1b[K^~~~~~~~~~~~\x1b[m\x1b[K\n'}
[9.922241] (-) TimerEvent: {}
[10.022428] (-) TimerEvent: {}
[10.122615] (-) TimerEvent: {}
[10.222780] (-) TimerEvent: {}
[10.323088] (-) TimerEvent: {}
[10.423296] (-) TimerEvent: {}
[10.523510] (-) TimerEvent: {}
[10.623714] (-) TimerEvent: {}
[10.723935] (-) TimerEvent: {}
[10.824181] (-) TimerEvent: {}
[10.924366] (-) TimerEvent: {}
[11.024697] (-) TimerEvent: {}
[11.124923] (-) TimerEvent: {}
[11.225158] (-) TimerEvent: {}
[11.325431] (-) TimerEvent: {}
[11.425759] (-) TimerEvent: {}
[11.526056] (-) TimerEvent: {}
[11.626308] (-) TimerEvent: {}
[11.726533] (-) TimerEvent: {}
[11.826788] (-) TimerEvent: {}
[11.927039] (-) TimerEvent: {}
[12.027287] (-) TimerEvent: {}
[12.127493] (-) TimerEvent: {}
[12.227718] (-) TimerEvent: {}
[12.328054] (-) TimerEvent: {}
[12.428356] (-) TimerEvent: {}
[12.528647] (-) TimerEvent: {}
[12.628878] (-) TimerEvent: {}
[12.729085] (-) TimerEvent: {}
[12.829325] (-) TimerEvent: {}
[12.929554] (-) TimerEvent: {}
[13.029792] (-) TimerEvent: {}
[13.130046] (-) TimerEvent: {}
[13.230285] (-) TimerEvent: {}
[13.330544] (-) TimerEvent: {}
[13.430832] (-) TimerEvent: {}
[13.531027] (-) TimerEvent: {}
[13.631283] (-) TimerEvent: {}
[13.731558] (-) TimerEvent: {}
[13.831826] (-) TimerEvent: {}
[13.932004] (-) TimerEvent: {}
[14.032261] (-) TimerEvent: {}
[14.132525] (-) TimerEvent: {}
[14.232764] (-) TimerEvent: {}
[14.333051] (-) TimerEvent: {}
[14.433293] (-) TimerEvent: {}
[14.533502] (-) TimerEvent: {}
[14.633698] (-) TimerEvent: {}
[14.733906] (-) TimerEvent: {}
[14.834080] (-) TimerEvent: {}
[14.934292] (-) TimerEvent: {}
[15.034498] (-) TimerEvent: {}
[15.134700] (-) TimerEvent: {}
[15.234909] (-) TimerEvent: {}
[15.335175] (-) TimerEvent: {}
[15.435468] (-) TimerEvent: {}
[15.535688] (-) TimerEvent: {}
[15.635921] (-) TimerEvent: {}
[15.736136] (-) TimerEvent: {}
[15.836334] (-) TimerEvent: {}
[15.936525] (-) TimerEvent: {}
[16.036739] (-) TimerEvent: {}
[16.136942] (-) TimerEvent: {}
[16.237153] (-) TimerEvent: {}
[16.337334] (-) TimerEvent: {}
[16.437541] (-) TimerEvent: {}
[16.537766] (-) TimerEvent: {}
[16.637980] (-) TimerEvent: {}
[16.738185] (-) TimerEvent: {}
[16.838421] (-) TimerEvent: {}
[16.938636] (-) TimerEvent: {}
[17.038842] (-) TimerEvent: {}
[17.139051] (-) TimerEvent: {}
[17.239276] (-) TimerEvent: {}
[17.339512] (-) TimerEvent: {}
[17.439742] (-) TimerEvent: {}
[17.539979] (-) TimerEvent: {}
[17.640267] (-) TimerEvent: {}
[17.740481] (-) TimerEvent: {}
[17.840694] (-) TimerEvent: {}
[17.940898] (-) TimerEvent: {}
[18.041146] (-) TimerEvent: {}
[18.141356] (-) TimerEvent: {}
[18.241546] (-) TimerEvent: {}
[18.341744] (-) TimerEvent: {}
[18.441933] (-) TimerEvent: {}
[18.542183] (-) TimerEvent: {}
[18.642365] (-) TimerEvent: {}
[18.742545] (-) TimerEvent: {}
[18.842733] (-) TimerEvent: {}
[18.942976] (-) TimerEvent: {}
[19.043184] (-) TimerEvent: {}
[19.143372] (-) TimerEvent: {}
[19.243559] (-) TimerEvent: {}
[19.343744] (-) TimerEvent: {}
[19.443929] (-) TimerEvent: {}
[19.544132] (-) TimerEvent: {}
[19.644322] (-) TimerEvent: {}
[19.744499] (-) TimerEvent: {}
[19.844747] (-) TimerEvent: {}
[19.944957] (-) TimerEvent: {}
[20.045127] (-) TimerEvent: {}
[20.145330] (-) TimerEvent: {}
[20.245579] (-) TimerEvent: {}
[20.345776] (-) TimerEvent: {}
[20.446012] (-) TimerEvent: {}
[20.546192] (-) TimerEvent: {}
[20.646390] (-) TimerEvent: {}
[20.746581] (-) TimerEvent: {}
[20.846799] (-) TimerEvent: {}
[20.946949] (-) TimerEvent: {}
[21.047149] (-) TimerEvent: {}
[21.147347] (-) TimerEvent: {}
[21.247548] (-) TimerEvent: {}
[21.347764] (-) TimerEvent: {}
[21.447938] (-) TimerEvent: {}
[21.548139] (-) TimerEvent: {}
[21.648407] (-) TimerEvent: {}
[21.748566] (-) TimerEvent: {}
[21.848773] (-) TimerEvent: {}
[21.948952] (-) TimerEvent: {}
[22.049175] (-) TimerEvent: {}
[22.149374] (-) TimerEvent: {}
[22.249588] (-) TimerEvent: {}
[22.349770] (-) TimerEvent: {}
[22.449955] (-) TimerEvent: {}
[22.550156] (-) TimerEvent: {}
[22.650346] (-) TimerEvent: {}
[22.750535] (-) TimerEvent: {}
[22.849713] (mission_layer_mvibot) StderrLine: {'line': b'\x1b[01m\x1b[K/home/mvibot/floorCleaningRobot_ws/src/mission_layer_mvibot/src/../include/mission_layer_mvibot/mvibot_mission/manage_mission.h:\x1b[m\x1b[K In member function \xe2\x80\x98\x1b[01m\x1b[Kint manage_mission::\x1b[01;32m\x1b[Kcheck_object\x1b[m\x1b[K(const json&)\x1b[m\x1b[K\xe2\x80\x99:\n'}
[22.849900] (mission_layer_mvibot) StderrLine: {'line': b'\x1b[01m\x1b[K/home/mvibot/floorCleaningRobot_ws/src/mission_layer_mvibot/src/../include/mission_layer_mvibot/mvibot_mission/manage_mission.h:735:1:\x1b[m\x1b[K \x1b[01;35m\x1b[Kwarning: \x1b[m\x1b[Kcontrol reaches end of non-void function [\x1b[01;35m\x1b[K\x1b]8;;https://gcc.gnu.org/onlinedocs/gcc/Warning-Options.html#index-Wreturn-type\x07-Wreturn-type\x1b]8;;\x07\x1b[m\x1b[K]\n'}
[22.850020] (mission_layer_mvibot) StderrLine: {'line': b'  735 | \x1b[01;35m\x1b[K}\x1b[m\x1b[K\n'}
[22.850133] (mission_layer_mvibot) StderrLine: {'line': b'      | \x1b[01;35m\x1b[K^\x1b[m\x1b[K\n'}
[22.850597] (-) TimerEvent: {}
[22.858518] (mission_layer_mvibot) StderrLine: {'line': b'\x1b[01m\x1b[K/home/mvibot/floorCleaningRobot_ws/src/mission_layer_mvibot/src/../include/mission_layer_mvibot/mvibot_mission/manage_mission.h:\x1b[m\x1b[K In member function \xe2\x80\x98\x1b[01m\x1b[Kint manage_mission::\x1b[01;32m\x1b[Khandle_content\x1b[m\x1b[K(const json&, const double&, double&, int&, rclcpp::Publisher<std_msgs::msg::String_<std::allocator<void> > >::SharedPtr, rclcpp::Publisher<std_msgs::msg::String_<std::allocator<void> > >::SharedPtr)\x1b[m\x1b[K\xe2\x80\x99:\n'}
[22.858692] (mission_layer_mvibot) StderrLine: {'line': b'\x1b[01m\x1b[K/home/mvibot/floorCleaningRobot_ws/src/mission_layer_mvibot/src/../include/mission_layer_mvibot/mvibot_mission/manage_mission.h:879:1:\x1b[m\x1b[K \x1b[01;35m\x1b[Kwarning: \x1b[m\x1b[Kcontrol reaches end of non-void function [\x1b[01;35m\x1b[K\x1b]8;;https://gcc.gnu.org/onlinedocs/gcc/Warning-Options.html#index-Wreturn-type\x07-Wreturn-type\x1b]8;;\x07\x1b[m\x1b[K]\n'}
[22.858770] (mission_layer_mvibot) StderrLine: {'line': b'  879 | \x1b[01;35m\x1b[K}\x1b[m\x1b[K\n'}
[22.858837] (mission_layer_mvibot) StderrLine: {'line': b'      | \x1b[01;35m\x1b[K^\x1b[m\x1b[K\n'}
[22.861375] (mission_layer_mvibot) StderrLine: {'line': b'\x1b[01m\x1b[K/home/mvibot/floorCleaningRobot_ws/src/mission_layer_mvibot/src/../include/mission_layer_mvibot/mvibot_mission/manage_mission.h:\x1b[m\x1b[K In member function \xe2\x80\x98\x1b[01m\x1b[Kint manage_mission::\x1b[01;32m\x1b[Kexecute_content\x1b[m\x1b[K(mission&, std::vector<std::__cxx11::basic_string<char>, std::allocator<std::__cxx11::basic_string<char> > >&, std::string&, std::string&, int&)\x1b[m\x1b[K\xe2\x80\x99:\n'}
[22.861579] (mission_layer_mvibot) StderrLine: {'line': b'\x1b[01m\x1b[K/home/mvibot/floorCleaningRobot_ws/src/mission_layer_mvibot/src/../include/mission_layer_mvibot/mvibot_mission/manage_mission.h:1160:1:\x1b[m\x1b[K \x1b[01;35m\x1b[Kwarning: \x1b[m\x1b[Kcontrol reaches end of non-void function [\x1b[01;35m\x1b[K\x1b]8;;https://gcc.gnu.org/onlinedocs/gcc/Warning-Options.html#index-Wreturn-type\x07-Wreturn-type\x1b]8;;\x07\x1b[m\x1b[K]\n'}
[22.861711] (mission_layer_mvibot) StderrLine: {'line': b' 1160 | \x1b[01;35m\x1b[K}\x1b[m\x1b[K\n'}
[22.861833] (mission_layer_mvibot) StderrLine: {'line': b'      | \x1b[01;35m\x1b[K^\x1b[m\x1b[K\n'}
[22.950704] (-) TimerEvent: {}
[23.050965] (-) TimerEvent: {}
[23.151224] (-) TimerEvent: {}
[23.251455] (-) TimerEvent: {}
[23.325500] (mission_layer_mvibot) StderrLine: {'line': b'\x1b[01m\x1b[K/home/mvibot/floorCleaningRobot_ws/src/mission_layer_mvibot/src/../include/mission_layer_mvibot/mvibot_mission/navigation_function.h:\x1b[m\x1b[K In member function \xe2\x80\x98\x1b[01m\x1b[Kint navigation_function::\x1b[01;32m\x1b[Kaction\x1b[m\x1b[K()\x1b[m\x1b[K\xe2\x80\x99:\n'}
[23.325675] (mission_layer_mvibot) StderrLine: {'line': b'\x1b[01m\x1b[K/home/mvibot/floorCleaningRobot_ws/src/mission_layer_mvibot/src/../include/mission_layer_mvibot/mvibot_mission/navigation_function.h:1140:1:\x1b[m\x1b[K \x1b[01;35m\x1b[Kwarning: \x1b[m\x1b[Kcontrol reaches end of non-void function [\x1b[01;35m\x1b[K\x1b]8;;https://gcc.gnu.org/onlinedocs/gcc/Warning-Options.html#index-Wreturn-type\x07-Wreturn-type\x1b]8;;\x07\x1b[m\x1b[K]\n'}
[23.325760] (mission_layer_mvibot) StderrLine: {'line': b' 1140 | \x1b[01;35m\x1b[K}\x1b[m\x1b[K\n'}
[23.325833] (mission_layer_mvibot) StderrLine: {'line': b'      | \x1b[01;35m\x1b[K^\x1b[m\x1b[K\n'}
[23.351534] (-) TimerEvent: {}
[23.451687] (-) TimerEvent: {}
[23.551865] (-) TimerEvent: {}
[23.652076] (-) TimerEvent: {}
[23.752283] (-) TimerEvent: {}
[23.852470] (-) TimerEvent: {}
[23.952641] (-) TimerEvent: {}
[24.052796] (-) TimerEvent: {}
[24.152961] (-) TimerEvent: {}
[24.253158] (-) TimerEvent: {}
[24.353344] (-) TimerEvent: {}
[24.453508] (-) TimerEvent: {}
[24.553691] (-) TimerEvent: {}
[24.653882] (-) TimerEvent: {}
[24.754065] (-) TimerEvent: {}
[24.854234] (-) TimerEvent: {}
[24.954400] (-) TimerEvent: {}
[25.054579] (-) TimerEvent: {}
[25.154718] (-) TimerEvent: {}
[25.254914] (-) TimerEvent: {}
[25.355066] (-) TimerEvent: {}
[25.455254] (-) TimerEvent: {}
[25.555449] (-) TimerEvent: {}
[25.655632] (-) TimerEvent: {}
[25.755816] (-) TimerEvent: {}
[25.856002] (-) TimerEvent: {}
[25.956202] (-) TimerEvent: {}
[26.056411] (-) TimerEvent: {}
[26.156606] (-) TimerEvent: {}
[26.256833] (-) TimerEvent: {}
[26.357071] (-) TimerEvent: {}
[26.457229] (-) TimerEvent: {}
[26.557420] (-) TimerEvent: {}
[26.657584] (-) TimerEvent: {}
[26.757828] (-) TimerEvent: {}
[26.858198] (-) TimerEvent: {}
[26.958440] (-) TimerEvent: {}
[27.058637] (-) TimerEvent: {}
[27.158805] (-) TimerEvent: {}
[27.258959] (-) TimerEvent: {}
[27.359182] (-) TimerEvent: {}
[27.459408] (-) TimerEvent: {}
[27.559617] (-) TimerEvent: {}
[27.659787] (-) TimerEvent: {}
[27.759938] (-) TimerEvent: {}
[27.860142] (-) TimerEvent: {}
[27.960370] (-) TimerEvent: {}
[28.060613] (-) TimerEvent: {}
[28.160826] (-) TimerEvent: {}
[28.261048] (-) TimerEvent: {}
[28.361229] (-) TimerEvent: {}
[28.461413] (-) TimerEvent: {}
[28.561594] (-) TimerEvent: {}
[28.661776] (-) TimerEvent: {}
[28.762013] (-) TimerEvent: {}
[28.862216] (-) TimerEvent: {}
[28.962421] (-) TimerEvent: {}
[29.062619] (-) TimerEvent: {}
[29.162859] (-) TimerEvent: {}
[29.263224] (-) TimerEvent: {}
[29.363444] (-) TimerEvent: {}
[29.463675] (-) TimerEvent: {}
[29.564076] (-) TimerEvent: {}
[29.664241] (-) TimerEvent: {}
[29.764477] (-) TimerEvent: {}
[29.864699] (-) TimerEvent: {}
[29.964925] (-) TimerEvent: {}
[30.065147] (-) TimerEvent: {}
[30.165332] (-) TimerEvent: {}
[30.265519] (-) TimerEvent: {}
[30.365710] (-) TimerEvent: {}
[30.465904] (-) TimerEvent: {}
[30.566107] (-) TimerEvent: {}
[30.666370] (-) TimerEvent: {}
[30.766575] (-) TimerEvent: {}
[30.866812] (-) TimerEvent: {}
[30.967019] (-) TimerEvent: {}
[31.067221] (-) TimerEvent: {}
[31.167426] (-) TimerEvent: {}
[31.267647] (-) TimerEvent: {}
[31.367905] (-) TimerEvent: {}
[31.468153] (-) TimerEvent: {}
[31.568354] (-) TimerEvent: {}
[31.668565] (-) TimerEvent: {}
[31.768805] (-) TimerEvent: {}
[31.869080] (-) TimerEvent: {}
[31.969303] (-) TimerEvent: {}
[32.069523] (-) TimerEvent: {}
[32.169776] (-) TimerEvent: {}
[32.270070] (-) TimerEvent: {}
[32.370331] (-) TimerEvent: {}
[32.470532] (-) TimerEvent: {}
[32.570732] (-) TimerEvent: {}
[32.670962] (-) TimerEvent: {}
[32.771176] (-) TimerEvent: {}
[32.871390] (-) TimerEvent: {}
[32.971567] (-) TimerEvent: {}
[33.071757] (-) TimerEvent: {}
[33.171946] (-) TimerEvent: {}
[33.272141] (-) TimerEvent: {}
[33.372330] (-) TimerEvent: {}
[33.472524] (-) TimerEvent: {}
[33.572712] (-) TimerEvent: {}
[33.672919] (-) TimerEvent: {}
[33.773202] (-) TimerEvent: {}
[33.873411] (-) TimerEvent: {}
[33.973686] (-) TimerEvent: {}
[34.073898] (-) TimerEvent: {}
[34.174069] (-) TimerEvent: {}
[34.274277] (-) TimerEvent: {}
[34.374490] (-) TimerEvent: {}
[34.474685] (-) TimerEvent: {}
[34.574883] (-) TimerEvent: {}
[34.675088] (-) TimerEvent: {}
[34.775314] (-) TimerEvent: {}
[34.875542] (-) TimerEvent: {}
[34.975893] (-) TimerEvent: {}
[35.076220] (-) TimerEvent: {}
[35.176535] (-) TimerEvent: {}
[35.276734] (-) TimerEvent: {}
[35.376953] (-) TimerEvent: {}
[35.477179] (-) TimerEvent: {}
[35.577354] (-) TimerEvent: {}
[35.677617] (-) TimerEvent: {}
[35.777868] (-) TimerEvent: {}
[35.878113] (-) TimerEvent: {}
[35.978370] (-) TimerEvent: {}
[36.078604] (-) TimerEvent: {}
[36.179099] (-) TimerEvent: {}
[36.279394] (-) TimerEvent: {}
[36.379614] (-) TimerEvent: {}
[36.479849] (-) TimerEvent: {}
[36.580194] (-) TimerEvent: {}
[36.680401] (-) TimerEvent: {}
[36.780615] (-) TimerEvent: {}
[36.880809] (-) TimerEvent: {}
[36.980998] (-) TimerEvent: {}
[37.081216] (-) TimerEvent: {}
[37.181412] (-) TimerEvent: {}
[37.281639] (-) TimerEvent: {}
[37.381935] (-) TimerEvent: {}
[37.482197] (-) TimerEvent: {}
[37.582465] (-) TimerEvent: {}
[37.682685] (-) TimerEvent: {}
[37.782915] (-) TimerEvent: {}
[37.883076] (-) TimerEvent: {}
[37.983325] (-) TimerEvent: {}
[38.083569] (-) TimerEvent: {}
[38.183813] (-) TimerEvent: {}
[38.284154] (-) TimerEvent: {}
[38.384583] (-) TimerEvent: {}
[38.485008] (-) TimerEvent: {}
[38.585389] (-) TimerEvent: {}
[38.685626] (-) TimerEvent: {}
[38.785900] (-) TimerEvent: {}
[38.886174] (-) TimerEvent: {}
[38.986457] (-) TimerEvent: {}
[39.086670] (-) TimerEvent: {}
[39.186888] (-) TimerEvent: {}
[39.287072] (-) TimerEvent: {}
[39.387295] (-) TimerEvent: {}
[39.487553] (-) TimerEvent: {}
[39.587780] (-) TimerEvent: {}
[39.687986] (-) TimerEvent: {}
[39.788244] (-) TimerEvent: {}
[39.888466] (-) TimerEvent: {}
[39.988699] (-) TimerEvent: {}
[40.088917] (-) TimerEvent: {}
[40.189164] (-) TimerEvent: {}
[40.289408] (-) TimerEvent: {}
[40.389673] (-) TimerEvent: {}
[40.489889] (-) TimerEvent: {}
[40.590069] (-) TimerEvent: {}
[40.690286] (-) TimerEvent: {}
[40.790629] (-) TimerEvent: {}
[40.890904] (-) TimerEvent: {}
[40.991129] (-) TimerEvent: {}
[41.091324] (-) TimerEvent: {}
[41.191511] (-) TimerEvent: {}
[41.291733] (-) TimerEvent: {}
[41.391991] (-) TimerEvent: {}
[41.492263] (-) TimerEvent: {}
[41.592518] (-) TimerEvent: {}
[41.692695] (-) TimerEvent: {}
[41.792888] (-) TimerEvent: {}
[41.893075] (-) TimerEvent: {}
[41.993219] (-) TimerEvent: {}
[42.093416] (-) TimerEvent: {}
[42.193635] (-) TimerEvent: {}
[42.293824] (-) TimerEvent: {}
[42.394016] (-) TimerEvent: {}
[42.494233] (-) TimerEvent: {}
[42.594448] (-) TimerEvent: {}
[42.694613] (-) TimerEvent: {}
[42.794783] (-) TimerEvent: {}
[42.894979] (-) TimerEvent: {}
[42.995189] (-) TimerEvent: {}
[43.095476] (-) TimerEvent: {}
[43.195762] (-) TimerEvent: {}
[43.295952] (-) TimerEvent: {}
[43.396141] (-) TimerEvent: {}
[43.509259] (-) TimerEvent: {}
[43.609554] (-) TimerEvent: {}
[43.709710] (-) TimerEvent: {}
[43.809879] (-) TimerEvent: {}
[43.910078] (-) TimerEvent: {}
[44.010335] (-) TimerEvent: {}
[44.110581] (-) TimerEvent: {}
[44.210804] (-) TimerEvent: {}
[44.311018] (-) TimerEvent: {}
[44.411235] (-) TimerEvent: {}
[44.511475] (-) TimerEvent: {}
[44.611727] (-) TimerEvent: {}
[44.711967] (-) TimerEvent: {}
[44.812197] (-) TimerEvent: {}
[44.912387] (-) TimerEvent: {}
[45.012583] (-) TimerEvent: {}
[45.112781] (-) TimerEvent: {}
[45.212983] (-) TimerEvent: {}
[45.313230] (-) TimerEvent: {}
[45.413466] (-) TimerEvent: {}
[45.513709] (-) TimerEvent: {}
[45.613967] (-) TimerEvent: {}
[45.714221] (-) TimerEvent: {}
[45.814444] (-) TimerEvent: {}
[45.914676] (-) TimerEvent: {}
[46.014874] (-) TimerEvent: {}
[46.115070] (-) TimerEvent: {}
[46.215314] (-) TimerEvent: {}
[46.315634] (-) TimerEvent: {}
[46.415914] (-) TimerEvent: {}
[46.516148] (-) TimerEvent: {}
[46.616397] (-) TimerEvent: {}
[46.691506] (mission_layer_mvibot) StdoutLine: {'line': b'[100%] \x1b[32m\x1b[1mLinking CXX executable mvibot_mission\x1b[0m\n'}
[46.716498] (-) TimerEvent: {}
[46.816777] (-) TimerEvent: {}
[46.917027] (-) TimerEvent: {}
[47.017324] (-) TimerEvent: {}
[47.117633] (-) TimerEvent: {}
[47.217963] (-) TimerEvent: {}
[47.318277] (-) TimerEvent: {}
[47.418624] (-) TimerEvent: {}
[47.519015] (-) TimerEvent: {}
[47.619457] (-) TimerEvent: {}
[47.720081] (-) TimerEvent: {}
[47.820506] (-) TimerEvent: {}
[47.920797] (-) TimerEvent: {}
[48.021132] (-) TimerEvent: {}
[48.121473] (-) TimerEvent: {}
[48.221756] (-) TimerEvent: {}
[48.322102] (-) TimerEvent: {}
[48.422363] (-) TimerEvent: {}
[48.522590] (-) TimerEvent: {}
[48.622892] (-) TimerEvent: {}
[48.723165] (-) TimerEvent: {}
[48.823366] (-) TimerEvent: {}
[48.923595] (-) TimerEvent: {}
[49.023805] (-) TimerEvent: {}
[49.123998] (-) TimerEvent: {}
[49.144467] (mission_layer_mvibot) StdoutLine: {'line': b'[100%] Built target mvibot_mission\n'}
[49.155136] (mission_layer_mvibot) CommandEnded: {'returncode': 0}
[49.155775] (mission_layer_mvibot) JobProgress: {'identifier': 'mission_layer_mvibot', 'progress': 'install'}
[49.164854] (mission_layer_mvibot) Command: {'cmd': ['/usr/bin/cmake', '--install', '/home/mvibot/floorCleaningRobot_ws/build/mission_layer_mvibot'], 'cwd': '/home/mvibot/floorCleaningRobot_ws/build/mission_layer_mvibot', 'env': OrderedDict({'LESSOPEN': '| /usr/bin/lesspipe %s', 'USER': 'mvibot', 'LC_TIME': 'vi_VN', 'GZ_CONFIG_PATH': '/opt/ros/jazzy/opt/gz_sim_vendor/share/gz:/opt/ros/jazzy/opt/sdformat_vendor/share/gz:/opt/ros/jazzy/opt/gz_gui_vendor/share/gz:/opt/ros/jazzy/opt/gz_transport_vendor/share/gz:/opt/ros/jazzy/opt/gz_rendering_vendor/share/gz:/opt/ros/jazzy/opt/gz_plugin_vendor/share/gz:/opt/ros/jazzy/opt/gz_fuel_tools_vendor/share/gz:/opt/ros/jazzy/opt/gz_msgs_vendor/share/gz:/opt/ros/jazzy/opt/gz_common_vendor/share/gz', 'XDG_SESSION_TYPE': 'wayland', 'CLUTTER_DISABLE_MIPMAPPED_TEXT': '1', 'SHLVL': '1', 'LD_LIBRARY_PATH': '/home/mvibot/floorCleaningRobot_ws/install/opennav_coverage_msgs/lib:/home/mvibot/floorCleaningRobot_ws/install/tf2_web_republisher/lib:/home/mvibot/floorCleaningRobot_ws/install/tf2_web_republisher_interfaces/lib:/home/mvibot/floorCleaningRobot_ws/install/realsense2_camera/lib:/home/mvibot/floorCleaningRobot_ws/install/realsense2_camera_msgs/lib:/home/mvibot/floorCleaningRobot_ws/install/pointcloud_to_laserscan/lib:/home/mvibot/floorCleaningRobot_ws/install/opennav_row_coverage/lib:/home/mvibot/floorCleaningRobot_ws/install/opennav_coverage_navigator/lib:/home/mvibot/floorCleaningRobot_ws/install/opennav_coverage_bt/lib:/home/mvibot/floorCleaningRobot_ws/install/opennav_coverage/lib:/home/mvibot/floorCleaningRobot_ws/install/fields2cover/lib:/opt/ros/jazzy/opt/gz_sim_vendor/lib:/opt/ros/jazzy/opt/gz_sensors_vendor/lib:/opt/ros/jazzy/opt/gz_physics_vendor/lib:/opt/ros/jazzy/opt/sdformat_vendor/lib:/opt/ros/jazzy/opt/rviz_ogre_vendor/lib:/opt/ros/jazzy/lib/x86_64-linux-gnu:/opt/ros/jazzy/opt/ortools_vendor/lib:/opt/ros/jazzy/opt/gz_gui_vendor/lib:/opt/ros/jazzy/opt/gz_transport_vendor/lib:/opt/ros/jazzy/opt/gz_rendering_vendor/lib:/opt/ros/jazzy/opt/gz_plugin_vendor/lib:/opt/ros/jazzy/opt/gz_fuel_tools_vendor/lib:/opt/ros/jazzy/opt/gz_msgs_vendor/lib:/opt/ros/jazzy/opt/gz_common_vendor/lib:/opt/ros/jazzy/opt/gz_math_vendor/lib:/opt/ros/jazzy/opt/gz_utils_vendor/lib:/opt/ros/jazzy/opt/gz_tools_vendor/lib:/opt/ros/jazzy/opt/gz_ogre_next_vendor/lib:/opt/ros/jazzy/opt/gz_dartsim_vendor/lib:/opt/ros/jazzy/opt/gz_cmake_vendor/lib:/opt/ros/jazzy/lib', 'HOME': '/home/mvibot', 'DESKTOP_SESSION': 'ubuntu', 'ROS_PYTHON_VERSION': '3', 'GNOME_SHELL_SESSION_MODE': 'ubuntu', 'GTK_MODULES': 'gail:atk-bridge', 'LC_MONETARY': 'vi_VN', 'SYSTEMD_EXEC_PID': '2889', 'GSM_SKIP_SSH_AGENT_WORKAROUND': 'true', 'DBUS_SESSION_BUS_ADDRESS': 'unix:path=/run/user/1001/bus', 'COLORTERM': 'truecolor', 'DEBUGINFOD_URLS': 'https://debuginfod.ubuntu.com', 'IM_CONFIG_PHASE': '1', 'WAYLAND_DISPLAY': 'wayland-0', 'COLCON_PREFIX_PATH': '/home/mvibot/floorCleaningRobot_ws/install', 'ROS_DISTRO': 'jazzy', 'LOGNAME': 'mvibot', '_': '/usr/bin/colcon', 'ROS_VERSION': '2', 'PKG_CONFIG_PATH': '/home/mvibot/floorCleaningRobot_ws/install/fields2cover/lib/x86_64-linux-gnu/pkgconfig:/home/mvibot/floorCleaningRobot_ws/install/fields2cover/lib/pkgconfig', 'MEMORY_PRESSURE_WATCH': '/sys/fs/cgroup/user.slice/user-1001.slice/user@1001.service/session.slice/org.gnome.Shell@wayland.service/memory.pressure', 'XDG_SESSION_CLASS': 'user', 'USERNAME': 'mvibot', 'TERM': 'xterm-256color', 'GNOME_DESKTOP_SESSION_ID': 'this-is-deprecated', 'PATH': '/opt/ros/jazzy/opt/ortools_vendor/bin:/opt/ros/jazzy/opt/gz_msgs_vendor/bin:/opt/ros/jazzy/opt/gz_tools_vendor/bin:/opt/ros/jazzy/opt/gz_ogre_next_vendor/bin:/opt/ros/jazzy/bin:/usr/local/sbin:/usr/local/bin:/usr/sbin:/usr/bin:/sbin:/bin:/usr/games:/usr/local/games:/snap/bin:/snap/bin', 'SESSION_MANAGER': 'local/king-mvibot:@/tmp/.ICE-unix/2852,unix/king-mvibot:/tmp/.ICE-unix/2852', 'XDG_MENU_PREFIX': 'gnome-', 'LC_ADDRESS': 'vi_VN', 'GNOME_TERMINAL_SCREEN': '/org/gnome/Terminal/screen/dd5d5332_6ec0_49af_b88d_2691b00e59db', 'GNOME_SETUP_DISPLAY': ':1', 'XDG_RUNTIME_DIR': '/run/user/1001', 'DISPLAY': ':0', 'LANG': 'en_US.UTF-8', 'XDG_CURRENT_DESKTOP': 'ubuntu:GNOME', 'LC_TELEPHONE': 'vi_VN', 'RMW_IMPLEMENTATION': 'rmw_fastrtps_cpp', 'XMODIFIERS': '@im=ibus', 'XDG_SESSION_DESKTOP': 'ubuntu', 'XAUTHORITY': '/run/user/1001/.mutter-Xwaylandauth.8T3CG3', 'LS_COLORS': 'rs=0:di=01;34:ln=01;36:mh=00:pi=40;33:so=01;35:do=01;35:bd=40;33;01:cd=40;33;01:or=40;31;01:mi=00:su=37;41:sg=30;43:ca=00:tw=30;42:ow=34;42:st=37;44:ex=01;32:*.tar=01;31:*.tgz=01;31:*.arc=01;31:*.arj=01;31:*.taz=01;31:*.lha=01;31:*.lz4=01;31:*.lzh=01;31:*.lzma=01;31:*.tlz=01;31:*.txz=01;31:*.tzo=01;31:*.t7z=01;31:*.zip=01;31:*.z=01;31:*.dz=01;31:*.gz=01;31:*.lrz=01;31:*.lz=01;31:*.lzo=01;31:*.xz=01;31:*.zst=01;31:*.tzst=01;31:*.bz2=01;31:*.bz=01;31:*.tbz=01;31:*.tbz2=01;31:*.tz=01;31:*.deb=01;31:*.rpm=01;31:*.jar=01;31:*.war=01;31:*.ear=01;31:*.sar=01;31:*.rar=01;31:*.alz=01;31:*.ace=01;31:*.zoo=01;31:*.cpio=01;31:*.7z=01;31:*.rz=01;31:*.cab=01;31:*.wim=01;31:*.swm=01;31:*.dwm=01;31:*.esd=01;31:*.avif=01;35:*.jpg=01;35:*.jpeg=01;35:*.mjpg=01;35:*.mjpeg=01;35:*.gif=01;35:*.bmp=01;35:*.pbm=01;35:*.pgm=01;35:*.ppm=01;35:*.tga=01;35:*.xbm=01;35:*.xpm=01;35:*.tif=01;35:*.tiff=01;35:*.png=01;35:*.svg=01;35:*.svgz=01;35:*.mng=01;35:*.pcx=01;35:*.mov=01;35:*.mpg=01;35:*.mpeg=01;35:*.m2v=01;35:*.mkv=01;35:*.webm=01;35:*.webp=01;35:*.ogm=01;35:*.mp4=01;35:*.m4v=01;35:*.mp4v=01;35:*.vob=01;35:*.qt=01;35:*.nuv=01;35:*.wmv=01;35:*.asf=01;35:*.rm=01;35:*.rmvb=01;35:*.flc=01;35:*.avi=01;35:*.fli=01;35:*.flv=01;35:*.gl=01;35:*.dl=01;35:*.xcf=01;35:*.xwd=01;35:*.yuv=01;35:*.cgm=01;35:*.emf=01;35:*.ogv=01;35:*.ogx=01;35:*.aac=00;36:*.au=00;36:*.flac=00;36:*.m4a=00;36:*.mid=00;36:*.midi=00;36:*.mka=00;36:*.mp3=00;36:*.mpc=00;36:*.ogg=00;36:*.ra=00;36:*.wav=00;36:*.oga=00;36:*.opus=00;36:*.spx=00;36:*.xspf=00;36:*~=00;90:*#=00;90:*.bak=00;90:*.crdownload=00;90:*.dpkg-dist=00;90:*.dpkg-new=00;90:*.dpkg-old=00;90:*.dpkg-tmp=00;90:*.old=00;90:*.orig=00;90:*.part=00;90:*.rej=00;90:*.rpmnew=00;90:*.rpmorig=00;90:*.rpmsave=00;90:*.swp=00;90:*.tmp=00;90:*.ucf-dist=00;90:*.ucf-new=00;90:*.ucf-old=00;90:', 'GNOME_TERMINAL_SERVICE': ':1.133', 'SSH_AUTH_SOCK': '/run/user/1001/keyring/ssh', 'ROS_DOMAIN_ID': '11', 'AMENT_PREFIX_PATH': '/home/mvibot/floorCleaningRobot_ws/install/tf2_web_republisher:/home/mvibot/floorCleaningRobot_ws/install/tf2_web_republisher_interfaces:/home/mvibot/floorCleaningRobot_ws/install/sllidar_ros2:/home/mvibot/floorCleaningRobot_ws/install/realsense2_description:/home/mvibot/floorCleaningRobot_ws/install/realsense2_camera:/home/mvibot/floorCleaningRobot_ws/install/realsense2_camera_msgs:/home/mvibot/floorCleaningRobot_ws/install/pointcloud_to_laserscan:/home/mvibot/floorCleaningRobot_ws/install/opennav_coverage_demo:/home/mvibot/floorCleaningRobot_ws/install/opennav_row_coverage:/home/mvibot/floorCleaningRobot_ws/install/opennav_coverage_navigator:/home/mvibot/floorCleaningRobot_ws/install/opennav_coverage_bt:/home/mvibot/floorCleaningRobot_ws/install/opennav_coverage:/home/mvibot/floorCleaningRobot_ws/install/mission_layer_mvibot:/home/mvibot/floorCleaningRobot_ws/install/opennav_coverage_msgs:/home/mvibot/floorCleaningRobot_ws/install/lower_layer_mvibot:/home/mvibot/floorCleaningRobot_ws/install/ira_laser_tools:/home/mvibot/floorCleaningRobot_ws/install/higher_layer_mvibot:/opt/ros/jazzy', 'SHELL': '/bin/bash', 'LC_NAME': 'vi_VN', 'QT_ACCESSIBILITY': '1', 'GDMSESSION': 'ubuntu', 'LESSCLOSE': '/usr/bin/lesspipe %s %s', 'LC_MEASUREMENT': 'vi_VN', 'LC_IDENTIFICATION': 'vi_VN', 'ROS_AUTOMATIC_DISCOVERY_RANGE': 'SUBNET', 'QT_IM_MODULE': 'ibus', 'PWD': '/home/mvibot/floorCleaningRobot_ws/build/mission_layer_mvibot', 'LC_ALL': 'en_US.UTF-8', 'XDG_CONFIG_DIRS': '/etc/xdg/xdg-ubuntu:/etc/xdg', 'XDG_DATA_DIRS': '/usr/share/ubuntu:/usr/share/gnome:/usr/local/share/:/usr/share/:/var/lib/snapd/desktop', 'PYTHONPATH': '/home/mvibot/floorCleaningRobot_ws/install/opennav_coverage_msgs/lib/python3.12/site-packages:/home/mvibot/floorCleaningRobot_ws/install/tf2_web_republisher_interfaces/lib/python3.12/site-packages:/home/mvibot/floorCleaningRobot_ws/install/realsense2_camera_msgs/lib/python3.12/site-packages:/home/mvibot/floorCleaningRobot_ws/build/opennav_coverage_demo:/home/mvibot/floorCleaningRobot_ws/install/opennav_coverage_demo/lib/python3.12/site-packages:/opt/ros/jazzy/lib/python3.12/site-packages', 'LC_NUMERIC': 'vi_VN', 'LC_PAPER': 'vi_VN', 'COLCON': '1', 'MEMORY_PRESSURE_WRITE': 'c29tZSAyMDAwMDAgMjAwMDAwMAA=', 'VTE_VERSION': '7600', 'CMAKE_PREFIX_PATH': '/home/mvibot/floorCleaningRobot_ws/install/opennav_coverage_msgs:/home/mvibot/floorCleaningRobot_ws/install/tf2_web_republisher:/home/mvibot/floorCleaningRobot_ws/install/tf2_web_republisher_interfaces:/home/mvibot/floorCleaningRobot_ws/install/sllidar_ros2:/home/mvibot/floorCleaningRobot_ws/install/realsense2_description:/home/mvibot/floorCleaningRobot_ws/install/realsense2_camera:/home/mvibot/floorCleaningRobot_ws/install/realsense2_camera_msgs:/home/mvibot/floorCleaningRobot_ws/install/pointcloud_to_laserscan:/home/mvibot/floorCleaningRobot_ws/install/opennav_row_coverage:/home/mvibot/floorCleaningRobot_ws/install/opennav_coverage_navigator:/home/mvibot/floorCleaningRobot_ws/install/opennav_coverage_bt:/home/mvibot/floorCleaningRobot_ws/install/opennav_coverage:/home/mvibot/floorCleaningRobot_ws/install/mission_layer_mvibot:/home/mvibot/floorCleaningRobot_ws/install/lower_layer_mvibot:/home/mvibot/floorCleaningRobot_ws/install/ira_laser_tools:/home/mvibot/floorCleaningRobot_ws/install/higher_layer_mvibot:/home/mvibot/floorCleaningRobot_ws/install/fields2cover:/opt/ros/jazzy/opt/gz_sim_vendor:/opt/ros/jazzy/opt/gz_sensors_vendor:/opt/ros/jazzy/opt/gz_physics_vendor:/opt/ros/jazzy/opt/sdformat_vendor:/opt/ros/jazzy/opt/gz_gui_vendor:/opt/ros/jazzy/opt/gz_transport_vendor:/opt/ros/jazzy/opt/gz_rendering_vendor:/opt/ros/jazzy/opt/gz_plugin_vendor:/opt/ros/jazzy/opt/gz_fuel_tools_vendor:/opt/ros/jazzy/opt/gz_msgs_vendor:/opt/ros/jazzy/opt/gz_common_vendor:/opt/ros/jazzy/opt/gz_math_vendor:/opt/ros/jazzy/opt/gz_utils_vendor:/opt/ros/jazzy/opt/gz_tools_vendor:/opt/ros/jazzy/opt/gz_ogre_next_vendor:/opt/ros/jazzy/opt/gz_dartsim_vendor:/opt/ros/jazzy/opt/gz_cmake_vendor:/home/mvibot/floorCleaningRobot_ws/install/opennav_coverage_demo:/opt/ros/jazzy'}), 'shell': False}
[49.172868] (mission_layer_mvibot) StdoutLine: {'line': b'-- Install configuration: ""\n'}
[49.173326] (mission_layer_mvibot) StdoutLine: {'line': b'-- Execute custom install script\n'}
[49.173737] (mission_layer_mvibot) StdoutLine: {'line': b'-- Up-to-date symlink: /home/mvibot/floorCleaningRobot_ws/install/mission_layer_mvibot/share/mission_layer_mvibot//launch/mvibot_amcl_launch.py\n'}
[49.173843] (mission_layer_mvibot) StdoutLine: {'line': b'-- Up-to-date symlink: /home/mvibot/floorCleaningRobot_ws/install/mission_layer_mvibot/share/mission_layer_mvibot//launch/mvibot_behavior_launch.py\n'}
[49.173957] (mission_layer_mvibot) StdoutLine: {'line': b'-- Up-to-date symlink: /home/mvibot/floorCleaningRobot_ws/install/mission_layer_mvibot/share/mission_layer_mvibot//launch/mvibot_bt_navigator_launch.py\n'}
[49.174088] (mission_layer_mvibot) StdoutLine: {'line': b'-- Up-to-date symlink: /home/mvibot/floorCleaningRobot_ws/install/mission_layer_mvibot/share/mission_layer_mvibot//launch/mvibot_collision_monitor_launch.py\n'}
[49.174204] (mission_layer_mvibot) StdoutLine: {'line': b'-- Up-to-date symlink: /home/mvibot/floorCleaningRobot_ws/install/mission_layer_mvibot/share/mission_layer_mvibot//launch/mvibot_controller_launch.py\n'}
[49.174305] (mission_layer_mvibot) StdoutLine: {'line': b'-- Up-to-date symlink: /home/mvibot/floorCleaningRobot_ws/install/mission_layer_mvibot/share/mission_layer_mvibot//launch/mvibot_lifecycle_manager_navigation_launch.py\n'}
[49.174414] (mission_layer_mvibot) StdoutLine: {'line': b'-- Up-to-date symlink: /home/mvibot/floorCleaningRobot_ws/install/mission_layer_mvibot/share/mission_layer_mvibot//launch/mvibot_manage_mission_launch.py\n'}
[49.174522] (mission_layer_mvibot) StdoutLine: {'line': b'-- Up-to-date symlink: /home/mvibot/floorCleaningRobot_ws/install/mission_layer_mvibot/share/mission_layer_mvibot//launch/mvibot_mission_launch.py\n'}
[49.174626] (mission_layer_mvibot) StdoutLine: {'line': b'-- Up-to-date symlink: /home/mvibot/floorCleaningRobot_ws/install/mission_layer_mvibot/share/mission_layer_mvibot//launch/mvibot_navigation_launch.py\n'}
[49.174726] (mission_layer_mvibot) StdoutLine: {'line': b'-- Up-to-date symlink: /home/mvibot/floorCleaningRobot_ws/install/mission_layer_mvibot/share/mission_layer_mvibot//launch/mvibot_opennav_coverage_launch.py\n'}
[49.174829] (mission_layer_mvibot) StdoutLine: {'line': b'-- Up-to-date symlink: /home/mvibot/floorCleaningRobot_ws/install/mission_layer_mvibot/share/mission_layer_mvibot//launch/mvibot_planner_launch.py\n'}
[49.174929] (mission_layer_mvibot) StdoutLine: {'line': b'-- Up-to-date symlink: /home/mvibot/floorCleaningRobot_ws/install/mission_layer_mvibot/share/mission_layer_mvibot//launch/mvibot_smoother_launch.py\n'}
[49.175031] (mission_layer_mvibot) StdoutLine: {'line': b'-- Up-to-date symlink: /home/mvibot/floorCleaningRobot_ws/install/mission_layer_mvibot/share/mission_layer_mvibot//launch/mvibot_velocity_smoother_launch.py\n'}
[49.175144] (mission_layer_mvibot) StdoutLine: {'line': b'-- Up-to-date symlink: /home/mvibot/floorCleaningRobot_ws/install/mission_layer_mvibot/share/mission_layer_mvibot//launch/mvibot_waypoint_follower_launch.py\n'}
[49.175381] (mission_layer_mvibot) StdoutLine: {'line': b'-- Up-to-date symlink: /home/mvibot/floorCleaningRobot_ws/install/mission_layer_mvibot/lib/mission_layer_mvibot/mvibot_mission\n'}
[49.175554] (mission_layer_mvibot) StdoutLine: {'line': b'-- Up-to-date symlink: /home/mvibot/floorCleaningRobot_ws/install/mission_layer_mvibot/share/ament_index/resource_index/package_run_dependencies/mission_layer_mvibot\n'}
[49.175725] (mission_layer_mvibot) StdoutLine: {'line': b'-- Up-to-date symlink: /home/mvibot/floorCleaningRobot_ws/install/mission_layer_mvibot/share/ament_index/resource_index/parent_prefix_path/mission_layer_mvibot\n'}
[49.175878] (mission_layer_mvibot) StdoutLine: {'line': b'-- Up-to-date symlink: /home/mvibot/floorCleaningRobot_ws/install/mission_layer_mvibot/share/mission_layer_mvibot/environment/ament_prefix_path.sh\n'}
[49.176039] (mission_layer_mvibot) StdoutLine: {'line': b'-- Up-to-date symlink: /home/mvibot/floorCleaningRobot_ws/install/mission_layer_mvibot/share/mission_layer_mvibot/environment/ament_prefix_path.dsv\n'}
[49.176202] (mission_layer_mvibot) StdoutLine: {'line': b'-- Up-to-date symlink: /home/mvibot/floorCleaningRobot_ws/install/mission_layer_mvibot/share/mission_layer_mvibot/environment/path.sh\n'}
[49.176369] (mission_layer_mvibot) StdoutLine: {'line': b'-- Up-to-date symlink: /home/mvibot/floorCleaningRobot_ws/install/mission_layer_mvibot/share/mission_layer_mvibot/environment/path.dsv\n'}
[49.176502] (mission_layer_mvibot) StdoutLine: {'line': b'-- Up-to-date symlink: /home/mvibot/floorCleaningRobot_ws/install/mission_layer_mvibot/share/mission_layer_mvibot/local_setup.bash\n'}
[49.176652] (mission_layer_mvibot) StdoutLine: {'line': b'-- Up-to-date symlink: /home/mvibot/floorCleaningRobot_ws/install/mission_layer_mvibot/share/mission_layer_mvibot/local_setup.sh\n'}
[49.176794] (mission_layer_mvibot) StdoutLine: {'line': b'-- Up-to-date symlink: /home/mvibot/floorCleaningRobot_ws/install/mission_layer_mvibot/share/mission_layer_mvibot/local_setup.zsh\n'}
[49.176943] (mission_layer_mvibot) StdoutLine: {'line': b'-- Up-to-date symlink: /home/mvibot/floorCleaningRobot_ws/install/mission_layer_mvibot/share/mission_layer_mvibot/local_setup.dsv\n'}
[49.177070] (mission_layer_mvibot) StdoutLine: {'line': b'-- Symlinking: /home/mvibot/floorCleaningRobot_ws/install/mission_layer_mvibot/share/mission_layer_mvibot/package.dsv\n'}
[49.186526] (mission_layer_mvibot) StdoutLine: {'line': b'-- Up-to-date symlink: /home/mvibot/floorCleaningRobot_ws/install/mission_layer_mvibot/share/ament_index/resource_index/packages/mission_layer_mvibot\n'}
[49.186730] (mission_layer_mvibot) StdoutLine: {'line': b'-- Up-to-date symlink: /home/mvibot/floorCleaningRobot_ws/install/mission_layer_mvibot/share/mission_layer_mvibot/cmake/mission_layer_mvibotConfig.cmake\n'}
[49.186844] (mission_layer_mvibot) StdoutLine: {'line': b'-- Up-to-date symlink: /home/mvibot/floorCleaningRobot_ws/install/mission_layer_mvibot/share/mission_layer_mvibot/cmake/mission_layer_mvibotConfig-version.cmake\n'}
[49.186944] (mission_layer_mvibot) StdoutLine: {'line': b'-- Up-to-date symlink: /home/mvibot/floorCleaningRobot_ws/install/mission_layer_mvibot/share/mission_layer_mvibot/package.xml\n'}
[49.188463] (mission_layer_mvibot) CommandEnded: {'returncode': 0}
[49.202528] (mission_layer_mvibot) JobEnded: {'identifier': 'mission_layer_mvibot', 'rc': 0}
[49.203417] (-) EventReactorShutdown: {}
